patient,time,label,epoch,EEG-Fz,EEG-0,EEG-1,EEG-2,EEG-3,EEG-4,EEG-5,EEG-C3,EEG-6,EEG-Cz,EEG-7,EEG-C4,EEG-8,EEG-9,EEG-10,EEG-11,EEG-12,EEG-13,EEG-14,EEG-Pz,EEG-15,EEG-16
1,0.000000,left,1,0.04832565,1.21386600,0.54742038,-0.49729067,0.29476550,-1.82838726,-1.24878073,0.23244688,-0.56888092,0.56511521,0.57402194,-1.34271514,-0.48029310,0.55344015,0.43400463,1.57550299,0.36531079,-0.22019801,-1.13369119,1.33041942,-0.88631529,1.81269097
1,0.004000,left,1,0.12335148,-0.89377171,0.39908230,0.18055268,-0.30413231,-0.01958507,0.24849044,0.71635664,-2.96434760,-0.73002410,0.87903255,0.97624046,1.08983803,0.88377035,-0.30723336,-0.78516489,1.75630987,-0.46843117,0.95610565,-0.64833170,0.23874910,-0.15347239
1,0.008000,left,1,-0.00420410,1.59569371,-0.42414993,-0.15955561,1.46710443,-1.34139216,-0.08713655,0.12086298,1.25979459,0.82845092,-0.89308494,0.58372468,-0.11785194,-1.93369162,0.37651187,-1.17546141,-0.49363896,-0.75408465,-1.48449802,-0.72712547,0.20863749,-1.08343208
1,0.012000,left,1,0.27395046,1.55851901,-0.56158799,-0.11047676,-1.70132172,-1.98078585,0.69436520,-0.26513171,1.84807324,-0.09161755,-2.75073504,-0.75855988,0.77970803,0.53816926,-0.20820092,1.12308764,0.78211343,-0.39610916,1.18003190,-0.00964619,0.61674029,-0.49754465
1,0.016000,left,1,-0.73066318,2.34320879,-1.44049883,-1.10037160,1.14697492,-0.66451705,-0.91641384,-0.37399691,-0.24066952,1.37283289,-1.85842836,-0.32125285,1.08341670,1.26673484,-0.38142687,-0.27069393,0.64447296,-0.52449864,-0.75717449,0.50909203,0.71103024,0.14450419
1,0.020000,left,1,1.73848164,1.20133257,1.83663082,0.68027306,0.18409915,-1.18505323,-0.11041442,0.45036817,0.56858414,-0.27409506,0.53692883,0.27761033,-0.82294458,-0.31424925,1.64698863,0.93549848,1.05426884,-1.34185910,-0.88384157,0.10402001,0.80037040,-0.46020499
1,0.024000,left,1,-1.10536766,-0.76302230,-1.04711127,3.20641685,-1.31088006,0.03022752,-0.52020615,1.43273830,0.28486797,-0.42425367,1.07298064,-0.04815976,1.04532552,0.81518126,-1.14524627,-1.26967680,-1.19194257,0.44060761,-0.64361018,-0.42041537,-0.71814704,0.66201311
1,0.028000,left,1,0.05101356,-0.53741956,-0.47719952,0.07259899,0.02389206,-0.42231885,0.64990240,1.04990101,1.20458031,-1.96870184,-0.19612306,-0.12061415,0.90355015,-0.30334246,0.16768986,-0.66152394,-0.30490378,0.19253330,0.70940161,-0.05022515,0.82702976,0.49491271
1,0.032000,left,1,1.61587572,0.99486554,-1.59329641,2.42546582,0.01319775,-0.91708916,-0.92708373,-1.46518993,-0.25540283,0.66785234,0.41223863,-0.37904108,-1.33439171,0.14191934,-1.40616453,0.34533522,0.62645906,-1.71650803,0.68770641,1.27005959,0.42818087,-0.07978444
1,0.036000,left,1,0.43200225,0.12711111,-2.27255821,0.49690691,0.76170522,-0.72590691,1.84661400,-0.72629851,0.85654896,1.91349399,0.74985844,-2.30920911,0.79269826,0.25887334,-1.51326191,-0.00929036,0.88554156,0.11139127,-1.07874465,-0.95476842,0.52742577,0.37937805
1,0.040000,left,1,0.37824929,1.17109478,1.96460319,0.77886355,-0.44303438,-1.34180474,0.03694234,0.15541580,-0.71981603,0.82657409,0.12300854,0.39175230,0.51021212,-0.66191894,-2.20395088,-0.60559762,-0.16312024,-0.09869139,-0.01646318,0.01472930,-0.33566681,-1.41383851
1,0.044000,left,1,-0.06600435,-1.80699861,1.12890565,-0.48940647,-1.87335420,0.79692441,-0.71956742,0.82438570,0.93285495,-0.05185145,0.83949292,0.15672892,0.96036220,1.00213361,-1.71325922,0.17627294,-0.84046799,0.53535104,0.13326868,1.60452211,-0.45274821,-0.61562347
1,0.048000,left,1,-0.12786987,-1.24773097,1.33227074,-0.43814978,0.33235484,-1.34954739,0.36145815,1.30802190,-1.15568471,0.74962789,-1.92311931,-0.55266070,1.61731541,1.74989843,-0.42839989,0.68914151,0.80594283,-0.90179503,-0.42284432,-0.83884561,-1.93756700,-2.08577132
1,0.052000,left,1,1.09594440,-0.49550277,-0.57609081,-1.08383548,0.46795285,-0.40845001,-0.62487906,0.57455295,0.11629332,0.47587496,0.34918383,-0.33995348,0.14364706,-0.90862894,0.56895161,-0.35824901,1.80212438,-0.69323158,-0.60697573,-0.24675691,0.33844224,1.72386801
1,0.056000,left,1,2.03689098,-0.90959013,-1.19121420,-0.45874509,-0.78471059,-0.84041345,1.53676808,-1.10531294,-0.81141639,1.96254301,-1.14357102,-1.05968642,1.29120874,-0.57639968,-0.40620285,-0.24227788,-0.85746622,1.38949120,0.59924704,-0.03153029,-0.32836008,-1.09031987
1,0.060000,left,1,0.45840359,0.06864615,-0.81711876,-0.46474904,0.44937301,0.14292130,0.16954349,-0.52654111,-0.65471208,-0.39088494,-0.24723744,-0.25063330,0.53765655,-0.76778311,-0.00138176,-0.70643741,1.46461475,-1.10056388,-0.07981782,1.24507689,0.58412266,-1.29187965
1,0.064000,left,1,-0.63038111,0.23619564,-1.02877951,-0.44228962,1.20615482,-0.10965595,-1.26164508,-0.56350130,-1.77478814,-0.57312500,0.93785906,-0.78687423,1.20465469,-0.34035221,0.69846767,1.42278051,0.38629857,1.08626091,1.95222616,0.51976573,-0.23375764,-0.33325350
1,0.068000,left,1,-0.84360522,1.01388836,-1.78768373,-0.14422947,-0.10598473,0.42246261,-0.97956663,0.35957384,0.48051062,1.67306387,-0.97343934,0.78656548,-0.16164212,-1.28186917,-0.31806272,0.18246591,-0.73530668,1.16139340,-2.24058485,0.68731636,-1.27909160,-0.49564722
1,0.072000,left,1,1.59112453,-0.05440255,-0.27352250,0.17325468,1.28550720,0.15407023,1.09730864,2.22373033,1.05155087,0.25180194,0.76501095,0.71670246,-1.73199475,-0.88264245,-1.05914783,-1.86385274,0.61323154,0.66703409,-0.73788917,1.93525255,-0.55686581,0.43151391
1,0.076000,left,1,-0.61541104,0.53965288,-1.14309418,1.27391613,0.75966299,0.90876710,1.73632061,0.55048209,0.70145768,-0.88520712,0.20605296,1.43276417,1.92847896,0.40996015,-0.40395159,-0.75161898,0.21963145,-0.69874299,0.51044309,1.62132668,-0.54469007,-0.45422050
1,0.080000,left,1,-0.18667859,0.75446498,-0.88437045,-0.64556926,-0.22285575,-0.59643394,1.41473722,-0.35046494,-1.21423578,-0.76500195,0.77635163,0.06906275,0.30813283,-2.26314712,-0.30743554,1.17070436,-0.38870484,-0.21701178,0.69916999,-0.35680503,0.44477692,-0.07525477
1,0.084000,left,1,-0.90291852,-1.68324280,0.20050620,1.35462785,-1.06371748,1.10203469,-2.15581059,-0.38987124,0.45698443,-0.16332538,0.15199955,0.60338342,0.91609609,1.43448055,-0.05164759,-0.77659363,0.58272988,-1.16024661,-1.14173543,-0.30658865,1.09686828,0.40122572
1,0.088000,left,1,-0.76275134,0.73815006,-0.41207185,-0.14067757,0.03182406,-1.18923986,-2.77351856,-0.56911111,0.57488585,0.94526792,1.12596297,1.02958775,-1.94705212,-0.26243192,-1.82644022,-0.98305166,1.06064022,-0.81088716,-0.53689098,-1.14925063,0.79622543,-1.61369574
1,0.092000,left,1,-0.62928087,1.13464642,2.17566228,1.28024077,-2.06655836,1.30274963,1.14055097,-0.16889295,-0.21710016,-0.64038664,1.04392469,-0.82092941,1.86072457,-0.83419704,0.81908953,1.75033987,1.09175766,0.82476515,-1.28682959,0.26917031,0.00950543,-0.43932760
1,0.096000,left,1,-0.39346671,1.41566074,-0.09288421,-1.79805291,-0.63737786,-1.48816586,0.01284103,-1.09871829,-1.52567899,0.46772975,-0.76480192,0.97762299,-0.85157114,0.57417297,0.06520701,-0.62093353,0.33640629,0.27766785,-1.99033368,0.59529722,0.07508916,-0.94329643
1,0.100000,left,1,-0.20461169,-1.21537280,-0.29828259,0.19274983,-0.11960741,-0.36731389,-0.09060317,1.35421765,0.16829698,-1.14901209,0.01049627,1.02457094,-2.25005770,-1.42049098,-0.78554583,1.77561617,-1.74710834,-1.41139448,-0.07121790,2.35829329,-0.81051749,-0.75002563
1,0.104000,left,1,0.46540532,-0.95258474,1.56350803,-0.02797054,-0.36184406,0.35323983,0.50937957,0.82808572,1.43663633,-1.00403774,1.41812456,0.79567873,-0.03529429,-2.08238196,-0.05190365,-1.18588412,0.69909078,0.12891363,-0.56824976,-0.35748997,-0.29133746,0.92047441
1,0.108000,left,1,-1.40356076,-2.09265780,-0.24012619,2.13623905,-1.60251892,-0.94713700,-0.61667091,0.56897104,-0.62128061,-1.28325105,-0.78582829,0.10531761,0.76583266,-0.27329898,-0.08702247,-0.42264560,0.00537653,-1.56691051,0.74721873,0.66115201,-0.11451595,-0.82839733
1,0.112000,left,1,0.13224289,0.95407122,-1.08271134,1.25725234,0.63881516,-0.44796932,0.07215068,-0.14193805,0.29595149,-0.97670978,-1.82141650,-1.03532565,-0.46821758,-1.06987238,-0.99664998,0.23423952,-1.05958521,-2.30511236,-0.44821379,-0.96934706,-0.57622802,0.10320646
1,0.116000,left,1,-0.33601624,-1.09417832,-0.42527452,-0.02951535,-0.37258860,1.13344896,0.07354649,0.00015425,-0.03894235,-0.92997414,-0.09763686,0.31990561,0.85393548,1.28779292,1.51058555,-0.53217059,1.77791917,-0.03750816,0.49625459,-0.13611688,1.22694278,0.59792084
1,0.120000,left,1,-3.40420532,0.12232499,0.50008655,2.53598571,-0.00446890,0.32055518,-0.16741249,0.92674810,2.98571229,-0.93540549,1.40398872,-0.68473864,-0.88763100,-0.02783421,-0.37780264,0.47149131,-0.97186828,-0.64534986,0.32757989,0.45831451,-0.72291130,-1.05386853
1,0.124000,left,1,0.06362468,0.43149921,-0.49830276,-0.85273367,-0.04506359,0.28825846,-0.57219929,1.35431206,-1.70185721,2.43612838,-0.84954840,-0.69149315,0.61299813,-0.40776601,2.36427999,0.88331687,0.15944918,-2.43719792,0.25414872,1.12839830,1.84211469,1.64120519
1,0.128000,left,1,-0.28516388,0.68128508,-0.96117473,-1.13349652,1.25735736,-0.83123136,-0.94513744,-1.33858907,-0.41571122,-0.37804401,-0.32514566,-0.18077785,0.73394227,-1.05371940,0.92713839,0.55028212,1.16638613,0.30400530,0.19279063,-1.31506824,1.71469223,-0.39665419
1,0.132000,left,1,0.33631298,0.73916054,-0.08426055,-0.37996659,-0.60483694,-0.09285259,-1.92248583,-0.77131844,-0.54582071,-0.20745258,-0.26432160,1.32840669,-0.26008415,-0.74976265,-0.19836779,-0.47825778,1.51954842,0.17079024,-0.78024381,1.77123094,0.38324586,-0.92620003
1,0.136000,left,1,0.07179327,-0.12238692,-0.15005785,-0.11952801,0.32636094,-0.12676957,0.09119236,0.22227059,-0.23633532,0.39949846,1.46562755,1.37980723,0.33863676,0.10635627,-1.47280431,-0.37077814,2.00442696,1.14869905,-0.34645611,1.06450391,-0.66853106,0.77308363
1,0.140000,left,1,-1.82235146,-0.45938450,1.33455873,0.70840740,0.52129042,1.81993830,0.66133910,-1.21501613,-0.36307245,-1.33649230,2.06859088,-0.55196285,0.99582326,-0.88697731,-0.82753313,-1.76721489,-0.73794270,0.77425271,-1.28069663,0.53798729,0.64282554,1.42868686
1,0.144000,left,1,-0.38659760,0.29404917,1.46893823,-1.92107522,-0.42644325,0.21209478,1.80754447,-0.58857149,0.43264177,0.75208098,-2.52602983,0.52943677,0.50880551,-0.27743956,1.16454744,0.53826833,-1.86400664,0.18488052,-0.36936253,-0.81586599,-0.71801263,0.27286565
1,0.148000,left,1,0.08476385,0.62640792,-0.50299549,-0.73702121,0.32328328,-0.30030274,-0.22635984,1.00832462,0.21222964,-0.38836861,0.06857973,-1.42786133,0.30705184,-0.21637775,0.46510127,-2.68910813,-1.85589731,1.53207123,-0.82655221,-2.07382798,1.32680941,-0.57764578
1,0.152000,left,1,-1.34191132,0.48868555,0.16078511,0.92150676,0.17973408,-1.60995603,1.85233629,-0.69450134,-0.35784861,-0.23861112,-0.43553776,-0.13191956,-0.19903052,1.16859710,0.44180477,1.18324971,0.99832541,-1.87562704,-0.78710860,0.32477325,-0.67285377,-1.02472675
1,0.156000,left,1,0.79440653,-0.23659655,1.29326773,0.47817278,-0.32930541,0.58479685,0.18234961,0.43897116,-2.07868671,2.98387146,-0.74608946,1.34101319,1.20788550,1.57126749,1.38743758,-1.45853364,-0.09271573,-1.47544992,0.22529767,-0.55863434,-1.95018423,-0.83488947
1,0.160000,left,1,-1.17677724,-0.59365779,1.98301208,0.83691704,-0.30526459,-0.52239239,-0.34843507,0.74702442,0.46171102,0.43337807,0.95613497,0.63248354,-0.05490742,0.22131257,0.92977518,-0.82549137,-0.30033019,0.91974086,-0.68347555,0.28707775,0.47041428,0.29045033
1,0.164000,left,1,0.41146430,-0.92013055,-0.11630936,0.10382107,-1.37475669,-0.33893138,0.50859702,-0.25896916,-0.76344144,-0.84314466,-0.54150045,1.01821399,0.85180634,0.12435201,0.00094556,-0.51057726,-1.71871960,-0.27873966,0.15621214,0.39521030,0.35147354,1.45824528
1,0.168000,left,1,-0.15458590,1.59821749,1.05655241,0.37017044,-1.44389617,-0.53219640,0.09502596,0.00166434,0.68379706,0.48475331,0.76046228,1.81018424,-1.68518269,-1.70782232,-0.98167855,1.25308502,-0.54390496,-0.37884915,-0.60948890,-0.63703543,-0.15940306,1.28417206
1,0.172000,left,1,-1.04451442,0.32287413,1.34531701,0.24119692,-1.38980377,-0.50168192,-0.22646141,-0.34480762,2.21106720,0.24733195,0.34011135,0.27316654,0.12348017,0.69163632,-1.04338884,-0.77573007,2.30146098,-0.16819546,-0.26231533,-1.04299283,-0.11972468,0.26365498
1,0.176000,left,1,0.51441371,-1.64022124,0.76017016,-1.63885868,-0.51179093,-1.36418521,-0.90428329,1.03545237,-1.79050994,1.55750060,0.05614978,-0.32084191,-1.22987354,1.23405492,-0.82092679,0.45457417,0.49390861,0.68556744,-2.04406404,1.76793134,-0.71501076,-0.13156494
1,0.180000,left,1,-1.55726588,-1.36157620,-1.06293309,1.63435388,0.08725828,-0.33141404,0.68090534,1.69370902,0.75890976,-0.10515826,0.30426577,-0.99396425,-0.66285992,-0.19622725,-0.32006341,1.62423682,0.76526242,1.55895185,-0.15766461,-0.06583205,0.70217705,0.55554277
1,0.184000,left,1,1.14615691,-0.68717742,0.72499770,-1.12600732,0.10625243,0.20884006,-1.00394678,-1.17416644,0.04190542,1.15644193,-0.95777977,-0.18773560,1.23873591,-0.74097824,0.14998081,0.80223221,-0.29104215,0.47373131,0.15881661,-0.27400064,-0.32720739,-0.66873616
1,0.188000,left,1,0.77288610,1.11181915,-1.28927481,1.10540271,1.18664932,0.98828888,-0.08203125,-0.27302948,1.34965360,0.62346727,0.23718919,1.18287122,-0.80699635,0.14412384,-0.56274301,1.79878414,-2.02144837,1.06068659,-0.58685154,0.45128044,0.31488556,0.85768032
1,0.192000,left,1,-0.57703173,-0.72089285,0.20402125,1.02176797,2.23378134,0.84128380,-0.61804920,0.47380188,0.01074350,1.52567434,1.58571982,0.58808261,1.11976135,1.72200823,-0.31073326,-1.34798467,-1.02470815,1.73723567,-0.47534052,1.20311284,0.80945617,0.98155540
1,0.196000,left,1,-0.33527023,-1.53481925,-1.49730372,1.74488413,0.13366939,1.42559052,-1.52650201,1.10412443,-0.92784810,-0.60260689,-1.12917030,0.64311427,1.05921805,-1.01094484,0.26187071,-0.14295241,0.57208794,-0.77053201,0.76395851,-0.48302013,-0.47384721,0.19658713
1,0.200000,left,1,-1.68654537,-1.57772541,-1.14262617,1.26767445,0.54056758,-1.60334563,1.44369709,0.49550468,-1.67638838,-0.10891767,0.96628821,-1.12593865,0.38149017,0.51835221,-1.47269654,-0.78293544,-0.65588945,0.18628111,1.24091315,0.30223903,-0.50631678,1.02378762
1,0.204000,left,1,0.63697022,-0.62918663,2.14168930,-0.66417497,-0.84845400,-0.63938421,-0.40631503,-1.82492578,0.89145863,0.18404378,0.83316934,0.13888335,0.52158839,-0.43888628,-0.38077670,-0.20251469,0.79685658,-1.10937393,-1.06512809,-1.00087452,1.88868439,0.48947763
1,0.208000,left,1,-1.14567685,0.32415920,-1.38893676,-0.01160517,-0.05035304,0.61034173,1.02058029,-0.16480988,0.62000942,0.90007031,-0.38945994,0.69051564,0.23723608,-0.41792014,-0.11373851,-0.59338462,-1.35751963,-0.17098260,-0.15649763,-0.07155110,0.76594239,-0.70395547
1,0.212000,left,1,1.16746664,-1.07775962,0.75226402,-0.70016915,-2.52049828,0.52237582,1.11868536,-0.03179693,-0.21285667,0.08971587,-0.09952952,-1.17553926,-0.91281354,-0.65244853,2.30822372,0.39751598,-1.89237773,0.62089765,-1.83813775,1.21610558,1.00330746,1.46548021
1,0.216000,left,1,-0.59600359,0.19806072,0.54812837,-0.67651433,0.31889838,0.81658691,0.74456936,0.10630690,-0.45302159,0.95182711,-0.27234375,-0.17512961,0.10768081,1.71510816,-0.42756128,-0.53984219,-0.88316464,-0.27537188,-2.48072386,1.25210416,0.14417163,-0.69952500
1,0.220000,left,1,-0.20368797,0.54603249,-0.56657213,-0.71612960,-0.96425986,-1.11100447,-1.63632834,1.69928551,1.37968922,0.88849276,0.28886157,2.38805556,0.77310020,-1.87920284,0.07663158,0.66523242,-1.59659004,-2.84114933,1.48118687,0.66098362,-1.79846132,-1.60216761
1,0.224000,left,1,0.49499917,-0.88226902,0.19899155,-0.73954487,-0.42137355,1.59427261,-1.23141420,-0.20342226,-1.22397804,-0.16077727,0.56071824,-1.09393716,1.22969782,0.22459775,-0.81510639,-0.94250816,-0.02505226,1.22693634,-0.39444327,0.11284347,1.81595814,-0.15927756
1,0.228000,left,1,1.15427911,0.04061840,0.12125015,-0.87721658,-0.03607897,0.32377666,-0.44099104,0.91412413,1.56699765,-1.60307181,-0.59670949,-0.76183355,0.51608068,0.13695617,-0.87204957,1.37043798,1.75317633,-1.02995765,-0.63430995,1.53937328,0.16655853,-0.64340115
1,0.232000,left,1,-0.37429330,0.40466201,1.16119504,0.47509935,0.56055909,0.57967502,-0.53587741,0.88653588,1.29643488,2.63554907,-1.51069295,1.43266618,-0.29284257,-2.13665295,-0.06046148,0.63991153,-0.00855475,-1.51979244,0.14987928,0.19412094,-0.67759126,-1.44896793
1,0.236000,left,1,1.75838280,0.81049198,-0.64864200,-0.32908702,-1.21581864,0.65207988,0.04862295,-0.91330016,-0.51675445,0.66644943,0.25615191,1.22933197,-0.84217870,-1.56883907,-1.02701116,0.10016634,-0.27251366,-0.43122464,-0.08824529,0.78209525,0.40124834,0.29583922
1,0.240000,left,1,-1.00387979,-0.08457447,-1.15139163,-0.35181013,-1.18179548,1.14976120,0.00698912,-2.07321978,-3.29627728,0.97846425,0.07666736,0.02614428,0.56052953,1.01359320,-0.50776708,-0.83640409,-0.44448352,0.07430665,0.48257026,1.29963696,-0.05983131,-0.98489428
1,0.244000,left,1,-0.02749550,-0.59292030,-0.84581614,0.46942371,0.02874446,-1.72111630,-0.54298681,-0.10961886,1.71688652,1.32190716,0.95977205,2.38122869,-0.15302752,-0.53115076,-0.58411050,0.78066456,-0.33573318,2.24768019,-0.88507652,-1.22128570,-1.21914458,-0.01721983
1,0.248000,left,1,0.56728286,-2.22115493,-1.93100297,-1.64790606,0.93617654,0.07191376,0.26701948,0.31898549,0.14267221,0.32353240,0.91320682,-0.73106647,0.11448460,0.12734097,-0.12075753,0.49849626,0.59227526,-1.07385993,-0.54779798,0.52614439,-0.72394180,-0.50070864
1,0.252000,left,1,1.04087114,1.16430712,-0.46234399,-1.48632252,1.34446943,-0.14004520,-0.03511495,0.36395544,2.71910071,1.99462211,-0.20408918,0.58588636,1.12724900,0.45852831,1.26907730,-0.17751995,0.06844065,1.30646646,-0.96564859,-1.66908383,0.52281725,0.45657137
1,0.256000,left,1,0.80170083,0.08588801,0.74388397,-1.38378549,-0.80229372,-0.65351743,-0.41016018,0.11846395,0.87893307,0.29368144,-0.12377100,-0.50556952,-0.13202035,0.52394050,0.41310337,-0.29688570,-0.88403618,1.45815480,1.30772638,-0.27218086,-0.45183864,-1.67348135
1,0.260000,left,1,0.30521071,0.09510963,-0.75877839,0.79096782,-0.80420929,1.59630859,0.37725046,-0.55485636,-0.76470536,-0.41601664,1.37296116,-0.30082929,-0.12208398,-0.38495308,0.18045710,1.61873174,-0.52726793,-1.23809600,-0.69329441,1.31412375,0.14751013,1.12005866
1,0.264000,left,1,-0.18886782,1.16462100,0.53666866,-1.53891790,-0.37871826,1.16853309,-0.38936538,1.65265274,-0.62195373,-1.20296109,0.51355958,-0.14480172,1.06538105,-2.33710051,0.49388438,0.35618514,0.82668042,-0.31809625,-0.29137608,-0.75896400,1.56903970,0.26246861
1,0.268000,left,1,0.32857093,-0.72165245,0.46032399,-0.70022845,-1.03166711,-1.55424011,-1.43878841,-0.36137444,-0.11812310,-0.10333620,0.87006050,1.30040979,0.43323326,0.20294578,0.54991376,1.14020109,0.15914878,0.81794208,-0.70162058,-0.36302158,-0.19418363,-0.39254528
1,0.272000,left,1,-0.72521192,-0.09211639,0.62234265,-1.44705009,-1.01910627,-0.10371556,-0.03569868,0.26328653,0.73339552,0.35660627,0.81332856,-0.21345809,-2.57138133,1.98172081,0.49071962,-0.23768599,0.56915253,0.07115868,1.34038401,-0.45623791,0.27289125,-0.01502717
1,0.276000,left,1,-0.23730484,1.80320346,-1.41236353,2.10620284,-0.54259974,-0.43624321,-0.36912042,0.17044438,-0.39895689,0.18089916,0.60533565,-0.59653348,0.28805226,-0.72004759,1.05701256,0.28821403,-0.81775814,0.11869223,-1.85632956,0.63316447,1.05993235,1.04953384
1,0.280000,left,1,0.28482613,1.90234601,-0.96573895,0.20250632,0.64245522,-0.85335225,-1.04598033,-1.11644852,1.54198933,-0.38233995,0.49501905,0.61144912,1.14013863,0.58006585,0.37951759,-1.08218133,-0.26164466,-0.09545681,2.27152014,0.07645277,-1.59858263,1.07408655
1,0.284000,left,1,0.92478651,0.74085641,0.28369442,1.23328066,-0.79719537,0.20151523,-1.62964904,-0.24116835,-1.24858093,-1.89452207,-0.37449369,-0.77038407,0.14605680,0.26011464,-0.02322057,-0.56745481,-0.40119648,0.27487570,0.48732299,1.18669105,-2.69230032,-0.72401875
1,0.288000,left,1,-1.10740614,1.26333535,-0.98991317,-0.14770801,-1.02826595,-0.44912782,-0.32397902,1.98927438,-0.18800294,-1.62280262,-0.42559579,0.13147874,1.85463214,0.36671275,-0.37589270,-1.99956954,0.20293458,-0.95985574,-1.28659141,-0.51731026,2.06886315,1.53290474
1,0.292000,left,1,-0.76269394,1.04582822,-1.56085670,0.00404849,-0.24542148,-0.27542979,-0.83526546,0.94870597,0.10750454,-0.13944696,0.19299564,-1.44853139,-1.52198470,-0.19911334,0.68220264,0.55621767,0.20679563,-0.31885391,-0.22760868,0.40482965,0.90531981,2.09284067
1,0.296000,left,1,-0.25097442,0.58190185,-1.77064896,-0.98475599,1.43729019,2.95793152,-0.22043756,0.62167931,-1.06378543,1.51893723,0.30481058,1.25430059,-0.91521329,-0.76742804,-0.52504122,-1.36239672,1.47662079,0.62002760,-0.28418607,-0.74351054,-0.07157537,-0.15376490
1,0.300000,left,1,0.23465584,-0.55243635,0.13571848,-0.53727043,0.53999400,1.12499082,-0.12892981,-1.05355167,-0.18331711,-0.97647285,0.77668494,0.58244944,0.99354601,-1.29878545,0.73195404,-0.36526233,-0.91133183,0.12383273,-0.66068590,1.49835885,1.60894430,0.85899150
1,0.304000,left,1,0.39675841,0.48625541,-0.48210859,-0.10169996,-0.18821210,-1.95500493,0.57368708,0.13657959,-0.29405755,1.50903130,1.61566198,1.95959711,-0.03560574,-1.57208323,0.83570206,-0.62786192,0.00812878,1.12017274,-0.84791332,-0.22140312,-0.68626851,-0.32590833
1,0.308000,left,1,1.04470563,-1.17227364,-1.66269457,-0.39897761,0.23507683,0.06276162,0.21827042,0.62236601,0.68826479,0.71118689,-0.05632252,-0.50720745,-0.45989558,-0.63853180,-0.91172343,0.94697011,-0.64326310,-0.70747143,-0.15022956,-0.24424084,0.36732435,0.90721649
1,0.312000,left,1,0.24623746,-1.14090180,-2.34632826,0.93126178,-1.94271922,0.52928513,-1.53338850,1.12559128,1.28279531,-1.30703211,0.10166046,-1.08845162,1.90682542,0.90282470,1.34309220,-0.09301136,0.20227903,0.31896707,-1.36289418,1.62074625,1.17646408,0.49936584
1,0.316000,left,1,-0.60070831,0.79250723,0.39642119,-0.06216542,-1.29597318,0.48327076,1.20116162,-0.75623173,-0.50480890,-0.40919265,0.87728554,0.50502658,-0.93763095,-0.49853057,-0.91057140,0.90065688,-1.11391103,0.85564685,1.93030584,1.06481755,0.47719076,-0.46980688
1,0.320000,left,1,-0.64376116,0.25904182,-0.95117682,0.43235779,-1.16740429,-1.37723196,-0.78750151,2.01633382,-1.03317118,0.98534483,0.77678496,-1.40166569,-0.21972705,-1.88351679,-0.01346093,-0.02520719,-1.58458829,0.66637617,-0.41188568,1.29861641,-0.14600146,-0.01021602
1,0.324000,left,1,-2.22041941,-1.31735456,-0.65569222,-1.16237259,0.67258185,-1.49020183,0.82621598,0.85031796,-0.72633559,1.42106354,-0.25888997,0.24771777,0.32740569,-1.41770148,0.33239573,-0.16265893,-0.10959299,1.39397562,-0.40632087,1.26257789,-2.32592893,0.37919709
1,0.328000,left,1,1.13621402,-0.50977463,1.45683038,0.11774022,0.31967732,-0.00826763,-0.07427502,1.53301811,1.04038787,0.45123681,0.26982737,0.72992855,1.00055063,0.55718499,-0.14354691,-0.46195480,-1.47537994,0.67039573,-1.61059117,0.81426275,-0.75558293,-0.60959685
1,0.332000,left,1,-0.13922349,0.48718831,0.82228333,0.38586268,-0.75368792,0.02795057,1.34508848,1.59387815,1.18881488,0.43126321,1.93208611,1.21879816,0.59601283,-1.41869223,0.81399107,1.11561680,1.17205167,-0.64653343,-1.85101581,0.24944732,1.35388887,0.16671963
1,0.336000,left,1,-1.41073966,0.13779739,0.75657302,-0.26150838,-0.07636476,0.41662931,0.20557874,0.38005012,-1.09772217,0.63610178,0.92082554,1.29137266,-1.09054804,-1.14444804,-0.38951069,1.31245053,1.02612650,-1.02174079,-0.08685651,1.05745506,0.77560413,-0.50460631
1,0.340000,left,1,0.35840961,1.48495007,-0.61179513,0.34289438,-0.85442102,1.18699777,1.14348876,-1.72966695,0.01703890,-0.82322603,0.53125876,1.63742352,-1.94480431,0.20870176,-0.90575516,0.86530691,-0.21523134,-0.14410535,-0.48348933,1.04172051,0.72763163,-0.92821318
1,0.344000,left,1,0.12145646,-1.05995607,0.49674159,1.70271349,-0.83754498,0.91548854,0.54222661,0.12354612,1.23891270,-0.75797647,0.64571434,-1.10055912,1.38655257,0.83382100,0.69296861,-0.75393581,-2.80307007,0.06383758,-0.67266124,0.48617443,0.46051800,-1.09001696
1,0.348000,left,1,-0.42655969,-1.13684261,1.57870030,-1.07841372,-0.20396464,0.86381006,-0.19092378,-1.53265488,-0.65278608,1.90088916,-0.43433908,-0.46865076,-1.17895162,0.71431917,-0.79067802,0.59373522,-0.36749366,-0.24602872,2.23051381,1.30044842,0.98065066,0.28427723
1,0.352000,left,1,0.06475357,1.33980131,-0.20858996,0.27961025,0.93904287,-0.16534813,-0.62310421,0.11441927,0.23467812,-1.86803186,-0.16809961,-1.20673525,-0.41618571,0.17810583,-0.90614468,-0.73999387,-1.76577628,-0.96522874,-0.45859742,2.33033419,-0.02290700,0.27631286
1,0.356000,left,1,-0.13472891,2.97461367,1.56260288,-0.30185744,0.67453390,-0.04800930,0.34563097,-0.07650062,1.86761415,0.90516955,-0.41699231,-0.73668975,-2.30058503,0.65265119,1.26135743,-0.29929918,-1.03388631,0.08301864,1.66623855,1.84796488,0.97580713,2.16426373
1,0.360000,left,1,0.27232343,0.39869449,1.32441747,-0.86276019,-0.74470699,-1.41626692,-0.13384809,1.03948295,-1.93074799,-0.29410493,-0.26899368,-0.71812016,-0.71742553,-0.39390066,-0.07403313,0.64740610,-0.26569512,-0.92335367,-0.08891703,1.33341837,-0.18328308,-0.10725696
1,0.364000,left,1,0.69714087,-0.24570949,0.17809097,0.63445854,-0.79964089,-0.74035144,-0.82933617,0.62555337,-0.62820756,-0.21351486,0.11383137,1.05789471,0.81845164,0.80685484,0.09827769,-2.54517555,0.74702674,1.33461845,1.15799165,0.49485713,0.22679561,-0.39929625
1,0.368000,left,1,-1.42776680,-0.16784647,-0.08922386,-0.59015363,0.97983217,-0.74691874,0.65974104,1.27429652,1.06611109,0.38385993,-0.56262779,-0.67099822,-0.74100745,0.07148528,-0.37996811,0.08940947,-1.18501592,-0.75718576,0.08918303,1.03795075,0.75008410,0.31858197
1,0.372000,left,1,-1.84486997,-1.05723751,-3.50939250,0.41840592,-1.10341609,0.48550767,2.06697035,-0.33508658,0.12679720,1.04760468,-0.15747984,-1.21092737,0.58894712,2.27919030,1.21792686,0.41204095,0.82325637,-1.92123210,0.40221074,1.06967556,0.02169849,0.84906995
1,0.376000,left,1,-2.22367048,-2.04365420,-0.29544473,-0.76227403,1.19946492,-0.63289332,1.80921078,-0.01864998,-0.79142404,-1.59094679,0.28920501,-0.76106471,0.13330947,-0.54244578,-1.27757764,0.68009543,-0.18065418,-1.18591380,1.16938961,-0.24500439,1.17177260,1.24088657
1,0.380000,left,1,-0.61633569,0.83446473,0.90058655,0.83510119,-1.01256049,-2.06976390,0.94398826,-0.96344495,-1.11963546,-0.25913778,0.04578873,2.02020454,0.60015404,-0.46066478,1.03834915,0.01108780,0.71609336,-0.13363980,-0.11816625,-0.35682482,1.24046183,0.20622921
1,0.384000,left,1,0.97180820,-2.48011804,0.47147664,-1.13554144,0.43168718,-0.60944510,1.82306218,-0.05604712,-0.78471601,-1.19661975,2.20538235,0.61495203,-0.81660491,0.52573210,-0.21507938,-1.56801927,-0.65995884,-1.00451565,0.56288058,0.84485972,-0.08631727,1.96382010
1,0.388000,left,1,-0.32535842,-1.35341489,-0.53955066,0.64155543,0.80622512,0.65771240,0.71286106,-0.44503158,-0.26462683,0.51861984,0.67673349,-0.48708555,0.64849901,-0.85980308,0.79843408,0.12944901,-0.09246925,0.06501055,-0.63876837,-0.03677007,-0.29219240,2.09256029
1,0.392000,left,1,-0.91099727,0.51427948,1.34076071,0.07545654,-0.33395579,-0.55560088,-1.29238176,1.09783947,0.71518272,-0.11224709,2.17431116,0.67209190,-1.06457627,0.31590721,2.09141779,1.43167353,-0.90918028,0.88928628,0.11827132,-1.50608969,0.39122704,2.10913110
1,0.396000,left,1,1.22910154,-0.63303244,0.56269664,0.43271846,-0.19647415,0.31791326,-1.16658735,-0.04123829,0.81008625,1.29062819,-1.17321825,0.77251029,0.60716903,-0.19776522,-0.79628420,0.30708635,-0.27430993,0.22361834,-0.13127042,0.07427469,-0.32369325,-0.63641298
1,0.400000,left,1,1.22416592,2.42630792,0.35562167,-0.05955399,-0.48319870,-0.26555684,-1.46894193,2.79356837,-0.81280035,0.93144405,1.30293489,0.41231641,0.55288798,-0.95553434,-0.67378008,0.57413030,0.04370932,1.78804278,-0.50277942,-0.97434229,0.15643333,0.21806394
1,0.404000,left,1,-0.96992999,-0.26711136,0.14333670,0.24680728,-0.01782060,-0.76430517,0.52897835,-1.09172153,0.39650953,0.32516444,1.08736789,-0.03357940,-0.77458262,0.09842449,-0.27549991,-0.07022480,0.32073596,0.70509779,0.06859622,0.00008693,0.06838213,-0.97479355
1,0.408000,left,1,-0.03110585,0.51409829,-0.38639152,0.32043776,-1.16531324,0.23490249,-0.71423811,-0.24563588,-0.42434615,-0.05265120,1.26207876,-1.02462852,-0.80582762,-1.39144003,1.08459532,0.89213699,1.61092293,0.05359531,-1.19405591,1.77515697,0.00175774,0.15993725
1,0.412000,left,1,0.11595062,0.37849873,0.61769241,-0.48867369,-0.00860081,1.07256365,-2.03939414,-1.51270676,-0.41708672,-0.47421595,-0.61425930,-0.39622825,0.38403368,-0.60330451,1.35126150,0.75101984,-0.64316076,-0.01986253,3.07513571,-0.02822758,-0.67960346,1.04250216
1,0.416000,left,1,0.24064218,-0.59992254,1.63142169,0.67920965,0.39527497,-0.07113887,-2.67407537,0.35233739,-0.22578529,-0.74593127,-0.87165838,0.48743296,-0.21449676,0.03041660,-0.69328511,-0.76261955,0.14641872,0.36250120,0.09483266,0.46755117,-1.67725813,-0.23344225
1,0.420000,left,1,-0.38419610,-0.49253246,-1.00885642,0.50874716,-0.03789032,1.59091473,-1.21285141,1.17531776,1.37830198,2.10642290,0.49726757,-0.25500774,1.69533968,-0.13764440,0.32745400,0.67336953,0.78665614,2.02672052,-0.35792693,0.77129811,0.56835550,0.56991309
1,0.424000,left,1,-0.33965087,1.23206878,1.42108750,1.64634979,-1.28876686,-0.85168701,-0.50783253,-0.79282820,0.77155679,0.39482278,0.81019616,0.36534977,1.89892340,-0.79473513,-0.05576942,0.27696460,-0.81072658,-1.01930153,-1.44289291,0.68199712,1.09531295,0.84333467
1,0.428000,left,1,-0.35158125,1.26066744,-0.52476102,-0.42079443,0.41934633,1.52234542,-0.30926368,0.17583516,1.39207029,0.29217690,-0.71831679,1.06980360,-0.25132027,2.55520940,0.24715142,0.37872022,-2.07139349,0.22697830,-0.91955769,0.80457830,-1.54427469,-1.24828267
1,0.432000,left,1,0.69366932,1.28082228,1.36354339,0.78288102,0.71157944,0.38942754,0.28076676,1.45116377,-0.21769536,-0.08989268,-0.85267651,1.50439990,0.11639002,0.28448805,0.15256973,-0.00875161,1.28341055,-0.11451721,2.28974962,0.40798503,0.97633576,0.18878897
1,0.436000,left,1,-1.18428707,-0.08925503,-0.04070380,0.94709122,0.36781833,-0.29387358,-0.06896522,0.88146645,0.54232055,-0.08884004,1.03258574,-0.15965715,0.44742841,-1.12574148,-0.64395505,-0.22593829,1.07096648,-0.49882048,0.87072140,-0.03380950,-1.56226778,-0.96210802
1,0.440000,left,1,0.87830043,-1.77206981,-0.58206677,-0.55463964,0.21015522,0.28056189,-0.56084943,0.83477110,0.43539339,-1.71017158,-0.52343202,-1.34427440,0.18920217,0.67415088,0.54901630,-1.30854809,-0.19493678,1.79498863,1.58378494,1.44063509,0.70893669,-1.93819439
1,0.444000,left,1,-0.30383408,-0.70579880,1.01342070,-1.83416224,-0.71439600,1.04074872,-0.54530734,-0.84513760,-0.91182351,0.83121508,0.76734293,0.99565035,-1.01630735,0.31635633,-0.22394671,-1.77733231,-0.67436457,0.58022565,0.54435658,-0.69943029,-0.88643777,0.80576134
1,0.448000,left,1,1.53566968,-0.80174106,-1.18053615,1.22414219,0.21422221,0.15731362,-0.95222461,-0.83677733,0.33119118,0.23463690,0.19979247,-0.66120958,0.75301659,0.31260836,0.03589551,0.56283784,1.44957852,-0.87150985,1.13582838,-0.14623681,-0.85418499,-0.75079626
1,0.452000,left,1,-0.77463019,-0.16431582,0.77831298,0.70615262,1.00009406,0.04354067,-0.48952848,-1.55864418,0.85055739,-0.94961911,0.32260135,-1.09194291,-0.65838236,0.65606427,0.70830327,-0.03908845,-1.99254334,-0.78263843,-0.53262472,-0.11204653,0.20191757,0.10626386
1,0.456000,left,1,0.69156528,-1.28389966,-0.92833626,-0.77825129,1.51136410,0.22542448,0.69037521,0.49315590,0.99872530,-1.29972863,0.12581949,1.07981110,-0.12502132,-0.17349388,0.01139649,1.47539461,-0.33911553,-0.08480071,1.71646583,-1.80328202,0.27408054,-0.83043963
1,0.460000,left,1,0.01931766,0.41412994,-0.24417174,-0.82750607,0.29121590,2.68960309,-1.09216976,-0.51460105,-0.73448277,0.49409103,1.23487628,-0.18418849,1.24002779,1.12651002,1.49555838,-0.09261560,-0.76868701,-1.81214511,-0.38795152,0.34421974,1.78013992,0.32474595
1,0.464000,left,1,1.36147344,0.53401107,-0.98788464,-0.29629931,-0.85165477,0.76829255,0.67299211,-0.62599152,0.67265522,-1.10620999,1.03164959,-1.05673075,-0.93752944,0.36657554,-0.29903758,-0.72112107,-1.19951904,-0.18877116,-1.19775760,-1.16480243,0.43883842,-0.67813385
1,0.468000,left,1,-0.71058232,0.11984140,0.11723840,-0.95055652,-1.13996911,1.39823472,0.49709839,0.88838512,-1.80084395,0.56876200,-0.69975889,1.28776741,1.04265869,0.79879427,0.67883790,-0.83666563,0.28133219,0.36010110,-0.73259127,1.87744784,-0.79771972,0.97084653
1,0.472000,left,1,-1.23760927,0.55152828,1.07249320,0.67666072,1.21705353,0.83987814,-0.45529720,-0.35262513,-0.17541960,-0.09568758,0.50246781,-0.75326782,0.27113494,1.17655754,-0.01457336,-0.14281830,1.46055746,0.03892377,0.08876564,-0.19046038,-0.88642740,-0.93345064
1,0.476000,left,1,1.42114294,0.39586353,1.14602923,-2.69699168,-0.91927785,-0.59566712,-0.83270019,1.75879419,1.41633070,-0.77762717,-0.24454997,-0.40380844,0.17877235,-0.68452418,-0.61774147,-0.80928183,0.03144462,0.72580308,0.85603255,-0.08394726,1.66946816,-0.20779312
1,0.480000,left,1,-0.49278814,-0.53308803,0.08489673,-0.73649359,1.62440610,2.91404390,1.43062103,-1.22215700,0.17842144,-1.18446577,-2.67058372,-1.28448522,0.68425906,-0.00242807,1.17496586,0.45864177,-1.13502610,0.16590619,2.49065590,0.43190065,0.60483128,-0.60994005
1,0.484000,left,1,-0.15689519,1.85435653,-0.00299742,-0.13756342,1.18500304,-0.02408002,-1.18113947,0.75380450,-1.38042712,-0.60581887,-0.15422407,-0.47061840,-1.13727784,1.32538009,0.48877409,-1.43954122,0.18951170,0.77960688,-1.06735468,-0.95010197,1.49393296,-1.11668146
1,0.488000,left,1,0.27319691,-0.36564162,-0.37417150,-0.04984918,-0.64935303,0.25579357,-0.59667999,1.62906003,1.42450619,0.48098010,0.24623820,-0.05642442,1.32013106,-0.85677713,0.47088322,1.11072767,-0.76961911,-0.28203329,0.27958718,1.81573868,0.63642997,-1.06555903
1,0.492000,left,1,-1.65252292,1.16262627,-0.12312956,1.19241571,-0.80712247,0.04139856,0.40987501,-0.49455780,-1.08697879,1.74254620,-0.65252507,0.26498017,0.16680780,0.78288186,0.21642175,1.67299962,1.15924203,1.21382213,-0.48302197,-0.20628279,0.21013588,0.56997728
1,0.496000,left,1,1.11018848,-0.17352952,1.18669045,-0.82331133,-0.97249705,0.72554255,-1.95402598,-0.26586449,-1.29944384,0.93860298,-0.75998193,0.04348326,0.41396877,0.24183330,-1.86793804,-0.93136984,-0.61145532,0.91582960,1.23892927,1.28999674,-1.46419728,0.20190029
1,0.500000,left,1,0.94813973,1.30320501,0.26565227,0.37222648,0.05555474,0.17678419,-1.68881106,-0.21644683,0.04501286,0.22207426,1.37093759,2.22076058,2.66652799,1.56645453,-0.63579232,0.14832070,-0.15025020,-0.33502129,-0.57133991,-1.44414747,-0.36544332,-0.57980120
1,0.504000,left,1,0.36978757,-0.02207367,0.42065880,0.29811630,-1.44926512,-0.76676685,-0.22066140,2.33823633,-0.26824743,-0.98353761,0.14627522,-0.74137896,2.29819322,1.59833241,1.56434524,-0.42603165,-0.12089011,-0.62213355,-0.33537453,-0.19240174,1.85587347,0.53233474
1,0.508000,left,1,2.16192865,0.73700285,1.19706857,0.49427456,-1.27488530,-0.30421221,0.78736371,1.26171184,-0.12752233,0.21025482,-0.34719691,-0.41033322,1.09006155,1.97400379,0.19686793,0.99088907,2.15553927,-1.20907092,0.50714797,-0.81067520,-0.89983416,0.05160487
1,0.512000,left,1,1.05739212,0.44121775,0.42829895,0.60437876,0.46288374,0.91362208,1.87073350,-1.22784579,-1.69768071,0.04419811,-1.97064638,-0.54908359,-0.74513161,-0.26168397,-0.21800424,-0.51302302,-0.81631470,-0.55427086,-0.51723647,1.45665467,-0.42753029,-0.08521751
1,0.516000,left,1,-1.42498958,-1.00378001,0.09435447,-0.95120537,-0.68777621,-0.39857614,-0.32292646,1.41185915,-0.78620708,0.92122102,1.40756094,-0.82883233,-0.39232293,-1.53233337,0.68018568,1.02805936,-1.44786417,-1.22896373,0.48990393,-0.40167183,1.02689064,-0.43688530
1,0.520000,left,1,-0.98504001,-0.32832861,0.17866042,0.00972539,-0.53897011,0.92642045,-0.50971186,-2.08328938,0.26227278,-1.09943056,-0.60788929,1.15470243,-1.08522630,-0.59953237,0.66765553,-0.21697889,0.84048975,1.05898952,-1.44054997,0.71933472,0.75497258,-0.34898603
1,0.524000,left,1,0.95890850,-1.41299450,-0.63316691,-0.07639873,0.21375479,-1.11183405,-1.58657193,0.12179013,0.15843789,0.33237454,-0.93449384,0.29197112,-0.48383230,0.55930406,-0.03068619,-0.93919837,0.14259872,0.89203709,0.47390106,0.26919100,-1.57896221,-0.90905029
1,0.528000,left,1,-0.38173079,-0.88636905,1.40440583,-0.79856443,-0.41193035,0.78156936,-1.04520583,-0.60843319,-0.62849659,-0.52296436,0.67633551,1.14126921,-1.17532134,0.43271792,-1.15384102,-1.24921191,0.49667430,-0.22698292,0.94252032,0.94449300,-1.98235595,0.66417658
1,0.532000,left,1,0.07117425,0.65326285,0.58458441,-0.29964003,-0.93679750,0.95040041,0.48611692,-0.54077405,-0.25245261,0.70803404,0.03658283,-0.66301370,-1.52246320,-0.99770540,-1.63406384,-0.42494431,1.21338463,-0.19041987,0.36208081,-0.77954131,1.16653371,0.69357300
1,0.536000,left,1,-0.90948635,-0.98573452,-0.44811493,-0.20187742,0.23989558,-1.13989997,-1.95475113,-1.30033445,1.13501346,-0.20747253,0.27500615,-1.46817434,1.24004090,-0.61291814,0.32545066,0.78208321,-0.93683755,-0.93957961,1.41086602,0.44177154,0.76056874,-0.26629049
1,0.540000,left,1,-0.20578523,0.06275959,-0.03462075,0.19199368,0.59035474,-0.77608979,1.22293663,-0.44367728,1.86526322,1.15611458,1.00578392,0.96927649,-1.19181943,-0.66426605,0.61083776,0.04930999,-0.64507091,-1.05313051,-1.21457481,-1.11045623,0.98278421,-1.51994014
1,0.544000,left,1,-1.69853330,-0.54355663,-0.16139854,0.07324002,0.52592564,-1.51932526,2.04232669,-1.09544981,-0.98110133,-2.12757397,0.56487966,0.38331601,1.58092809,-1.08790410,-1.13114297,0.97440606,-0.69763994,-1.07479322,2.25809669,0.71793598,-0.81908035,1.11235428
1,0.548000,left,1,2.00947666,-0.42017227,-1.32050776,0.85134679,0.31991827,-1.66349113,-0.54078484,-1.57012820,-0.96424824,0.56148857,-0.42459610,-0.98705453,0.41096523,2.52733612,1.42868257,-0.71452230,0.27975214,0.47617170,-0.69341916,1.41913819,0.63342655,-0.38208956
1,0.552000,left,1,-1.11211669,-0.39217666,0.44493076,0.47465649,1.43719685,1.16036284,-0.40787596,-1.15568590,0.66550314,-0.70905060,0.36314011,-0.99719399,-1.74917138,-1.71417093,0.21720451,-0.60362536,-0.49857870,1.36911380,2.05160356,-0.75223815,0.11220872,-0.65517348
1,0.556000,left,1,0.96077716,-1.83304250,0.60764879,-1.21327448,0.78659832,-0.36566076,0.32783070,-1.26254284,-0.50413495,0.08602527,-0.44043550,-0.91762012,0.27079314,0.70072073,0.05150599,-1.87248516,0.90810138,-1.27516007,0.42095661,0.38545170,1.85455155,-1.11879337
1,0.560000,left,1,-0.24016216,0.01284288,1.09535336,0.39895767,0.46982133,-0.32306191,-0.35781947,0.92713171,0.82511014,-0.89550680,0.09482932,0.14072862,0.94480723,1.58644176,2.28370500,1.99550390,0.66960162,0.20716594,-1.30210769,0.81353933,0.94311422,0.45413941
1,0.564000,left,1,1.56135511,1.52561498,-1.15650678,-0.65354627,-0.39744741,-0.95887160,0.52434778,1.29046214,0.86855364,-0.22249638,-1.56677318,-1.88899779,-0.49883059,-1.39098680,-1.41873240,-2.79968309,-0.14597180,1.45586741,0.10139594,1.37514770,-0.59935313,0.15951154
1,0.568000,left,1,-0.17055616,-0.69407356,-0.07068348,0.22650519,1.15464735,-2.90563512,1.16635084,-1.58992887,-0.34470326,-0.09999041,-0.36297607,0.29133958,0.51161110,-1.21451747,0.01010988,0.56149834,-0.48741475,1.31478298,0.41936040,-0.23747370,-0.93997520,-0.55984765
1,0.572000,left,1,0.65639955,-0.44525546,-1.42825961,1.23467791,-0.94264716,-0.24158160,0.32283494,0.10920294,0.21840410,0.97684884,-0.07922632,-1.31333792,1.11381030,1.35751450,3.62846041,0.17447647,1.14757729,-0.57543957,1.19254744,-0.48755139,-0.15728389,0.18341649
1,0.576000,left,1,1.61771214,-0.24313529,0.25869101,1.50227726,-0.84198242,-0.64647543,0.54310101,0.07097445,1.42489946,-0.09794258,1.25921810,-1.19530821,-0.48406363,-0.47714487,-0.49397895,-0.69610196,2.01063919,0.65699410,-0.49926054,0.00487831,-1.15764415,-1.01128292
1,0.580000,left,1,2.57799172,0.31469595,-1.22467387,-0.70319533,1.03728569,-0.70765644,0.40800425,-0.57770556,-0.28748158,1.38225830,0.01011151,1.05485499,-0.49679962,1.65289021,1.03397310,0.82795382,1.06927645,-1.81462085,-1.87424290,-0.99549127,-0.92445087,-0.26213524
1,0.584000,left,1,1.39402032,0.02646277,-1.04909003,-0.25981763,-0.39912742,-0.63408875,-1.09949791,0.60993433,-2.09556556,-1.22629917,-1.56743169,-0.99815232,-2.20338511,1.13965344,-1.41295969,-1.20570350,-1.90234387,0.96587741,1.32615471,-0.47693390,0.86776906,1.36625397
1,0.588000,left,1,0.40242973,-0.52892166,-0.63705546,-0.54441142,-0.19271661,-0.69502699,1.63124180,-0.08360755,-0.00477762,-0.57540178,-0.42171896,-0.41042477,-0.57788265,1.05788493,0.11817884,-0.45222962,0.61847651,-0.96430022,1.19212580,0.13869828,-1.16077197,1.71820831
1,0.592000,left,1,-0.38260916,0.92001873,0.85288918,-1.00905788,0.53306872,-0.73508263,-0.05002226,-0.67070711,-1.60228610,1.07500136,0.97611237,0.33138415,-1.51792288,-0.44436499,-0.93288058,1.20073497,-0.47165659,-0.09303583,1.21329737,1.44913363,-0.56540895,0.86333531
1,0.596000,left,1,0.94663799,0.53520149,1.04484081,-0.23777735,1.34299362,0.18802316,0.20903911,-0.85690022,1.33961546,-0.01017010,1.12907696,1.00097322,0.47140834,1.31293833,0.57182956,0.01949549,-1.11111856,-0.56312221,0.13507748,-1.60760367,-0.84639525,1.67988408
1,0.600000,left,1,-0.36824986,-0.97299302,0.81730348,0.40844315,0.75086576,2.32408786,0.08087807,-1.51410079,1.13288677,1.05175447,-0.17395787,1.15654600,-0.36032856,0.06169023,0.17112070,-1.14151967,0.97913063,-1.38890469,0.97825176,-2.66777635,-0.17270583,-0.78396332
1,0.604000,left,1,-0.17295688,0.61469507,-0.40240735,0.05999174,0.59540814,0.55757535,-0.98391521,0.14711568,1.82796240,0.54661679,1.23051775,-1.53543031,-0.77954441,-0.69099551,-0.85789651,0.79540783,0.32723367,1.29470813,0.54816043,0.45355421,-1.24994636,-0.56686252
1,0.608000,left,1,-0.46529570,0.34395492,0.81513023,-0.46821946,0.75705040,0.21660323,-0.12161219,-1.45794821,0.49795419,1.63425851,0.39658326,-0.14774755,-0.46776742,0.90723366,0.31816542,-0.28960583,-1.64624953,-0.05479613,0.98737139,0.93586266,0.81261241,-0.11120130
1,0.612000,left,1,-1.36938918,-0.28447634,0.05112924,-0.92681026,-0.78389430,0.75290495,-0.44816738,0.60772067,-1.20031214,-1.51119089,-0.50754875,0.61623085,0.19989091,0.78539658,0.07067958,-1.45479453,-1.39179111,-0.37304625,-0.00529997,0.22709095,-0.71648681,-0.27403659
1,0.616000,left,1,1.82574761,0.77015668,-0.47221085,0.22563052,-0.15979406,0.21859652,0.39457837,-0.59463245,-1.02968788,-0.21435787,-0.14545321,0.83140779,-0.38230667,-0.82306516,-0.10739806,0.61707258,-0.36722919,0.37245646,-0.11468334,-1.72058356,-0.11728785,-0.29660168
1,0.620000,left,1,-0.29642284,2.00371194,-0.20292620,-1.41532135,0.00543403,-0.28128356,0.76912868,0.83541435,0.60804814,-0.04935275,0.27096626,2.01443529,1.32427752,-0.68961912,1.11941063,0.07998271,0.56190675,-0.05477566,1.45627928,0.50724649,0.04602066,1.32968211
1,0.624000,left,1,0.25922564,-1.05240977,1.92767048,2.56413221,0.03832774,0.49039683,-1.38857126,-0.32582834,0.61125988,1.02619219,1.66309178,-0.43413776,0.48218212,-1.57681787,-0.95226163,-0.06348723,-1.44820106,-0.34300378,-0.84858567,0.25882259,0.21062510,1.83720148
1,0.628000,left,1,-0.26631802,0.12925756,-1.75300956,0.96207976,-0.22726643,-0.93664110,0.83953255,-0.55591118,-3.11497474,-0.61356360,-0.75505096,1.80627346,-0.74665600,-0.88558948,1.37802243,-0.66089869,-1.31954801,-1.01803470,-0.32819477,0.13914280,-0.30606669,-0.37250161
1,0.632000,left,1,0.70595616,-0.02208926,-0.79293293,-1.52645683,-0.21993358,-1.54433858,0.79452825,0.13507082,-0.91364896,-1.52689922,0.38843393,-0.06294452,-1.47597086,-2.30111170,-0.99206239,-0.26549101,-0.58645701,-0.58635890,-0.55400944,-1.51337683,-0.07101035,-0.74592316
1,0.636000,left,1,0.35852730,0.40679777,0.08074541,-1.08026457,0.96304816,-1.21973884,-0.96628183,-0.19352891,0.66971469,-1.60082877,-1.73357749,0.51954603,-0.37891519,1.53074479,-0.22710861,-0.63350171,-0.51143950,0.31892902,-0.50885558,0.20956267,-0.26522648,0.02604793
1,0.640000,left,1,-2.02611327,1.07673907,0.10550767,-1.20861673,0.41230160,0.75921053,0.59361303,-0.45244971,1.20806241,0.36857724,1.54792833,1.05999315,-0.07216482,0.57262182,0.13777740,-1.14820659,1.37414980,-0.08022277,-1.39535356,-0.84940660,0.75450176,-0.27170882
1,0.644000,left,1,-0.03254240,0.39922410,0.44758445,0.57856357,-0.22546142,-1.46999907,-1.56620300,-0.22913857,1.16893828,1.29367828,-0.90429848,1.34576845,0.31463966,1.92642379,0.76643825,0.69598007,2.28953004,0.18247150,-1.57397234,-0.64653152,0.03104772,1.72179759
1,0.648000,left,1,-0.15313944,0.34672204,0.49390921,-0.31052983,1.06539512,-0.96544057,-0.57615310,0.36807492,0.08775588,1.74576926,-0.17931005,-0.72260892,0.55401528,0.52901262,-0.22733396,-0.80967754,1.33749378,-0.75791299,-0.09156883,-0.03864807,-0.61345601,-0.66960067
1,0.652000,left,1,0.59314150,-0.49419004,1.07308567,-0.17157920,-0.27419272,-0.42028126,-2.54148293,0.75324768,-1.18694544,-0.95973617,-0.09913509,1.02160013,-1.08572698,-0.81333017,0.08762386,0.63931447,0.60378116,0.27881417,1.20678842,0.05416255,0.12538408,-0.12353461
1,0.656000,left,1,-0.07509451,-0.11437979,-0.26364529,0.22885296,0.86584067,-0.43897435,-1.33878613,-2.06807423,-0.75018263,0.49860379,0.76319939,0.53217244,-0.24031886,-1.77546370,-0.76794088,-1.22002900,0.55854350,-0.70036536,-0.13977593,-0.84824592,2.02394366,-1.35668468
1,0.660000,left,1,0.79771173,-0.81326956,0.04134801,-0.76767117,0.18062355,-0.90406722,-1.52363205,-0.96567392,-2.18502355,-1.00222182,-0.19839458,-0.04598683,-0.98878711,-1.24847543,-0.97306401,-1.02799439,0.72543424,-1.11205089,0.09042228,0.75927758,-0.43881482,0.61843151
1,0.664000,left,1,0.75098020,-0.50775051,-1.01928997,-0.66364872,-0.16587877,2.02199483,0.59859049,-2.36289692,-1.06312299,1.69578207,0.43480372,0.70462883,-0.39620024,-0.63494182,1.23509562,-2.55962944,-1.09992647,-0.32142189,0.39424598,-0.13295987,1.34442449,-1.46871281
1,0.668000,left,1,1.25274861,-1.65762985,-0.01368140,-1.02328050,1.84900928,0.10303280,0.01931803,-2.12573647,0.51384991,-0.88325292,0.95582873,1.87876761,0.65648854,-0.07598644,-0.69811356,-0.67082644,1.44732058,2.56322670,2.66300488,-1.82224345,-1.35320377,-0.63386476
1,0.672000,left,1,-0.71754456,2.68054938,0.22662005,-0.46244344,-0.17079303,-0.12856719,0.87775671,1.16565299,0.46302167,0.28379607,1.04645479,0.09217177,-1.40511167,-0.72683549,0.15303066,0.89696062,-0.35802564,0.30897921,-0.58814490,0.54844838,0.06748135,0.59186465
1,0.676000,left,1,-1.22418988,1.18144917,0.54449153,-0.26731101,2.06854653,-0.27100456,0.23711419,-0.83098006,-0.54163820,-1.72547293,0.52700925,-0.29873788,-0.41058674,0.65147090,-0.58239394,-0.08436663,-1.80616891,2.07374167,-1.17733979,0.51660681,0.48277944,-1.16700876
1,0.680000,left,1,-1.16121483,-0.60000902,1.83033431,0.65967256,0.43952194,-0.37839150,-1.18479705,-0.40563685,1.74751163,-0.16448560,0.58550614,-0.47259384,0.18380345,1.69050121,-0.49239942,1.68258595,0.72730458,1.23208737,-0.32192737,-0.83510852,-1.69409251,-0.66785890
1,0.684000,left,1,-0.10831973,0.17335726,-1.41637897,0.73113632,-0.43615633,1.89759970,0.78906626,-0.26366308,0.10413848,-1.31683588,-1.41788852,-0.37174839,0.14713369,0.06218002,0.88388115,0.19315828,-0.95220268,-0.36310416,-0.29158351,-0.36000350,1.03177369,1.18653977
1,0.688000,left,1,1.93857455,-0.86638463,0.42123979,0.73504043,0.66862088,-0.76786870,1.05231082,2.48168087,-2.57532978,-0.16603909,0.56104928,0.48738092,0.12494654,0.64864379,-0.81842846,-0.93022227,0.54232216,0.80738789,1.57363534,-1.79502475,0.41036960,2.08854771
1,0.692000,left,1,-0.13089047,1.24290371,0.20108874,0.89150137,-1.54525697,1.09731269,0.36973840,-0.83950454,0.36015552,0.57138813,-0.93601906,-0.75517553,1.37402403,-0.02995723,0.33631864,-0.53283226,0.30640733,-2.13043690,-0.13927670,-1.61664677,-0.44844747,0.90748471
1,0.696000,left,1,-1.16014791,0.81367207,-0.38140085,1.49176443,-0.55709124,-1.70572412,0.97370583,-0.82817143,-0.32402414,0.04178340,-0.24428889,-0.95390809,-0.48969030,-1.25850713,0.01320743,-0.68647099,0.42297819,0.16928871,1.98349750,0.29453796,0.19356917,0.88847476
1,0.700000,left,1,-1.13648057,-0.09485394,1.49151325,-2.60055900,0.82825249,-0.30948368,0.64424378,0.07218461,2.04032207,-0.88613623,-0.58299696,-0.66711009,1.29532564,2.17074943,0.21928197,2.25921464,-0.39916763,0.14489850,0.09667908,-0.01773857,-1.43862867,-0.52994502
1,0.704000,left,1,1.33738971,-0.03856648,0.53540981,0.67842817,0.57804239,-0.97057045,-0.41986531,-1.43270862,-0.29250097,-0.50317466,1.27765834,0.00973483,0.40745482,-1.67670703,1.01089478,0.45757121,0.85221326,-0.65577608,-0.88176352,-0.15401323,1.66615331,-1.30242622
1,0.708000,left,1,0.64169610,0.03576432,-0.01811253,-0.57500505,0.66739357,0.06277549,-0.63449430,-0.11474179,0.67504132,0.10484630,0.84910470,0.75327021,0.53395814,-0.77315605,-1.14123142,-0.57494420,0.82485473,0.45378798,0.34462607,0.29604593,0.42980433,-1.09900117
1,0.712000,left,1,-0.82013667,1.67526948,0.59097534,0.55028319,0.07605807,1.45477498,-1.08725345,1.37867033,-0.65618581,0.35381055,0.04078962,-2.09359169,-0.95463228,0.63959599,0.73311019,0.36301023,1.26802421,-0.03718195,0.69487566,0.06125665,0.41904283,0.48100379
1,0.716000,left,1,0.32476550,-0.31422967,-0.36186314,2.08526778,-0.60478687,-1.02308142,0.03502283,-1.85572970,0.98390448,-0.09086855,-1.45485890,0.07972629,-0.77721494,0.68990141,-1.15269852,0.36311650,-0.07157715,-0.58931988,-0.15047179,-0.07451575,-0.70128554,0.14849423
1,0.720000,left,1,0.25195685,-0.48713249,-0.12377881,-1.44556439,1.82621849,-0.36067221,0.74690586,0.27790487,0.51123297,-0.87426382,-1.86383712,-0.72898704,0.81779248,-0.01434372,0.71745980,-0.26832154,0.54062182,0.46848285,-0.34350348,1.09186351,-0.02162498,-0.88432038
1,0.724000,left,1,-1.87425578,-0.57179028,-1.51048791,-1.61950088,0.42469940,-0.21302292,-0.63279408,-0.19769707,-1.65427387,-1.92516744,1.33183181,-1.47031605,1.19884622,-0.35350686,-0.14233564,0.01369253,-0.92220235,0.75509071,-0.25493848,-0.07068043,0.49104452,-0.07146835
1,0.728000,left,1,1.07666755,-1.31035244,0.42156702,-0.10534803,1.53811932,-1.03198147,0.70835543,2.44735169,1.53229988,0.05116438,1.11636412,-0.95926255,0.39145452,0.83129811,-0.54933417,0.82980996,0.78177810,-0.52209151,-1.65399814,0.62181181,-0.57259858,-0.59952581
1,0.732000,left,1,-1.84430885,1.44131470,-0.14893509,0.25146845,-1.06333852,1.02026856,0.08395801,-1.87590659,-0.24604762,-0.44452679,0.10293747,-1.20100117,-1.35058558,-1.24743891,-1.73106980,-0.65145826,0.29133177,0.71466321,0.85941881,-0.10743346,-0.34058955,-1.93848825
1,0.736000,left,1,-0.52115530,-1.27176917,0.98373699,-0.13843232,-1.11788499,1.42612112,-0.63289082,1.31104863,1.24238384,1.38293445,-1.01271009,0.19500504,1.13559306,1.05656409,-1.52735031,-0.62866032,0.57952994,-1.05091810,-0.51016897,-0.62824130,1.53727722,0.29096273
1,0.740000,left,1,0.87278479,1.05324984,-0.57783127,0.35128775,-1.06898558,0.64247882,0.57537198,0.24286185,0.00134615,-1.66425574,-0.46619752,1.95094991,-0.77651864,-0.79486775,1.02637446,-0.28433233,-0.45836440,-0.43288553,0.31520045,1.86226094,0.36753964,-0.34227163
1,0.744000,left,1,0.61069685,0.25148040,0.24498846,0.52207071,-1.32945216,0.17453238,0.10166232,-1.70585430,-1.54090357,0.30721429,1.89899528,-0.49442703,-1.44376934,0.58911741,-0.93513298,-0.85877973,-1.73033476,0.02558243,0.27815408,0.68183106,-0.72490346,0.12453371
1,0.748000,left,1,0.77272099,-1.17650759,-1.12367344,2.20591068,-0.66696674,-1.22250950,-1.19786274,-0.81832939,1.28446019,-0.77059937,-0.31050193,2.33340073,-0.65470415,1.31659770,-0.91443658,-1.01862228,-0.17558156,-0.65023571,0.44704011,-0.76056421,-0.20251890,-1.10187995
1,0.752000,left,1,-0.96691430,0.11782161,-0.85665584,1.09746778,-0.58042586,-0.49389565,-0.35349864,0.55034089,0.83312052,-1.56337774,0.83694041,1.87140858,-1.13416457,1.01381385,0.31182352,-1.28611350,-0.61232036,0.51185983,-0.95273948,-0.64565557,0.62403750,0.17590797
1,0.756000,left,1,2.30573702,0.71031052,-0.44672161,-0.97517294,-1.41376996,-1.61087525,0.02310475,0.04612022,-0.86381298,-0.66208631,-0.32379776,0.01712637,0.44516766,0.37517259,0.24163173,-0.14622933,-0.33536997,0.26574436,-1.37988198,-0.29494041,0.08646103,-0.86380517
1,0.760000,left,1,0.39625838,1.02885914,0.79401976,-1.24060011,0.16206047,0.93754494,-1.15271831,-0.19232352,0.67292291,-0.35517246,0.90102249,0.65550363,-1.39437413,-0.59447604,1.17798209,0.58336484,-0.14373192,-1.55590820,-0.68307161,-0.59321809,0.06538831,0.48652524
1,0.764000,left,1,0.36571503,0.12272707,0.28182462,1.22544110,-0.03477998,0.16123469,0.79097497,1.24767959,1.11372268,-0.58195561,-0.26334369,0.24434932,-0.86163062,-1.19721925,-0.97593516,1.23738968,-0.51700717,-0.65514922,0.41059601,0.48862663,-0.57907015,-0.12303305
1,0.768000,left,1,1.91835058,1.44167268,2.65594268,-0.52287614,-0.27130651,1.39588726,0.94999212,2.60027480,0.70101708,-0.06762038,1.28048193,1.12403643,0.81579679,1.67134523,-0.46182129,0.47378966,1.62095988,-1.44168341,0.18009616,-1.27319801,-0.57680035,0.17798480
1,0.772000,left,1,-2.24142599,-1.46843314,-0.91199517,-0.77856863,1.51785791,-0.87320828,0.06168185,0.35576594,0.33976749,0.29482436,-0.14344296,1.49507976,-0.08297897,-0.86976743,-0.47877741,-0.64903146,0.24018955,-2.88062119,-1.44070184,1.68348134,-1.13853323,1.06098211
1,0.776000,left,1,-0.92688733,-0.69223684,-0.62445676,0.39378038,0.44204873,-1.52450097,-1.30032599,-0.17135414,0.33409524,0.11458167,-1.23012114,2.11852884,-0.98122817,-1.49187911,0.34307337,2.54532981,1.27361345,-1.15074706,-0.34468707,0.54191345,-0.27601698,-1.88156867
1,0.780000,left,1,-0.79261506,-1.53243649,0.37925175,-0.63042754,-1.60613394,1.44616342,-0.95383006,0.58944499,0.60779762,-0.83660358,-2.68388605,-0.17358495,0.52273512,0.78107023,1.01997721,0.81993771,1.09948587,0.20893434,0.28899351,1.22897708,0.01849361,-2.71554565
1,0.784000,left,1,2.09321284,2.63446021,-0.04618388,1.06993783,2.05668497,0.56696737,-0.62178326,-0.34188119,0.05395865,0.29157367,-0.91791701,0.70386392,1.25246096,-3.01709604,-1.68251240,-0.89699203,-0.85331774,-2.17083097,-0.03392806,0.93195808,1.27850604,-0.90662068
1,0.788000,left,1,0.63870740,0.33315217,1.02295840,-0.08623312,0.51304394,-1.71206129,-2.10534334,0.75502831,1.22790384,1.25646102,-0.67506206,0.55428249,-0.37062988,-0.38650894,0.16598716,0.20191395,0.85847861,-0.85049999,0.52885437,0.36807489,-0.29681152,0.52452499
1,0.792000,left,1,1.01883209,-0.72083807,1.28010142,0.37803200,0.52783978,0.39995852,-0.42440569,-0.74765617,-0.58338213,-1.64707935,-0.06998761,-0.49231449,0.45894891,0.48380828,0.17843847,-1.66155040,1.24343252,0.67920089,-0.59383070,0.65551126,0.00254728,0.01842630
1,0.796000,left,1,-0.81445545,-0.59244388,-0.22875655,-1.09729540,0.36139196,0.27624878,1.32662654,0.03859411,0.66970599,1.03778303,0.02276177,0.29491571,-0.54004472,1.04210472,0.09341036,-1.87975407,-1.08979833,-0.49940598,-0.63442415,-0.18749836,1.11396778,2.58728123
1,0.800000,left,1,-0.62662697,1.65170753,-0.28988573,-2.22385907,0.79736954,1.16343391,-0.16454239,-0.04398258,-1.36215723,1.58708727,-0.41797665,2.29549217,-1.08563185,-1.55213284,-0.89087445,-0.81434476,0.29806355,0.08795244,1.78615057,-0.53991938,0.21470599,-0.69890326
1,0.000000,right,2,1.42652607,0.28359103,0.66177118,-0.21811998,1.14495957,-0.97132576,-0.50840038,2.94915700,-0.18927340,1.07928872,0.75064969,0.23091984,-0.97510564,0.62954849,-0.02211995,1.08310533,-1.16250753,0.11183642,-0.92312908,1.54857647,-0.72830260,0.01878774
1,0.004000,right,2,-0.68956369,0.58020091,-0.14751792,-0.59301621,-1.48715711,-0.21812741,-0.04069626,-1.28017509,-0.27168542,0.71613723,-0.18418752,0.62631428,-0.50994211,0.94023389,-0.83957040,0.08253539,1.34590423,-1.43144763,-1.15214252,-0.88952976,-0.89583385,-0.06770892
1,0.008000,right,2,0.73775929,-0.44280851,-1.31367671,-0.04614466,1.21740043,1.26665497,0.48130715,-1.39526141,-0.80956751,0.24783292,-1.46796560,0.99334955,-0.68812263,0.51140553,0.25732207,-1.22944641,0.50769013,-0.00682062,-2.34303379,-0.40839007,0.90020263,1.53037202
1,0.012000,right,2,-0.89503807,0.38430992,1.57130837,-0.26445386,0.02614531,0.24383131,0.17382017,-0.04122937,-0.06650899,-1.18603468,-0.81482768,-0.58356577,-0.68829858,0.43453935,-0.87547082,-0.32894707,-0.95043057,-0.18284981,0.57226002,-1.71909666,1.10430753,0.29335532
1,0.016000,right,2,-1.62832808,0.67602223,0.73787647,0.48421043,-1.55810905,1.81257641,1.13961053,0.81992698,0.30403185,-1.81586301,1.95817780,-0.89166397,-0.11106564,-1.13649869,0.89003807,1.50636113,0.22371152,0.18586801,-0.05210735,-2.93174815,-0.99551898,1.18761563
1,0.020000,right,2,0.08018922,0.85717583,-0.36001796,-0.68251330,0.95011789,0.70311856,0.64584202,1.34548748,2.04013538,-0.70517302,0.23325974,-0.87387735,-1.44315326,-2.17482638,0.34322435,-0.71769494,0.80417293,0.71506494,1.54378557,-0.04716013,-0.89825934,-0.45279080
1,0.024000,right,2,-0.38977271,-1.04221392,-0.22197743,-0.83137053,-0.10161837,0.06157731,-1.08931530,-0.06142638,0.25990802,-0.48780760,0.04877592,1.30104947,0.81883353,-0.10576612,-0.15824595,0.56211197,-1.28216815,0.87422091,-0.15008439,-1.71239507,-1.24266458,-1.19668615
1,0.028000,right,2,0.05811089,0.02123046,-1.18348682,-0.10195898,-0.10029474,0.01296265,0.74663275,-0.93821490,1.92093503,0.71587616,-0.34261575,0.48212424,0.78744447,0.52760035,0.52328688,0.26258257,-1.32482529,1.91489065,-1.15492415,0.50129831,-2.11949682,-0.89748967
1,0.032000,right,2,0.11489649,-1.21485031,-0.21402894,-1.18597186,2.25084591,0.73752218,-0.21101001,1.29785442,-1.23903048,0.33461678,-1.05601645,0.27842557,0.85354781,0.32944816,-1.43945670,-0.14153986,-0.41465369,-0.09772657,-2.53505492,0.03946027,-0.03829815,-0.21329865
1,0.036000,right,2,-0.12713067,0.48800737,-1.95961821,-0.78444594,0.53884619,-0.91653073,-0.59944052,1.83974957,-0.17525434,0.68274868,-0.64176160,0.72559232,1.14633071,-2.00026798,0.26178324,-0.73091340,-1.70419860,0.69744503,-0.43240657,0.72687161,-0.02583666,1.88221216
1,0.040000,right,2,0.22296515,0.00614844,0.07208930,1.51505613,-1.19084430,1.19980872,-0.76676881,-2.37579918,0.29803407,-1.46981919,-0.59119534,-0.14441252,-1.23005211,1.17710137,1.39554095,-0.28032514,-0.23590983,-1.42871821,1.20988905,-0.89273065,0.69958609,-1.35635233
1,0.044000,right,2,0.07176448,-1.43284214,1.02808261,1.39296412,0.85496056,0.55129451,1.87890029,1.20557082,0.86755419,-0.76435184,-0.57883835,-0.34327883,-0.10506451,-0.18812354,-0.93047661,0.45865628,0.99031109,0.70243442,-1.28985167,1.70977604,-0.82828575,-0.02380419
1,0.048000,right,2,0.99666721,-0.55510879,0.31331021,-1.77071822,0.62368649,0.96500689,-0.24099252,0.11432286,1.01935327,-0.31606072,-0.72646832,-0.60327679,-2.20443916,-0.84946722,2.01225066,1.66855991,-0.55957347,-1.96464622,0.18794233,0.95402312,1.27341402,-0.50001442
1,0.052000,right,2,-0.05099674,0.86588973,3.13852549,0.16148557,1.59982812,-1.51275003,0.98275256,1.72738433,0.56213063,0.00589211,-1.19973993,-0.04851735,-1.49862623,0.49684465,-0.18103988,-0.87518984,-0.38215721,0.26721498,1.03519940,0.91204506,-0.55341852,-0.07449737
1,0.056000,right,2,-1.98398936,2.30227542,-0.49190322,1.15278733,-0.47439453,0.55732083,0.67558360,-0.63842958,-1.13676834,-0.31611350,0.53613317,-0.82932079,-0.25391424,-0.51095647,2.55937123,-1.17105913,-0.52641135,-0.14764597,1.07494235,0.38162845,-0.93288291,1.36568606
1,0.060000,right,2,-1.25420189,-0.19075653,-1.08113086,-1.50986648,-0.06981175,0.01052139,-0.01764127,-0.16775888,1.38330722,1.78306401,-1.76433361,-1.28477478,-1.21307409,-0.46788359,-0.27430901,0.39124346,-0.70305300,-1.95346594,-0.37705466,-0.03507333,0.34337583,-0.52711242
1,0.064000,right,2,0.18525754,1.04675162,-1.45145023,-0.76297128,0.75150502,-0.28429383,-0.59933245,0.29500023,0.25264406,-1.64616907,0.12169454,0.75652337,0.78712267,-0.92733049,-0.17707385,0.06325745,0.87180030,-0.41987789,2.12403536,-1.43581152,-0.37597072,-0.21700798
1,0.068000,right,2,0.97940111,0.97483718,0.01038897,0.01410596,0.29871815,-0.07706571,-0.69796258,1.17536569,-0.50072289,-2.22027469,-1.25302160,0.37583232,1.55310488,2.39233494,0.68906337,0.77026516,2.00993443,1.88558781,-0.31212103,0.03233704,-0.53011596,-1.08600616
1,0.072000,right,2,0.47383365,0.76890528,2.13589621,-0.25449005,0.75595671,-0.41819268,0.99597734,0.27360362,-0.51465780,-0.48388141,-0.01002472,0.25255990,-0.97752082,1.03271854,-3.56626582,1.38129818,0.88582349,-1.65815210,-1.05882633,0.91746396,0.37247440,-1.72996080
1,0.076000,right,2,-0.36092249,0.23051289,-0.21005018,0.55338669,-2.22706151,-0.44122535,1.02828455,-1.80216992,1.49117160,0.90894109,-0.25792718,0.31056616,0.03197620,1.15845203,1.81931627,1.60175240,-0.95859289,0.77984059,-0.60646653,1.09233558,-0.23605795,-1.47883666
1,0.080000,right,2,0.63129127,-0.12096960,0.22498147,0.86927426,-0.79790574,-1.49947572,0.16984943,-1.48984480,0.83891344,-0.17651641,-0.08430427,0.45071384,-1.42915452,-0.92571414,-1.32006073,-0.41905355,-0.96036351,0.98228616,-3.37937641,2.05370283,-1.39482820,0.76143008
1,0.084000,right,2,-0.38451985,0.81292313,-1.06811762,-1.60103333,1.02982974,0.73900771,-0.73608863,3.41877103,-0.78526288,-0.33777210,0.76119089,-0.88186646,0.52828997,-1.54003382,-0.20830797,-0.57405877,-2.49460125,0.16866113,1.04234946,-0.01025564,-0.06254330,-1.09167361
1,0.088000,right,2,-0.55298799,0.08004487,-0.46064600,-0.32310236,-1.56875885,0.95035172,-1.26378238,-0.02816100,-0.11492194,0.51263338,-0.98015928,-1.36835253,-0.53734565,-0.64945698,0.14659470,0.64279222,0.44746232,-1.43508565,-0.24635708,0.06817463,0.65981072,-0.45528460
1,0.092000,right,2,-0.97666550,-0.84356618,-0.37336284,1.88801312,-0.09331457,0.15188663,-0.11820444,0.42250314,0.27675381,1.78818345,2.10343337,-0.06122353,0.70875430,-1.74680579,-0.34501263,0.32310387,0.46684644,0.00925989,0.48610926,0.48748171,0.26076913,-1.44608855
1,0.096000,right,2,-1.04459393,1.21231222,-0.92867428,-1.68468940,-0.62776411,-0.55504656,0.05421605,0.84123808,1.24689639,1.23854339,-0.98671526,0.98911017,-0.21229722,-1.35030603,1.19530201,-1.39588559,0.01811360,-0.73194051,-2.77378201,0.91370010,-0.60803312,-0.17247960
1,0.100000,right,2,0.95514739,0.11471514,-2.78839469,-0.02394392,-2.17064357,-0.36112040,-0.51140350,-0.24882945,0.54810798,1.11246753,0.40846696,0.14115356,-0.53151250,-0.03944965,-0.33028513,1.86616361,-0.67137110,-0.46627250,-0.35018525,1.17278945,-0.73020840,-0.94703430
1,0.104000,right,2,-1.58076894,0.80148393,-1.59849441,0.47380093,-1.96831632,-1.33869851,-0.37541693,-0.52761799,0.31542489,-0.46611351,-0.61787552,-0.56150639,-0.40657794,-1.69871652,0.03206874,-1.36826444,-0.34170499,0.28821328,-0.36841905,0.11684581,-0.18073033,-1.20570970
1,0.108000,right,2,-0.57137609,-0.03089266,-0.11550290,1.84723473,-0.91852844,-0.47417635,-0.01236334,-0.06349093,-0.16853119,1.72165573,0.29017201,0.49844167,0.24931550,1.67339551,-0.21366958,-0.39255792,-0.91684562,-1.44588840,-0.24208450,-0.90088087,1.34174359,1.29567742
1,0.112000,right,2,0.23671021,1.14942861,0.68601084,0.61743379,-2.48043442,-0.92606741,-0.66341215,-2.54338312,-0.47205275,0.01122718,0.38511056,-2.68182611,-0.57870883,0.29020023,1.50196469,1.13413417,1.24411452,-1.45683324,0.90092885,-1.28947413,0.41138777,-0.64039892
1,0.116000,right,2,1.19457006,0.99319220,-0.65584856,0.93943846,0.20059374,-1.27410388,0.55248630,-0.57166541,1.81524849,-0.48603421,-0.27093050,2.33318830,0.66912568,1.32167840,1.82299697,-1.03271616,1.82710576,0.64700341,-0.92245984,-1.06344855,-0.25440040,-0.26728752
1,0.120000,right,2,0.42923158,2.31209183,0.24317533,0.03321323,0.46964958,1.49604034,-0.82445556,1.71966696,0.54603583,-1.34620333,1.48894382,-0.01504484,1.19360435,-1.22102869,-1.16685927,-1.15917885,0.96912563,-0.12938774,-0.70895994,-0.30674493,-1.54279816,0.28505856
1,0.124000,right,2,-0.29963675,-0.57070303,-1.26406693,-0.73926795,-0.71543008,-1.68976367,-1.57871473,0.62533146,0.95506448,1.20220637,-0.56362176,1.24502671,0.20234498,1.34686923,0.81808251,1.62027287,1.00922596,-0.83771932,-0.48599830,-0.08982174,-0.02612967,-1.22639549
1,0.128000,right,2,-1.64131749,-2.16856575,-0.40630412,1.41902363,-1.56617308,-0.98815072,-0.45707273,1.26967382,-0.76759946,-0.68183231,0.47181022,-0.34604210,1.30480695,-1.77213073,-0.44521281,-0.30643126,0.31101558,-1.79396963,-2.16560125,0.55550081,-1.73060465,0.84660679
1,0.132000,right,2,-1.03689480,0.44773024,-0.21767741,-1.84389138,-0.56678188,0.05068561,-0.06421121,-1.50986183,0.94551414,-1.16451895,1.06425655,-0.71386796,-1.53892481,-0.20019054,2.20461869,-0.18513259,0.25921345,-0.23973179,1.13197529,-0.83815771,0.24661510,0.43016991
1,0.136000,right,2,-0.68912858,0.34682220,-0.32321039,-0.53660607,-0.32013065,0.78943688,-0.12309660,0.98144376,-0.23725450,-0.09294366,-0.43182588,1.52160692,0.50381833,-1.41516221,-1.09822369,1.33865464,-1.46179223,-0.67558157,-1.18446851,1.54316258,0.81377852,1.29709566
1,0.140000,right,2,0.10905366,-0.18471567,-0.70335960,0.12872818,0.08975688,-1.71623302,-0.01360089,-0.04343950,0.92048103,-1.46820068,1.45825970,-0.96019155,0.37276781,0.84443760,1.08256781,-0.11416821,-0.71456343,-0.75339180,-1.16731501,0.64361280,0.54641414,0.33195591
1,0.144000,right,2,0.58498251,-0.86135477,0.25837439,0.69080204,-1.36858630,0.97827357,1.82549989,-1.24428606,0.81516325,-1.58964872,-0.00752062,-0.14431711,0.83296549,-0.60730559,0.46854889,2.02182913,-2.16468811,0.31551242,-0.43887737,-1.85431147,0.08223524,-1.87419772
1,0.148000,right,2,1.20845103,0.94556773,-1.17493629,0.82526743,0.40535483,1.63891983,0.68888241,1.02999485,0.57628089,-1.26743460,0.62371945,-1.12489748,-0.07919976,-0.42039096,0.13576490,0.28778297,-0.51486772,0.50812894,0.34787694,0.49526659,0.40225556,-0.25596160
1,0.152000,right,2,1.55872321,-0.21125057,-0.65813828,1.93635178,-0.71691710,-0.57314199,0.94543087,-1.89357829,1.15969062,-1.60030806,1.63545692,0.18769108,-2.53143764,0.02739873,0.52785325,0.00456235,0.60269070,-1.01780212,0.65336698,2.00943685,1.81949103,-1.07105112
1,0.156000,right,2,0.96571404,0.74975193,0.87900585,-0.43580380,1.04542148,-0.07523197,1.43079698,2.10108066,0.66195488,-1.59678292,0.19728483,-1.14172900,-0.83052844,1.97337997,1.99764919,-0.20932199,0.51764470,0.65524203,-1.14693964,-0.47795871,-0.77269018,1.33645165
1,0.160000,right,2,-1.69489944,-1.24961185,1.04158974,0.46380591,-0.76844668,-1.51099539,-0.24003759,-0.82551074,0.87340909,0.20762664,0.18976370,0.70522839,2.06834316,0.13789172,-1.73376262,1.12931812,0.02346640,-0.52661711,-0.69843209,2.38191199,1.43755555,-0.28126150
1,0.164000,right,2,-0.01696684,0.66286862,-1.81256676,0.40827456,1.02515447,1.38378501,0.08254926,0.22016285,-0.29699907,-0.16524328,-0.11418179,1.23019516,0.90174067,-2.86991835,-1.21657813,-0.67641515,-0.01364001,-0.52701938,-1.50764883,1.59605098,-1.21311045,-0.10441023
1,0.168000,right,2,0.94180489,0.10929085,-0.38555306,-1.29954958,1.20959425,1.29903400,1.34716916,-0.26306778,-1.53964984,-1.97337818,0.81387305,-0.65918428,-0.12382980,0.16554523,-1.56316972,0.35397148,-0.64828402,-0.63246608,-0.18277726,-0.54807788,-0.55955076,2.34050465
1,0.172000,right,2,1.24933159,1.35525906,-0.93940037,0.57406634,-2.17414665,-0.18521743,-0.16009262,-0.56093860,-0.10341147,0.61082613,0.40634680,-1.09611392,-0.69963694,-0.54301476,-0.61532056,0.69486058,0.61676335,-2.41089988,0.48326093,0.63924980,-2.57400966,-0.28583878
1,0.176000,right,2,-0.24954420,-1.11390817,1.60566378,-0.36272079,0.31056309,-0.53051621,1.16404235,0.39976293,-0.90161240,-0.98389518,-1.76273143,-0.28565377,-0.55300921,-1.35718441,0.67063671,0.14466429,-0.25493115,-0.69040149,1.76530445,-0.01010715,2.22784114,0.65260255
1,0.180000,right,2,0.37321633,-0.10796277,0.26220676,1.83654308,0.87805688,0.46601394,0.28612715,-1.67159235,1.39597595,-1.03364253,0.18239231,-0.01101980,0.16225906,0.34860224,1.17644596,-1.31189585,-0.68904746,0.73537809,0.35894653,0.31722009,0.90026540,-0.37943918
1,0.184000,right,2,-0.01253440,0.43078271,-0.31553918,0.21229079,0.12558161,-1.10011756,-0.87542349,-1.66697299,0.67192543,0.19269928,-1.70186377,0.21422957,0.45221335,1.41083395,0.37994683,-0.87636358,-0.73701876,-1.90415609,0.76989496,0.09094607,0.61893553,0.28416154
1,0.188000,right,2,0.70709264,1.44535136,0.32107803,0.50116628,-0.80942327,-0.40408146,1.04396772,0.51013911,0.42071554,1.70227695,-1.61778605,-1.39526749,-0.60266888,-0.98015726,-1.38238633,-0.90004504,-0.49325055,-1.11656368,1.34289169,0.22304410,-0.41203329,-0.75551003
1,0.192000,right,2,0.32208294,0.33459839,0.76512665,1.72607422,0.74744076,-1.44851506,0.50500923,1.49930358,-1.25972307,0.18460602,-0.39986065,0.14901495,-0.78786957,-0.36862293,0.78495169,-0.01036843,0.39636177,-0.52436560,0.29297006,-1.62430179,1.30162418,-0.47786945
1,0.196000,right,2,1.44529319,0.39393997,1.32631660,-0.60108602,-0.35057926,1.95338595,-1.36726296,-0.15774396,-0.28022528,-0.04501308,-1.08701861,-0.16989984,0.95461869,-0.43260384,-1.83125210,1.13797224,1.64295483,-0.73573065,0.91568196,0.26085323,2.39506459,0.87931275
1,0.200000,right,2,-0.17821056,0.73245776,-1.64340937,0.35112649,1.16724622,0.20294830,-1.05494475,-0.07970954,0.33615762,1.23797774,-0.29418531,-1.51405954,-1.41259003,-0.13608104,0.52414471,-0.78321618,0.02834130,0.34155226,-0.25799912,0.69234192,0.98973972,0.50229657
1,0.204000,right,2,-0.61352015,-0.36974090,0.76377881,1.05016732,0.53232390,1.28926814,0.20372388,0.36536944,-0.96176982,-0.68445843,-0.66678864,0.36909381,0.86656976,0.49941516,-0.38231760,-1.40464985,1.47564328,-0.87693608,-0.93291998,0.52751607,-1.84488714,0.18599696
1,0.208000,right,2,1.18794954,-2.94722962,-0.10337428,2.01245952,0.18384743,2.18327332,-1.26537848,-0.89791262,0.97462088,0.53227323,-0.93051106,-0.93741113,0.50592220,-0.24606213,-1.30413210,-1.68055475,0.17455442,-0.56848747,-2.05288339,-1.08622432,-2.71383047,0.34600812
1,0.212000,right,2,0.86588520,-0.59422761,1.14524758,0.00983396,0.56886911,-0.21198431,0.31037235,-0.71568602,0.46427587,1.35005772,-0.63477498,0.92248821,-0.20140763,0.16937423,0.78952920,-0.44005808,-0.80030084,-1.00618172,0.34806234,0.20016293,1.19996381,0.55343032
1,0.216000,right,2,-1.58457100,-0.48260561,-0.76977634,-1.52037501,-0.73723292,-1.48846865,-0.66539598,-0.73806655,-0.27798167,0.12620363,1.14474905,-0.80411267,-2.01307917,-0.26164237,0.95573312,0.04908146,-0.33954617,-0.57331920,0.06898898,-0.01549333,1.33803225,0.39284688
1,0.220000,right,2,-0.80815876,0.42353052,0.02974772,-0.18292293,0.71515709,-2.24816203,-0.55138052,0.85479403,-0.19828755,0.19225037,-0.93588698,0.48935986,-0.71203691,-1.30257952,-0.73840016,-0.95795435,0.12107439,-0.47142971,-0.48973012,0.78539753,1.32158005,-0.53105986
1,0.224000,right,2,-0.31890276,-1.53796649,0.61595190,0.55224085,0.63620615,0.89223236,-1.98555815,0.27529830,0.74287277,-0.61829644,0.14779250,0.77575403,-1.45758867,-0.47031477,-1.08571243,1.80613816,-0.69703788,-0.16007584,1.76608646,1.60829866,-0.07112590,-0.23341113
1,0.228000,right,2,-0.77507603,0.66193509,0.98932755,0.09487264,-1.39139676,-0.62912136,1.27809751,0.51284403,-0.19381265,-0.39518192,0.82078564,-0.42244813,0.20346250,-0.65643245,-1.48378980,-0.22759698,-1.22778738,-1.73052096,-0.52355647,-0.25152799,2.06918168,0.71278489
1,0.232000,right,2,-1.45738816,0.50026470,0.34502915,-0.62414587,-0.50411344,-1.06110537,-0.17286086,-0.33063081,-1.25064087,0.11211217,0.93000507,-2.11618614,1.21872592,-0.66399199,2.32736826,2.69313455,0.47535866,0.47483462,0.11803685,-0.55861354,-0.01972654,-1.50707376
1,0.236000,right,2,-0.37826017,0.69024009,0.68426055,0.94456810,0.23034064,-2.56527805,0.60386968,-1.40354919,-2.22580886,-1.38208628,-0.65359682,-1.58829522,-1.15330780,3.35562181,0.05197467,-0.04309176,0.26696706,-0.50168324,-0.70614320,1.43107259,1.16769671,-0.30167520
1,0.240000,right,2,-0.02636689,0.26681522,0.08649571,-0.16585547,1.25589252,-0.87379605,-0.03789727,0.48376009,-1.22810686,1.03908110,0.79551095,-0.29483154,-1.03501689,-0.36798432,-1.54725182,-0.50065547,-0.43409783,0.18018773,1.59280515,0.97095567,0.42116213,-0.43119171
1,0.244000,right,2,-1.01157260,1.11998475,1.46260536,-0.98073381,-1.39766431,1.53208816,0.36469990,0.70959699,0.22716285,-1.38274193,-0.02634044,0.28201723,-0.35221195,-0.22339924,3.24161124,-0.40092456,0.59845841,-2.24122405,-0.47547325,-1.06193268,1.68894374,0.04553833
1,0.248000,right,2,-1.09249973,1.31290340,-0.79369503,-0.29144967,-0.48644042,-0.58196151,-1.70492375,-1.41799057,-0.58086330,-1.24275839,1.40979481,0.06966400,-1.09210598,-0.97431940,-0.63783962,-0.33901867,-0.33452138,0.86446261,-0.55130869,-1.79881585,1.54106736,0.20166820
1,0.252000,right,2,0.58669847,1.05773461,0.96294987,1.85297966,0.03197584,-0.31518814,0.04097963,0.77916890,-1.59158194,-0.79864812,-0.43784535,-0.94201988,-1.44738519,0.09288992,0.45775193,0.40588254,0.59281874,1.70215166,0.53494936,1.04186344,0.28647789,0.60817254
1,0.256000,right,2,0.51125765,-0.77524853,1.31410193,1.67235577,-1.77235508,0.52393067,-0.41593137,-0.71410149,0.91528994,-0.11040869,-0.15969399,0.40341690,0.19868144,0.19015266,0.06286880,1.70219493,0.49141455,0.49228162,-0.63910675,1.23683655,-0.78931314,2.29608488
1,0.260000,right,2,1.18473554,-0.25393263,-0.72707725,-1.88427460,-0.13013799,-0.11711510,0.30404896,0.83863252,-1.34775376,0.02962292,-1.30046701,-0.29567149,-0.06586939,-0.85094911,-1.91780031,0.14480326,0.87125582,-1.18504834,1.03913176,0.48166397,0.68778467,0.43412992
1,0.264000,right,2,1.31311035,0.30996302,0.43323606,-0.77218336,0.52203113,0.64400810,-1.77962554,-2.26246524,-0.72592771,-2.14882946,-0.02998196,1.20798743,1.16745555,0.49415714,-0.01891864,0.23036863,-0.11630881,-1.59403348,-0.55471659,-1.28801310,1.53837264,-0.75708812
1,0.268000,right,2,0.41865525,-0.07576753,-0.89800918,1.42073548,0.57388502,0.77035362,-0.43811142,-0.26490584,-1.67736697,-1.21747220,-0.17803207,-0.12721398,1.62806451,-1.51516485,-1.18104613,2.23861861,1.53231347,-0.29327977,0.08958200,-0.11832057,0.59814751,1.07989156
1,0.272000,right,2,1.26158345,-0.60994536,0.71915030,1.12080479,0.70386207,1.06347871,-0.77658230,-0.55039895,0.75253087,0.35205659,-0.19242199,-1.50860214,-1.46996963,0.20351510,1.13618100,0.25556251,1.23596215,-0.18725011,0.69841468,0.10836384,-1.07558465,0.94937015
1,0.276000,right,2,-0.98258495,0.36201900,-2.12135649,0.24922019,-0.99285030,0.70905846,-0.01357233,1.34303069,2.24013376,-0.52499467,0.83419120,-0.43124393,0.37918240,0.28180334,-0.13153039,0.47113559,-0.61571085,0.87536985,1.29897380,1.54645944,0.56317943,-2.13771391
1,0.280000,right,2,-0.73161983,0.95747828,0.95001179,1.17597568,-0.27841547,1.19807518,-0.18885727,-0.35377827,-0.72947824,0.44091824,0.00615510,-0.62820011,0.47935367,-1.29227066,0.89519751,-0.17147933,0.81343186,-0.16053528,0.59591371,0.08506350,-0.43968377,-0.72821975
1,0.284000,right,2,-0.07897944,1.86648858,-1.05140483,0.20455202,0.26754358,-0.12161136,-1.32054710,-1.10464883,0.87623137,-0.51800472,-0.55265254,-0.10979138,0.33428457,0.25634807,0.62815619,-1.14357102,-0.81418008,1.17363143,-0.65246493,1.30431104,-1.80439734,-0.25408068
1,0.288000,right,2,-1.53020251,-1.27313817,-0.12821385,-1.44803441,-0.87935674,0.06669784,0.03360157,-0.92410511,-0.36967188,-0.45631143,1.11747777,0.52146840,1.05239880,0.88926584,1.47950864,-0.52535158,0.37621689,1.24316502,-0.81270254,0.36143145,0.79376537,-1.16936493
1,0.292000,right,2,0.92469788,-1.02804434,-0.25839025,0.36695024,1.24385917,-0.71434414,0.38704932,0.97186613,1.49362278,0.11915907,1.30896211,-0.33828557,1.74333525,0.57018495,0.49521261,-0.00542035,0.52730137,-0.72197038,-1.31422985,2.05496764,0.92550039,-0.14415960
1,0.296000,right,2,-1.22366428,1.07075691,-0.17402458,-1.24461186,-3.09642053,-0.36091173,0.81965148,2.52696657,0.12582546,0.75771552,1.35258698,1.38768768,1.12845004,-1.39347982,-0.89645952,-0.10169413,-0.13326901,0.35157794,-0.06849135,1.06047761,1.10778129,2.39125013
1,0.300000,right,2,1.18375003,-1.43005610,0.46338728,0.41029274,-1.20436323,1.51972687,1.18568122,1.18472540,0.93870586,-0.30609199,-0.39351714,-0.20813407,-1.30629838,0.73513567,-0.43988273,0.94565147,-0.93910617,-0.54385680,-0.01189099,1.00769031,-3.34711623,-1.36376619
1,0.304000,right,2,0.36568320,-0.64435959,0.88598263,0.10782104,0.11775231,0.61634904,1.65671754,1.53202176,0.92354447,-1.39182448,-0.78141642,-0.77801001,-1.06793690,-1.52411699,-2.70172143,-0.33310810,0.41875309,-1.02466917,1.07977879,0.27869764,-0.36906412,0.50575930
1,0.308000,right,2,0.99171406,-1.40874624,-1.15686810,-1.00248921,0.93614751,1.15735531,0.66042501,-0.32132289,-1.13467312,-0.63302851,-1.40417302,-0.53735828,0.35626745,1.09581923,-1.49309349,-0.71283740,-1.69916141,0.94793570,-1.32887912,-0.27126905,-0.64645261,0.64568108
1,0.312000,right,2,-0.48970300,-0.05740082,-0.01881621,0.45796010,0.46007770,-0.41537878,-0.88129801,-1.81103957,2.26796460,-0.35918006,-1.55518472,2.21640873,-0.82696873,-1.30852067,-1.64472151,-0.14898154,1.10745561,0.16933867,0.09291250,0.17970587,-0.15174177,-0.73618835
1,0.316000,right,2,-0.19673707,-1.27339625,0.42827174,-1.13434529,0.55462575,2.13819075,-1.29277897,-0.14583798,0.51099604,0.25635836,-0.55719399,-0.16666269,0.64855021,1.31976700,0.61480719,-1.50623417,-0.47780642,-0.63022876,0.85085255,0.64659995,1.04172540,-1.23939276
1,0.320000,right,2,-0.78933686,-0.49382856,1.80409038,-1.61629593,-1.50729752,-0.80039603,1.37761724,1.15213335,0.59851831,0.45304519,0.20303987,0.14922073,1.17738736,-0.08855946,-1.31138372,1.34129047,-0.11417122,0.10952823,0.18002467,0.90500271,-0.94276255,-0.80755305
1,0.324000,right,2,0.80556494,-2.41068935,-0.72907114,0.10245455,-0.35067981,-0.37538016,2.29683828,0.44485968,0.37537524,-0.88677859,0.70975053,1.07666433,-0.01228696,-0.93287075,0.42177221,0.97216320,-0.53281128,0.04197869,0.67293262,1.34438336,-2.39529467,1.82661343
1,0.328000,right,2,-0.49560967,1.51620722,-0.72369677,-0.36414868,-0.80613708,-0.22463220,0.05319301,0.30426085,0.88041258,-0.83218420,1.05269873,0.50250983,-1.43040013,-0.42800492,0.68088174,-1.25268805,0.58848435,-0.97394222,1.90003169,-0.69580376,0.95802468,-0.36895090
1,0.332000,right,2,0.88891566,0.77173209,1.29607630,1.74739075,0.00876678,-0.41439581,-0.23164691,-0.78131706,-0.70860010,0.62899524,1.10077643,0.11404585,-0.59008580,-0.62703359,-0.58922279,0.47414362,-0.41131759,-0.26156715,0.76952589,0.52663249,-0.20101133,-0.39308631
1,0.336000,right,2,-0.67000240,-0.14479402,-0.81913245,0.71643627,-0.20867291,-0.68065697,0.47050592,0.87213755,-0.66086203,-1.28145611,0.01298926,-0.86089939,-0.41060045,0.01321539,-0.84344459,-0.90929788,-0.92827141,2.07611275,-0.04385211,0.47598428,-1.07047713,1.61784184
1,0.340000,right,2,-0.41877839,-0.29465511,2.16346073,-0.57109201,1.09325004,-0.72822368,-0.04799942,-2.02154517,-1.73377669,-1.28638780,1.02683532,-0.46687055,-0.85002208,-2.13304186,-0.52682179,-1.76802874,-0.09134880,1.58612847,-0.80655062,-0.30986059,0.30418199,0.00224412
1,0.344000,right,2,1.45425105,-0.15257029,0.71881294,1.59738946,0.74115926,1.53748190,0.21380974,-0.73587298,1.43588126,-0.48954320,-0.75074720,-0.29640380,2.26437187,-0.09459694,-2.74415922,-0.92215621,2.35260129,-0.82840163,-0.06300685,-0.13043916,0.17356849,-0.12201616
1,0.348000,right,2,-0.37692401,-1.11791039,0.20089471,0.04808706,0.75253677,0.05344647,-0.37090528,0.51399630,0.39100114,-0.01674856,0.27062324,0.89451694,0.19607925,-0.22305277,2.63821101,0.59327072,-1.44301260,0.03125881,1.71190012,-0.86541128,0.57061523,1.39750004
1,0.352000,right,2,0.87060452,0.55611497,0.75389695,1.48478639,-0.03109817,-0.00211580,-2.13949752,0.75184149,0.54281664,-0.35048336,-1.21651769,2.07159424,-0.24848719,0.65454841,-0.13861442,1.47788990,0.17941824,-0.41789171,1.22044170,-1.24432838,0.63592201,0.12214069
1,0.356000,right,2,-1.07985473,0.55549055,-1.38964248,-0.16981705,0.44043767,-0.45346820,-1.86924863,0.06468907,-2.13806987,0.35097247,0.80890590,0.71190643,1.19457889,-0.47988382,0.04919928,-1.22519743,-2.85240841,-0.98148715,-0.01457769,0.12869138,-1.72758055,0.50310248
1,0.360000,right,2,-1.05911398,0.77764004,-1.81844616,0.89680529,-0.16361083,-0.54826784,-0.69066364,0.39866343,0.18753749,-0.08508869,0.52178401,0.10184201,1.77922285,0.41478699,-0.48874828,1.03914082,-0.17320821,0.37826869,0.62256604,-0.81661516,0.21105148,-2.09039950
1,0.364000,right,2,0.39275241,0.42639378,0.29151073,-1.05091286,1.20893931,-1.66462398,-0.03730020,-0.48457476,0.77884120,0.83634305,-1.13504541,-0.99332809,0.10323957,0.09465341,0.62735826,0.38675636,-1.42441273,-1.26367450,-0.37234223,1.18853354,1.26253259,0.72434533
1,0.368000,right,2,-0.32109866,-0.23474744,1.27069616,1.22974873,-1.13389778,0.76241130,-0.65408933,-0.75159240,-2.89764571,0.19348700,0.02147259,-0.58453339,-2.90369153,-0.17696349,-0.73704451,0.50539905,-0.14957291,0.04419198,-1.90318477,0.07706772,0.54698086,0.20137373
1,0.372000,right,2,-0.02370352,-0.83904070,-0.80844492,-1.15233934,-0.69022018,-0.58251911,-1.11072302,1.29967880,-0.61597365,0.99493456,1.02742755,-3.71208644,-1.69082785,0.18520075,-1.41300833,-1.09415114,1.16769540,-1.45790231,2.02977109,1.56856346,1.60785055,1.59408998
1,0.376000,right,2,-0.44531959,0.49274531,-1.10341215,0.32367378,-1.67842495,-0.67915899,0.85795194,0.50273269,-0.38374895,-1.92126632,-0.62759632,-0.30757052,-0.51942813,-1.11652386,1.00933242,0.93158782,-0.42620715,1.87043059,0.75695962,1.90369463,-0.07487515,0.09762702
1,0.380000,right,2,1.51821029,1.90066624,-0.83464789,1.40317070,-0.06235193,0.75801837,-0.77873898,-1.29099905,0.40376654,-1.16145563,0.07790395,-0.32745948,-0.86259669,-0.32742023,-0.47944087,-0.07936215,0.46373841,0.18180308,-1.32282257,1.39537144,-1.20335090,-1.21243346
1,0.384000,right,2,-0.09849574,-0.34298649,-0.92817700,1.38711166,0.61183387,0.34048542,-0.19268475,1.12900233,-1.03094733,-0.60148698,-2.56385517,0.02671557,-0.46382600,-0.52723747,0.85219109,1.15540957,-0.63695210,0.85092944,0.74501240,-0.71984410,0.22620699,-0.58323544
1,0.388000,right,2,-0.85561943,0.56782550,1.67139494,-0.25152066,0.23180708,-0.07209991,0.36386505,0.54461110,0.72141480,-0.62775391,0.91597909,1.45484245,-0.81648505,-0.73707467,-0.44551572,0.00972676,-0.21911378,0.47475198,2.05782056,-2.00907993,0.31550497,-0.12495200
1,0.392000,right,2,0.87701827,1.23136044,-1.00949526,0.20348366,-1.34022725,0.99194342,-1.74723160,0.19500108,-0.92986983,0.40401733,0.01953769,0.90396839,0.08572020,-0.39496180,0.40046108,-0.59006190,-0.15002826,-1.13745010,-1.38553131,0.87837720,-0.24568750,1.99226403
1,0.396000,right,2,1.01159692,0.33602804,0.69562644,-0.26651615,-0.83594024,-0.31110016,0.91820878,-0.22930737,-0.88905567,-1.08177233,-0.51357150,0.00625183,-0.20766516,-0.03276698,-0.09882511,-0.90570301,-0.21243545,-0.81364024,-0.78150427,0.03730430,1.52106071,-0.31749767
1,0.400000,right,2,-0.24588297,1.48452139,-0.20117363,1.74696994,0.82655221,0.45539594,0.33283651,-0.46464780,0.62312937,0.23402591,1.77596939,0.92838025,-0.23382816,-1.87403512,0.69009370,1.15105653,0.14560291,-0.11610369,0.21200256,2.26479101,0.09776387,-0.89776802
1,0.404000,right,2,-0.41544381,1.96731198,-1.08571815,0.65442759,-0.50643212,-0.58295208,0.13230813,0.46357620,-1.38866484,0.01851710,0.62023264,-1.44269955,0.91054100,0.07426759,-0.31684095,-0.78593808,1.01024020,-1.53454816,-0.70316488,-1.72744286,-0.13952380,-0.31458396
1,0.408000,right,2,-1.08752382,-1.76140261,0.52779067,0.15555388,1.61856675,-0.27558187,1.16128075,0.58526826,-1.75541949,0.95681638,-0.09087230,-2.21298122,1.13177502,0.16150945,0.20696768,-1.05383301,-0.16958271,-0.38101980,0.48621583,-0.22748283,-0.90924579,1.19237137
1,0.412000,right,2,-1.44957626,-0.80711687,1.11481321,-1.58968484,0.42428634,-1.08235633,0.12469741,1.36168706,0.64046264,-0.52053648,-0.25239944,0.12124848,1.55951917,-1.34713686,-0.91140598,0.38808411,-0.97480875,-0.96083480,0.97176594,-0.76254123,0.12733813,-0.85720164
1,0.416000,right,2,0.39624554,-0.60355437,-0.66076183,0.96661079,-0.59976661,0.83982503,-1.56045902,-0.78079724,1.84403634,-0.07541609,1.03838086,-0.29443902,-0.03337911,0.54534739,0.01247391,0.19821574,-2.71202993,-1.23411250,0.00992905,0.27737176,1.57159054,-1.00783980
1,0.420000,right,2,1.16738689,0.20202322,1.55412126,0.67436999,0.43750876,0.55812246,0.91005570,-0.09281369,-0.79511666,-0.38228369,-0.86360943,-2.11637712,0.98030442,1.03985119,0.04366130,0.26902145,1.14058709,0.76902372,0.81667960,0.63353932,-1.65995538,0.17406256
1,0.424000,right,2,0.27508935,-0.78899950,-0.56857383,1.30210006,-0.32712692,0.14776947,0.36627823,0.02364861,-1.14472628,-0.66796714,0.30262813,-0.09727176,1.52299631,1.23620474,0.17655295,-0.17948982,0.01606190,-1.52030694,-0.37894925,-1.55640078,-0.07037649,-0.89646518
1,0.428000,right,2,-0.80915815,0.19411862,0.75822681,1.47070992,-0.92831051,0.22669488,1.22927749,2.39632940,-0.11874837,-0.66425657,-0.40250525,0.51831824,-0.30870941,-1.34775066,-0.45002583,-0.55433559,0.14657226,1.19316089,-0.84813321,0.63920069,-1.94630039,0.01685345
1,0.432000,right,2,1.62168407,-1.60034502,-0.72185653,0.53293878,0.38782665,1.20735431,0.37897578,-0.50535393,-0.80306107,2.32498503,1.99323440,-1.15477407,-1.04676259,-0.96390951,1.54661655,-0.67423230,0.42853040,0.28667229,0.86124343,1.09027827,1.19563103,1.09158528
1,0.436000,right,2,0.71594495,-0.01675619,-0.67368680,-0.19568861,-1.54376721,-1.00738513,0.23216864,0.84370273,1.22686946,-0.27050495,-1.44315040,-0.30633497,-0.22186527,-1.83785808,0.96219462,1.63676810,-0.05808983,2.21065116,-1.07871425,-1.95656788,-2.38374805,0.20551276
1,0.440000,right,2,0.29516762,-1.00122726,-0.74686140,0.61462194,-1.71035862,0.27315816,-1.49765694,0.15962434,0.66914958,-1.62451828,-1.30493820,0.88288945,-0.98186547,0.06856504,0.32450071,-0.95387733,1.29629004,-0.42057717,0.34991333,-0.65594375,0.45335835,1.28698409
1,0.444000,right,2,-0.88036871,0.36537436,-2.18495703,-0.44508481,0.45916635,-1.81283057,0.75525999,-1.68209052,1.51575184,0.44309488,1.43741143,-1.71922910,-1.07106137,1.14373827,-1.56982672,0.31519014,-0.03330470,1.83242118,-0.13467464,0.31627941,0.16580373,-0.38460180
1,0.448000,right,2,0.60652423,0.26949161,0.77006221,-1.21543467,-1.01883531,0.96806777,0.31046489,0.54500514,-0.29782936,0.78731543,1.03275120,0.81566751,-0.68467128,0.31055939,0.57974684,0.00312665,-1.06041002,1.27937806,-1.23134327,2.52552605,-0.78816682,0.65963370
1,0.452000,right,2,0.66306883,0.69390976,-1.24459910,-0.47068512,0.01858893,1.66217768,0.64349705,1.19894683,1.39818597,-0.92644143,-0.95604122,0.78289795,0.91323799,1.47541988,1.18321681,0.41279501,-0.36912191,0.10262947,-0.45691270,-3.02970099,1.04638863,1.40173614
1,0.456000,right,2,0.23118593,-2.24817133,0.62480783,1.19681275,-0.59324563,-0.09090564,0.12078783,0.77396631,-0.14319304,-0.04776233,1.51027524,0.43523628,1.48220432,0.69571739,-0.57643420,-0.48085195,-1.16111267,-0.64768511,-0.06935824,-0.23911360,-0.52656054,0.93700963
1,0.460000,right,2,0.02296568,-0.77684528,0.95624781,0.05171284,-0.14313301,0.83825129,-0.62126958,0.41169435,0.10055878,1.70663786,-1.36010087,-0.12039950,0.45448828,-0.22698231,-0.42367837,-0.07592752,-1.33313489,0.58248657,1.90697205,0.14414878,0.26740420,-2.54282045
1,0.464000,right,2,0.29099661,-1.34504795,0.61048347,-0.46730170,-1.71497393,0.76490659,-0.71951669,-2.93230295,-0.07226792,-1.23882246,-1.91136217,-0.78983378,0.23976462,0.53384233,1.16938198,1.24500740,0.49931309,-0.34108078,-0.96342772,1.20187104,-1.35631657,0.77345413
1,0.468000,right,2,0.30294907,-0.28412446,-1.18509150,-0.24646147,1.07345939,1.56339300,0.08488986,-0.09820470,-1.75212872,-0.75522268,-0.93625462,-0.67224801,1.40192068,0.06973609,0.14568858,0.40862253,0.53034210,-0.32176951,-0.40721372,-0.65730006,1.29492235,-1.65761971
1,0.472000,right,2,0.77622700,1.06524181,0.79879868,1.65267348,-0.11849543,0.14773256,0.24001235,-2.43206215,0.03326983,0.08085337,-0.21770176,0.29583338,0.15189242,-0.99983585,0.72283328,1.09986854,-0.30651498,-0.02517071,-1.10416245,-0.85716510,0.25808999,1.23822975
1,0.476000,right,2,0.93668538,-1.18078494,-0.61541682,1.71895623,0.05719199,-0.27256119,-0.16647835,0.83520883,-0.93418694,-0.30035165,0.10145135,0.18714041,-0.75804603,0.14476994,-1.77366829,-0.66286457,0.70776689,0.78244334,1.40882134,-0.82247055,0.93155104,1.46772146
1,0.480000,right,2,0.41858771,-0.09703802,-0.98382223,0.09644794,-0.56270581,-0.44619882,-0.77416718,1.83837092,0.58042789,0.72400379,-0.15734136,-0.77100855,0.67678595,2.46395636,-1.50523770,0.50171739,0.59437931,-0.87424409,0.25704148,-1.62221217,0.01413430,0.74097824
1,0.484000,right,2,-0.44515729,0.06999137,-1.17198670,-0.01649143,-0.25614861,-0.73364264,-0.42553616,0.49606609,-0.97506517,-0.75775331,-0.20477110,0.01708316,1.53603709,-0.67137867,-0.37717614,1.67114830,0.92031348,1.17209029,-1.31551933,1.76350701,1.00601351,-1.17735326
1,0.488000,right,2,-0.27637550,1.64726949,-1.00221956,-1.65303564,1.18771935,0.33731455,-1.53779340,-1.74273062,0.06187496,-0.82903939,0.23980829,1.52774465,0.55459976,0.28901398,1.12794065,0.29766637,1.91290486,-0.45134628,0.70097917,0.75524956,0.39059001,0.33248770
1,0.492000,right,2,-0.17842469,-0.72473145,-0.51727468,1.41315591,-0.90111005,1.98081183,-0.95678729,-0.53802073,-0.21848300,-0.82613337,1.03484249,0.03027766,-0.11566983,1.19458067,-0.67592603,-0.65482748,-0.31862995,0.95294672,-0.30714795,0.52660739,-0.64453208,-1.12354302
1,0.496000,right,2,0.55208749,1.02000999,-0.49266022,2.11047959,0.06011193,1.18825412,0.28874069,-1.26162660,0.38790828,-0.44571096,0.17175359,0.71633059,0.27880156,1.20255625,0.06354994,-0.82109582,0.01965093,-0.46394536,0.51115388,1.00270224,0.75487149,-0.33371311
1,0.500000,right,2,0.62749320,1.68178165,-0.74743438,1.12432587,1.62348866,-0.02047299,0.13726053,-0.22996429,-0.98432112,0.63448304,0.74000257,0.71392018,-0.79983413,-1.79421091,-1.68047619,0.10108060,-2.12643170,-0.59039474,0.14727987,1.44633329,0.07751699,0.07874951
1,0.504000,right,2,-0.89369255,-1.14153790,-0.28080603,0.75631148,0.73052704,0.06509388,0.14782260,-0.22828737,-0.04481178,0.48517206,0.13510059,0.81521660,-0.04112288,1.12585998,-0.24051009,0.71996027,-1.90087318,-2.18820810,-1.40787685,-2.08974361,0.81135523,-0.68555856
1,0.508000,right,2,-0.40264350,1.00168419,0.70767432,-0.98256916,-0.14892507,2.21045470,-1.33264196,-1.07907796,2.65798783,0.79893219,0.29189640,0.02170537,0.96947062,-2.46317124,0.63779795,0.91249013,-0.79795170,0.28349090,-0.69496918,1.21957088,-0.10338443,-0.79209930
1,0.512000,right,2,0.98657948,-0.15670966,0.62988144,0.42412725,0.46016350,0.33408347,0.35962343,1.77873480,0.01092512,-0.45674983,2.21053672,0.65365261,0.58517277,-0.39400670,0.12319875,1.29223478,0.33505386,0.66925603,-0.14396457,-0.24682733,0.98327309,-1.85653257
1,0.516000,right,2,-1.18175483,1.19783854,0.57522595,-0.70500654,0.79706740,0.23976910,-0.96136445,0.93530983,1.03638995,1.44548905,-0.99529469,0.75487804,-1.16666079,0.44608110,-0.04457854,-0.85264146,-0.31848362,-0.87222612,0.89428258,-0.79941475,-2.07279539,0.62467182
1,0.520000,right,2,1.51772594,0.16904910,-0.44538566,-0.16412917,-0.46712419,0.49992061,0.58589566,-0.21988775,1.92009389,-0.02659513,-0.48782045,-0.38495469,-1.17595935,-0.51501983,-0.70560098,1.18712056,-1.66529155,-2.05670285,0.48717263,-1.49633658,-0.14890608,1.53612697
1,0.524000,right,2,0.27337569,-1.15566444,-0.50172633,0.36462376,-1.64166331,0.10856713,1.54459369,1.30323529,-0.63210946,0.00606586,0.88470876,-0.88512367,0.57205486,-1.43595326,-0.55764139,-0.14257886,-0.19486631,-0.42657441,-0.28442836,0.82280177,-2.18956661,0.94487309
1,0.528000,right,2,1.29134977,0.16200894,-0.06530590,-0.15441501,1.61428332,0.48183924,1.74980772,-0.16871934,-1.43552303,0.91061866,-1.07127404,-0.49257031,1.36318099,1.21121120,-0.70980209,1.61759758,0.63724452,0.96419489,0.99178296,-1.27442336,0.08760171,-1.12897861
1,0.532000,right,2,-1.82389462,1.20608926,-0.21014334,-0.74562067,-1.16444564,-0.12968156,0.76085544,-1.21107244,-0.78371483,0.09425934,0.34198382,0.39653748,0.51925272,-0.30147102,1.49226952,-0.18881303,0.77612764,1.23637784,-0.06224287,0.33160365,-1.03253496,-0.65917289
1,0.536000,right,2,0.94699234,1.40763783,0.26254728,0.92245829,-1.09098995,0.54160833,-0.27962196,0.41256943,1.54606223,-0.17109482,1.88037837,-1.89706624,-0.75915480,-1.98459411,0.97298479,0.36473924,1.83756161,0.81148338,-1.19350231,-0.63954341,0.96281856,-1.45696700
1,0.540000,right,2,0.58850282,1.32567787,-0.86628747,-1.15172470,-0.64793479,-0.85885394,-1.12142241,0.38478860,1.60207176,-0.19591416,0.00132774,-0.02371882,1.53963947,-2.52307916,0.98512930,-0.59461254,0.48379046,0.89769638,-0.82139409,1.88466263,-1.46167028,-1.10620248
1,0.544000,right,2,-0.07511950,-0.15767758,-1.09221327,-0.91670370,-0.12677246,-0.94110411,-0.92867309,-1.07177663,-0.95297599,0.35557622,0.73395199,-0.23744735,-0.72835869,-0.93135911,1.42072487,-1.40304220,-1.05211687,0.46862432,1.39194345,-0.95597792,0.07291703,0.09970096
1,0.548000,right,2,-1.17902899,-0.80725706,1.41048419,-1.18540597,3.13819122,0.48244223,1.83175886,-0.17275521,0.92305923,-1.79003596,1.69600868,1.53265369,-0.21159746,0.50471228,-0.67020434,-0.90143389,0.56261212,-0.41842535,1.26036918,-2.00461555,-0.72491890,-0.51150864
1,0.552000,right,2,0.09482841,-0.20675546,0.52834916,0.51556689,0.42365733,0.42188993,1.95831311,0.21575511,-0.07278819,0.35516262,-0.58732414,0.41402018,0.04177715,-0.10773095,1.93041754,0.05624955,-0.55695343,0.24869125,0.29923144,-0.47288471,1.06003273,-0.74487537
1,0.556000,right,2,-1.70151746,-0.08326098,-0.91859770,-0.46422687,1.01216066,1.38032019,0.40138617,-0.04933355,0.04915664,1.41884279,-1.84066308,-0.43421313,1.14768434,1.76039028,-0.87646043,-0.84405869,0.73355347,-1.45138860,0.11333550,-2.03612137,-1.93367898,-0.37143269
1,0.560000,right,2,-1.34758925,-0.11041690,0.21710682,0.69873768,-2.36090040,0.00682621,1.21094632,-0.30635118,0.05037118,-1.78583074,0.45497188,-0.32126164,0.71630603,0.84064215,-1.80536914,-0.52197647,1.01200199,1.21702206,-1.43535709,-1.23389053,-0.45209250,-0.29616964
1,0.564000,right,2,0.11109438,-0.18145174,-0.87185866,-0.65467006,-0.21802118,0.63872272,-1.97400749,1.42373383,2.12224293,0.79246193,-0.41434562,-0.68768102,2.00712872,-0.81069547,-0.22691102,1.61619437,-1.05256712,-0.72793525,0.08868647,0.76199096,0.94543308,-0.48722568
1,0.568000,right,2,0.63957381,-1.06533396,-1.07748950,0.67498261,-1.62030971,0.55136400,2.15742326,0.26868844,1.59713256,0.90710539,-1.53401971,-0.44207156,0.67352945,-0.48915321,-0.01216843,-1.42971230,-0.13738598,0.25729316,-0.39398435,-2.58361340,1.75061572,-1.31063855
1,0.572000,right,2,0.10751131,0.24628487,-0.27647668,0.31216216,-0.12382334,0.52331537,0.24580498,0.51893586,0.57982105,0.25860754,0.41435122,-1.04617155,-0.68217438,-0.74537176,-2.03573513,-0.01021715,0.29381540,-0.10482621,-0.79220438,-1.50819814,0.17777708,-0.00780039
1,0.576000,right,2,1.76783431,0.25498006,-0.56593144,0.12892617,0.28225908,1.05940235,0.04572657,0.68871170,-1.59679615,-0.52631366,-2.03152895,-0.13154589,0.05890305,-0.59532452,-0.78517711,0.64058465,-0.90746146,0.02035687,0.29804850,0.12427694,-0.08906800,1.01399267
1,0.580000,right,2,0.91127455,-1.41538823,1.41230321,-0.41698349,-0.75841892,0.21088852,0.78126931,-1.90884292,-1.02798200,-0.42155257,0.08474836,0.76669210,-0.79407871,0.11512113,1.00320375,-1.73574185,1.05385768,0.13686216,1.56177139,-1.07915807,1.29822183,-0.99131888
1,0.584000,right,2,1.32666206,-0.64698529,-0.05590133,0.85678393,-0.65753132,1.46789038,1.83047760,-1.79359484,1.78749979,0.52550286,-0.32747257,1.44769704,-0.57947195,-0.66978604,-0.14541620,-0.90107197,-0.30908906,0.14394766,0.60164833,0.35771266,0.29174802,-0.18186481
1,0.588000,right,2,0.46896100,-0.26014873,-0.30867699,-2.74464822,0.94828039,1.26143205,0.66271144,-0.15598926,-1.06451237,-0.26203918,0.95251465,-1.06806266,0.16889447,-0.54175997,1.15732956,-0.66130048,-0.44578928,-1.36568451,-1.37709522,-1.20765078,-0.51485229,-0.82627326
1,0.592000,right,2,-1.08056808,1.52044535,-2.13024807,-1.91099989,1.34874833,-0.51992100,-1.15829182,-0.09999365,-0.03085331,-0.10326041,-1.48792243,0.13578881,0.16264388,0.18815322,-0.50964403,-0.11629116,0.81100595,-0.21571589,-0.86214495,1.79682815,-0.87565762,-2.36088181
1,0.596000,right,2,0.95175534,-0.06285464,0.15466408,-0.06820104,-1.14078832,0.72281867,0.17546150,2.11193848,0.86639005,1.16959262,0.65792161,-0.15629098,0.17285718,0.13657084,1.15803933,0.78502351,0.37649113,-0.07347043,-1.91002369,-0.17516455,0.25212345,1.32105660
1,0.600000,right,2,-0.50040680,-0.80471307,-1.59454787,-0.54229921,0.95933026,0.86476362,1.03100705,0.02781875,-0.53502643,-0.25539836,-0.78751892,1.28143728,0.60606879,0.36185351,-0.14385788,0.63548547,-0.66569990,-0.04634535,-0.69930482,1.28431726,-0.65545470,1.70303130
1,0.604000,right,2,-0.17837965,0.67675930,-0.51243967,0.64918226,0.63142401,0.97229463,1.13711786,-0.48866040,0.55351859,-2.06037450,1.53652143,0.19193166,1.60018408,-0.53549618,0.91872573,-0.61279970,2.00111699,0.27199709,0.75579667,0.23073569,0.24298774,-1.59907508
1,0.608000,right,2,0.14204168,-0.26243737,1.52018976,-1.15311277,1.12739646,0.50180197,1.55321467,2.13032413,0.35056895,-1.37925816,-0.92124152,-0.69625098,-0.77824038,-0.26885042,0.74549145,0.66311800,-1.41070175,1.23339796,0.11584338,0.12923934,0.05726463,0.51764029
1,0.612000,right,2,-0.81458914,1.19656289,-0.56960416,1.37168837,0.06212828,2.13348269,-0.77869928,-1.51629508,-1.63677704,1.46842480,-1.04517877,-0.85353559,-0.94208860,0.91560131,-0.41009787,0.32016277,-0.17577864,-0.37823933,-0.39737502,2.45232916,-0.79517245,-0.66131634
1,0.616000,right,2,-1.27721870,1.34400225,-1.05145240,-2.28502154,-0.12502332,-0.64046472,-1.91987360,-1.03500640,-0.89915729,-0.16770619,-1.37962878,-0.87109458,1.22001708,0.63229001,1.31589901,-0.36630270,-1.02486455,0.88684255,2.46923733,1.62456560,1.11641049,0.02867447
1,0.620000,right,2,-2.08435535,1.11179781,-0.05672055,-1.13390613,-1.17235732,-0.08589226,-0.47836465,1.89219642,-2.54248285,-0.23121978,-0.25726974,1.10002816,0.24330597,0.53802115,0.82196093,-1.10746014,0.35526624,1.46218467,0.50790727,0.46075001,-1.32079256,-1.62951934
1,0.624000,right,2,0.70795655,-0.43173671,-0.52943122,-0.69545704,-0.33637452,1.08192682,-0.77989292,-0.07615651,0.42435291,0.47604072,-0.30840817,0.62068188,0.32847860,-1.19447637,0.91378194,-0.48774418,0.72118801,-1.81449580,-0.63935375,-0.16183496,-0.22111468,0.19285738
1,0.628000,right,2,-0.22324196,-0.93150550,-1.54452813,-0.04192197,0.28167519,0.34096983,-0.13977961,1.34534085,0.10166193,-0.44765013,0.73097432,0.68455094,0.91992033,-0.48013124,-0.74863654,-0.26154789,-1.29580712,-0.24387978,-2.80956101,0.37915012,-0.25049156,0.39961597
1,0.632000,right,2,0.66276217,-0.39645815,-0.61794049,0.67743075,-0.38796675,-0.55434251,0.94391602,0.19362155,0.44554380,0.75465852,-0.42074230,1.14312100,-1.27291226,-0.04005678,1.07982683,1.89772844,-1.12171519,0.62211853,0.10534006,-0.70906264,2.70284343,0.26625597
1,0.636000,right,2,-1.07173002,-0.56133902,0.93795806,1.38860345,-2.21692443,-0.61354333,-2.67935038,-0.53418505,-1.11106217,0.05202620,-0.89160287,-0.35077211,1.23936677,0.47066021,0.46021569,-0.68294424,-0.33606336,0.68559599,-0.65159732,0.09522182,0.99019754,-0.95077795
1,0.640000,right,2,0.35214078,-0.28787628,1.72149444,1.35512352,1.30191004,-2.25677013,0.05130082,0.04130243,-0.66620415,0.08422821,1.26766980,-0.33858782,1.34874225,0.78358704,0.83576155,-0.39141586,0.72651857,0.16509120,-0.92282850,-0.79276049,0.29098836,0.44397807
1,0.644000,right,2,-1.51767004,0.48218572,-0.35508096,-1.26429152,0.60837221,-0.10652298,0.89052105,-1.96803892,-1.49017072,-0.05877490,-0.88627821,-1.49849510,-1.72276604,-0.98275435,-0.73817801,0.25738713,-0.38730559,0.44514951,-0.76314133,-0.53252131,-0.73859525,0.42063355
1,0.648000,right,2,-2.07703662,-1.55841899,-1.46358645,0.16337536,-1.44852149,-1.31173706,0.14233969,-1.13559020,0.78401500,0.85587722,0.69377667,-0.58787280,2.50434947,0.84663725,1.49335682,1.32859802,0.18542974,-0.22216983,-0.36116171,0.51442993,-1.80434942,-0.93100154
1,0.652000,right,2,-0.75243354,1.06040156,0.79964644,-0.14526805,1.39271235,-2.08721113,0.04522186,0.91138220,0.20128843,1.58123636,0.41860902,1.51431382,-0.94912237,-0.62306875,-0.13571802,-1.84940410,1.36441898,0.98401010,-0.77740389,0.71529192,0.51264346,0.30712834
1,0.656000,right,2,0.13585714,0.35750732,-0.59188169,-1.65641761,0.07165432,-0.50348216,1.37524843,-0.31463224,2.03675199,-1.05426490,-0.15431769,2.29722667,-0.03046001,1.04774106,0.91003478,0.05640804,1.13594413,-1.31476080,2.20088315,-0.48476085,-1.11578465,-0.83258063
1,0.660000,right,2,-2.30557060,-0.68696028,0.22134869,-1.71598327,-1.05228662,-1.24048412,-0.31215578,-0.08881768,-1.98824310,-0.19111735,0.74896538,1.35721433,-0.98214507,0.78986079,0.18978772,0.10748248,-0.65890872,0.17334640,-0.36130747,0.00371746,0.51250607,1.07290089
1,0.664000,right,2,0.19656737,0.63548970,1.07671595,-1.10257578,0.29028645,0.84359014,-0.60846645,-1.83321643,0.51249498,0.14276193,0.91983926,-0.42082852,0.74180394,0.05749888,-1.00784087,0.20300643,-0.51996344,0.61945808,0.39572394,-0.19196922,1.81911016,-0.40527433
1,0.668000,right,2,0.17946799,0.81136924,-1.45065737,-0.83438051,-0.02897647,-0.75005502,0.96627492,1.35114980,0.36890051,-0.22362353,-0.50033677,-1.04202342,1.21383905,-0.88571829,0.68322390,-0.76768684,-1.57807529,1.50387561,-0.77268881,-0.17038435,-0.73134065,0.07706326
1,0.672000,right,2,1.58336365,-1.05302477,0.33921748,0.83043331,0.08071250,-0.92582279,1.28051627,-0.50513494,-1.00494170,0.84335023,-0.75581169,1.60564148,-0.16438591,0.66903871,0.92985427,0.58051747,-0.15981996,0.92261773,0.50999814,-1.46054375,1.58255374,-0.39681903
1,0.676000,right,2,1.31573486,2.31949997,0.40599826,-0.63963234,-1.05706382,0.66275996,1.56419122,-0.53982252,-0.65136212,1.05836046,-0.87606478,-0.80745614,-0.15260832,0.32661772,-1.35823715,1.22344398,-0.56811178,0.77305460,-1.08246279,-0.16467838,-0.02818564,0.08393526
1,0.680000,right,2,-0.19503334,0.63833767,-1.13044560,-0.63770974,-0.58611268,-0.79980266,0.82781136,0.02504232,1.26975727,-0.77129453,0.65601605,-0.69139808,0.58127493,-0.27563834,-0.37073171,2.11353493,0.07490068,-1.02178025,-1.34124386,0.45321935,-0.85950804,-0.35006329
1,0.684000,right,2,-1.11633325,0.53191012,1.49866748,-1.49888802,0.29679856,-0.36570892,-1.10892272,-0.42191693,0.01039810,1.47667670,-0.45726565,0.03639845,-2.05505204,0.23187697,0.44825968,0.45526052,2.34881306,-0.52591109,-0.63041365,-1.85525429,-0.22377908,0.93257201
1,0.688000,right,2,1.06998813,-1.41475952,-0.32183108,0.72548163,0.93106902,-2.28021264,1.07043648,0.22075310,0.13847989,-1.32312036,-0.09526914,-0.52554256,0.28612190,0.91217667,-0.08476579,1.35218024,1.47656620,1.06967342,-0.86790735,-0.29219091,-0.12129748,-0.52641952
1,0.692000,right,2,0.34096906,-0.63702565,-1.41544604,-0.40602860,0.56535488,-0.30547011,1.47744477,0.80630356,0.89679271,0.91290754,-0.90371984,-0.30563581,-0.44649392,-0.33659312,0.61350119,-0.01002541,-0.19084796,-0.08947732,0.79992533,0.91826898,-0.24459369,0.28189915
1,0.696000,right,2,-0.93482685,-0.97169244,1.97732651,-0.63007659,0.19889152,-0.62009144,-2.20463204,1.46604991,-0.48100495,2.07846785,0.08054037,-1.18346310,0.36773252,-1.86516798,-1.20796108,0.78387606,-1.76637650,-0.89366525,-0.14896378,-1.82361937,-1.05068982,0.01811278
1,0.700000,right,2,-0.90993476,3.44128394,-0.03287023,-0.16714446,-0.67135417,1.29288697,-0.10777045,-0.88263798,-0.44839123,-1.04205549,-0.66242486,-0.17951789,0.13211712,-1.24124789,-0.32752898,0.46734938,0.93148226,0.34778914,-0.48976415,0.59143859,-0.65050131,0.20642923
1,0.704000,right,2,-0.83536619,0.63652104,1.09031165,0.00314477,2.12808919,0.85168147,0.06512089,-1.04388165,0.02456751,0.21250121,-0.77296412,0.48588040,0.45325494,-1.08651721,-1.11918533,1.67127872,0.40866548,-0.26226872,-0.03465971,-1.17447948,-0.29271775,-0.67569828
1,0.708000,right,2,0.98697340,-0.13679297,-1.04861283,0.81935549,-0.86630148,1.45716214,-0.26094833,1.07294345,0.32552087,-0.29907411,-0.66265559,-1.36873472,1.32330573,-0.29898763,0.66981339,-0.87227124,1.75564969,-1.40426493,-0.54136884,-1.01047385,-0.49519756,1.82260585
1,0.712000,right,2,-0.50047064,-0.26313341,-0.36320341,0.20134062,-0.72367239,0.30499300,0.72050524,1.03915000,0.14503698,-0.99431467,-0.48371488,-1.39037788,-0.53914255,-1.12362063,0.09199411,-0.05637003,-0.42218113,0.99367476,-0.30995843,0.78203261,-0.20961763,0.81083572
1,0.716000,right,2,-1.01817179,0.61254221,-1.73338747,2.33488894,-0.60099649,0.94538361,1.89969707,-2.80319715,1.96217108,-2.33872557,0.28662145,-0.53438658,-1.60137081,1.04757571,-0.58067137,2.09868073,0.92148370,1.84135425,-0.56236118,-0.28364828,0.10103600,-1.76278198
1,0.720000,right,2,0.87049699,0.64024979,-0.78182626,0.19410262,0.38101816,1.16461921,-1.49281394,-0.51724404,1.42370343,0.63075793,-0.68558007,-0.64199764,0.66859066,1.81590307,-0.63801122,-1.19252503,-0.10752107,0.11166820,-1.60538542,-0.77715808,-1.15302658,0.20360841
1,0.724000,right,2,-0.02829578,0.73423308,-0.52406251,1.74224734,0.09633240,2.61227846,-0.16528487,0.71370780,-0.14371046,-0.52415156,-0.21394992,0.07186174,-1.34901083,1.25466299,-1.25278962,1.12830234,-1.10323513,-0.52880454,0.38832486,0.77025133,-1.46549082,0.05962764
1,0.728000,right,2,1.80867362,-0.57956767,-0.31582704,1.59468949,0.11022273,-0.79465616,0.72416586,-0.39022362,0.21149595,-2.54071808,-0.12247746,0.52423334,-0.85575855,-0.40661237,-1.54570842,0.73163974,1.53714156,1.37819445,1.55615854,-1.27320623,0.13395104,0.53276825
1,0.732000,right,2,-0.02921402,-0.37479416,-0.90011066,-1.97309923,-0.40204394,-0.47586530,-0.45959005,0.01910327,0.66841197,1.52087224,0.50774217,1.47118235,0.10622156,1.05957854,0.51188850,-1.30462742,-0.00976896,0.18275419,-0.22769046,-1.70608604,-0.13565713,0.27234867
1,0.736000,right,2,-0.16268644,1.04902828,-1.19432104,-0.55791235,0.07238649,1.37501621,0.22535409,-0.54857880,0.94111603,0.32960364,-0.10977388,-1.17386270,-0.71750903,1.54706025,0.16964467,0.16761868,-1.05861533,-0.06815220,1.57517815,-0.93127382,-0.01045060,0.47226813
1,0.740000,right,2,0.15758386,-0.90982109,1.00494802,-1.55806506,0.35712463,0.27303284,1.63478971,0.03678673,0.43894964,1.21303427,0.13216110,-1.17119145,-1.68306029,-1.32060039,-0.45347369,0.57637906,1.12305665,0.98109895,-0.65984517,1.19484901,0.42193988,-0.65766644
1,0.744000,right,2,0.78983361,-0.89532757,1.61315799,-0.59504426,1.00676823,0.36038363,0.65995806,0.79933989,-0.68638331,-0.38151082,0.39422682,-0.63907647,-1.44213474,0.32732925,-0.06147277,-0.06907509,2.43744254,-0.09087028,1.09447575,-0.31494126,0.97207868,-0.01384212
1,0.748000,right,2,-1.28653276,-0.73644745,-0.14662069,-1.58492351,0.24649391,-0.22621232,-0.68341118,-0.67602354,0.11831078,1.73481786,2.23809671,2.31873560,-0.32280758,0.25472543,0.90312922,0.59909570,0.83683091,0.41605827,-0.77379829,-0.29521099,0.41416246,0.27023479
1,0.752000,right,2,1.51944137,-1.27189052,1.02046978,-1.11444747,0.40514725,0.51531941,0.18717790,0.64299560,0.77034551,-1.00710666,-0.49622482,-0.54364473,0.75954437,0.06768177,-0.32194081,-0.42600572,-0.87524021,-0.48127306,-1.19088638,1.24982560,-0.67727506,-0.08782429
1,0.756000,right,2,-1.18538630,0.24730183,1.82833648,-0.63121235,-0.20542543,0.59636110,-0.99086589,0.34282380,-0.60459524,1.46478701,0.12351684,-2.83347082,0.40206653,1.13859141,0.57415491,-0.46812391,0.11071269,-1.30740714,-0.96921480,0.54492080,0.85375017,0.35896105
1,0.760000,right,2,0.55013430,-0.42116973,0.73084432,0.81391352,-1.77242780,-1.44582319,0.44233680,-0.59252048,-1.83418417,0.38945132,-0.83021986,0.99979293,-0.14299902,0.66411805,-0.21183717,-0.54222810,-0.60960090,0.40621358,-0.33054352,-0.54756165,1.31262922,1.57396710
1,0.764000,right,2,0.00671120,-0.30293933,-0.47852737,0.14286901,0.03064888,1.30587447,-0.17168723,-0.16125768,0.26330420,-0.42125690,-0.21348299,-0.30663362,-0.26755679,2.44650960,0.75872380,0.65814769,-0.67364848,0.31329086,-0.15906772,1.20632744,1.01522624,-0.43025666
1,0.768000,right,2,-2.53975415,1.76758051,0.49948460,-0.66888773,-0.44501019,-0.83026707,-0.45806277,-0.05519486,0.35258910,0.64273345,0.54001802,0.33943820,-0.16213636,0.78126001,0.74615449,0.82431501,0.11604527,1.67750311,-1.50645268,-0.06766067,2.36854029,0.18747310
1,0.772000,right,2,0.08019406,1.94239438,-0.55823869,-0.88914973,-0.07703584,-0.75463706,0.33383158,-0.75603312,0.10357916,0.12595955,-0.54244787,0.98175812,-0.67461574,-0.72689486,-1.76643157,-0.84981960,-0.83054906,-0.25442287,0.13372742,1.25516164,0.62193274,-0.20130244
1,0.776000,right,2,-1.17239821,1.59613109,1.52739251,1.57509017,-1.32770920,-0.61993456,-0.64399630,0.10066779,-1.04641020,0.62092239,0.48468140,0.04485585,-0.40550375,-1.46164095,-0.65375280,-0.03176227,-0.14294791,0.85271287,1.35858405,-0.10875767,2.02956605,-0.93158400
1,0.780000,right,2,0.32055956,0.62144297,0.20540002,-0.23940726,0.41555974,0.57824028,-1.69956684,-0.92131537,1.93017316,-0.91650271,0.73614389,-0.83325791,0.56902832,1.01937330,0.92280030,0.64165992,-0.40952897,-0.14180553,-1.33739507,1.47025657,-0.77783781,-0.03616974
1,0.784000,right,2,0.18462358,-0.12075582,-0.21591827,0.37514812,0.69581765,-0.57515597,0.47409990,0.43931732,-0.91339129,-1.46504068,0.89309752,-0.28321171,0.46369186,-0.49679706,1.01429141,-0.54303741,-2.09094238,0.51212364,-1.47902715,1.39626396,-1.29573607,-0.59268242
1,0.788000,right,2,1.34207261,-0.54198146,0.54106623,-0.40548009,0.98646319,0.24907207,1.03087056,-0.86746514,-1.36916173,1.46224642,-0.54111415,1.90829551,1.40613937,0.08222137,0.46139672,-0.67791688,-1.57338417,-0.96276277,-0.13799010,-1.23955679,-0.92131615,0.97517467
1,0.792000,right,2,0.43715659,-0.57100582,0.78821087,-0.46878496,-1.41447604,0.68986386,1.77683878,1.95519745,-0.15037587,1.50344276,0.85204500,-0.78154969,0.19889045,-1.29359949,0.43523225,0.03075277,1.28534818,-0.43455228,0.44190583,0.67941904,0.28039253,0.81293464
1,0.796000,right,2,-0.02587122,-0.98205757,0.90016872,0.13061073,0.97822118,1.03803611,0.66175437,0.75664628,-0.07091728,-0.89721459,-0.42340586,0.70782977,1.28141570,0.05057608,-1.71819317,-0.30226755,-0.35492265,-0.62515301,0.92593205,1.50065279,-0.21367167,0.43031284
1,0.800000,right,2,1.50770187,0.49716145,0.59882224,0.68978053,1.87763894,2.26397228,-0.85693818,-0.85207510,-0.05075958,0.57421046,0.46516505,-1.93754232,0.03186044,-0.11290009,-0.13537140,1.38654673,-2.01943135,1.00421727,-0.71717530,-1.40140307,0.11367582,0.24975091
1,0.000000,foot,3,-0.36947870,-1.84432948,-0.40306810,0.61825854,0.21330935,0.41197664,0.26384607,2.12257862,-0.04802476,0.35093215,0.39973056,-0.41607434,-0.41491544,-1.21442842,-0.19168216,-1.10974956,-0.22027946,-1.51464486,0.30026793,1.20643950,0.59711343,0.71321225
1,0.004000,foot,3,-1.66398013,0.02584600,1.28779447,-0.62870950,0.16232309,-2.18688321,-0.38863447,0.06154773,0.61952072,-0.13999060,0.41035253,-0.16017583,-0.92143345,0.04722778,1.28089607,0.72352242,0.10077725,0.53118992,0.99639189,-0.53705388,0.35120136,-0.59028858
1,0.008000,foot,3,-0.22863026,-0.70461315,1.57593799,0.84464192,-0.49952039,-1.49324620,1.29385841,-0.45775470,-2.14620900,-1.36674249,-0.04633754,0.44101244,-0.57422376,-0.71406007,-1.03663230,1.17888391,-1.28679526,0.08752336,-2.07393217,0.76572418,-0.93755168,0.46101993
1,0.012000,foot,3,-2.43863583,-0.53054100,-0.46297058,-0.63286191,-0.65743881,0.00682511,1.24075580,1.77117801,-0.35271502,-0.98097146,2.00960159,0.31292960,0.26079783,0.95046407,0.29925835,0.75069457,-0.16409792,-0.12760389,-0.47666585,0.87654531,-0.83164454,0.78031516
1,0.016000,foot,3,0.11955070,1.15592146,0.06052383,1.02604353,-1.27650976,-0.05335556,-1.76069701,-2.33065581,-0.63758773,-0.97048873,0.04926416,0.48630846,-2.01053119,0.32515213,-1.10008299,0.34457752,0.38065335,0.38850075,-0.01410775,-0.46407026,0.79303414,-0.36384067
1,0.020000,foot,3,-0.48213944,1.09354150,-0.00239919,0.32256323,1.30773437,-0.28530458,-0.33835414,0.07733962,-0.55450404,-0.63859868,0.50272363,-0.40706366,1.12371659,1.62489295,0.69577372,-0.37467924,-0.00440505,2.74062252,2.04345560,-0.14508317,1.18346488,-0.36935565
1,0.024000,foot,3,-1.39084196,0.40219569,-0.29213554,0.09569037,0.08395186,-0.65573323,-0.26496354,-1.25482011,-0.99372399,-2.84574437,0.43025663,-1.27081335,0.98995626,1.46460772,-1.18826842,-0.17351618,-1.71244550,-0.18926734,0.93524194,1.33094287,-1.80072474,-0.22553743
1,0.028000,foot,3,0.70711434,-0.45297027,-2.50493789,-0.44101709,0.66973954,0.67342275,0.79502666,-0.96778333,-0.66713023,-0.75964808,0.68167824,0.61743873,-1.60842812,0.18204834,0.13925624,-0.33986282,0.89915794,0.64526927,-0.91204900,-0.10905722,1.44571972,0.05425438
1,0.032000,foot,3,0.30665544,-0.21791443,0.08264491,-0.81018794,-1.76342666,0.49814433,0.11105153,0.85577542,1.03851855,-0.52405876,0.95426905,-0.05229529,0.71968925,-0.90194488,-0.85534507,0.09987857,0.34056187,0.51126397,0.59347272,-0.21856591,-1.14914060,1.31665075
1,0.036000,foot,3,-0.51366717,0.69888955,0.69666582,-0.03608537,-1.67501867,-0.30600786,0.25829327,1.31709456,-0.10248986,-0.50306439,0.98632205,-0.01618162,-1.72975862,0.56245029,0.55708355,-1.21687293,0.07233926,-0.29761952,-0.52484339,-0.45875835,-1.51965904,2.22442484
1,0.040000,foot,3,0.28927097,-0.53292954,-0.26651582,0.64544326,-0.48575485,0.79531199,-0.26350719,0.69939435,0.29669294,-0.24875057,1.51583159,-0.59818804,-0.83468902,2.25984430,0.44478980,-0.65154076,0.41788849,-1.97380888,1.10692203,0.41244251,-0.69560039,-2.06633139
1,0.044000,foot,3,-0.22818206,0.91547018,-0.83373803,0.50135350,-0.58836859,-0.13016555,0.91013008,-0.20279413,-0.51764745,0.57835561,-0.10301681,-1.32703114,0.04092720,0.31593055,0.49012837,1.57774663,-0.11647079,1.55322802,1.69895220,-0.77911675,-0.76569062,0.73750234
1,0.048000,foot,3,-0.34971887,-0.24716008,0.33729404,0.51268220,-0.88854802,-0.03721082,0.02324650,-0.39369202,-1.19577122,2.08082843,0.53011602,0.44106618,-0.15649045,0.26954368,-1.87811399,0.45875627,0.42194787,0.23346755,-0.58754170,-0.03442966,-0.36042008,0.47674549
1,0.052000,foot,3,1.12401354,0.40177622,0.08261958,-1.62045479,-0.16856742,-0.49833277,-0.34586135,-1.10064721,-0.40630323,0.68497241,1.30770111,-1.08458662,-1.09811711,-0.03944673,-0.44819027,-0.89219791,-0.07823290,-0.56694102,-0.64736968,-0.69353026,0.18989691,-0.77713180
1,0.056000,foot,3,0.74672461,-0.13301331,0.15108229,-2.18769431,-0.10623576,-1.32503283,-0.17157052,0.91516608,0.29577079,0.44212034,0.56787401,0.26512310,-1.02313447,1.31068277,-0.42475712,-0.37126490,-0.28695461,-1.21200228,1.44191682,0.00033247,-0.05801761,-0.78956217
1,0.060000,foot,3,-0.43241385,1.16270554,-1.29586506,0.33875990,0.20314148,-0.06065079,0.32786819,0.31522751,0.37586844,2.28130674,1.90438867,0.44572523,-0.04643369,1.50816524,2.03012800,-0.07068212,-0.86579460,-2.05583978,1.70811677,0.87487662,0.71099734,-0.18990502
1,0.064000,foot,3,-0.12507051,0.69784838,-0.33108276,0.31427309,-0.37678263,-0.68601614,-0.58078074,-0.66183579,-0.75911111,-0.78460205,0.35717165,-0.45879489,-0.30557001,-0.21962157,0.55901802,-1.39197719,-2.72456694,1.45824349,-0.06915668,-1.50005889,0.21514611,0.61261642
1,0.068000,foot,3,0.38797426,-2.33210182,-1.16317916,-0.30714032,0.78665233,0.76296777,-1.49250364,0.52771699,-0.32464209,1.43338394,-2.27789664,0.05324043,0.81874448,-0.49302000,-1.40296197,-0.92842162,0.93552840,-0.32996809,0.52279729,0.00077753,-1.58128262,-2.82100558
1,0.072000,foot,3,-0.76558274,-0.72581255,0.70007527,0.75822669,0.48079890,1.01015699,0.82763088,0.35079375,-0.97834575,0.79836822,-0.71547097,-0.00978488,0.06979854,-0.83690864,-0.60906285,-0.45043713,-0.84580594,0.68272418,0.17277843,0.25439674,-0.73606223,-0.48829693
1,0.076000,foot,3,-1.05610871,0.20890489,0.38519281,2.34324598,-0.98525202,-0.58374256,-0.26881903,-0.99411422,-0.58443379,0.14135823,0.79247630,-1.26041007,-0.78695130,1.94049823,0.78255004,-0.33616424,0.02343199,0.39340386,2.34220743,1.14804673,0.84384131,0.92852145
1,0.080000,foot,3,-0.95432508,0.94823641,-0.31841534,-0.72008908,-0.16601272,0.86069816,-0.04380056,-1.03864396,1.06898892,-0.61500973,-0.87996495,1.03544867,1.94825113,1.05750036,0.84765756,-1.52741909,-1.03774297,0.50487280,1.43323135,0.79125553,-0.42648560,0.87971956
1,0.084000,foot,3,1.72200024,-0.12894639,0.58745301,-0.01268788,0.15451871,0.05503457,-0.29883659,-0.20966107,2.06345248,-0.98374069,-1.09474421,0.14736873,1.88470447,-1.67493236,0.52096522,-1.12946284,0.64647889,-0.85322589,-2.08035731,-1.76223874,1.62309039,-0.34448692
1,0.088000,foot,3,-1.69881928,2.19260764,-0.02762058,1.06424916,0.56627816,-0.31999007,1.79145408,-0.81876469,-0.55363846,0.88906050,-0.27410060,0.14575261,-1.03190875,1.65107834,-0.01004675,0.12360472,-1.23558486,0.64078200,0.46144778,-0.74242574,-2.50512791,0.96591502
1,0.092000,foot,3,-0.12623262,0.15509897,0.29042041,-1.32540894,0.06392170,-1.00817776,1.17148244,-0.26213440,2.17465568,0.42189348,-0.24641277,1.17476857,-0.02181342,1.23145509,-0.75892174,-2.29308820,1.16831207,0.02298650,-1.02107167,0.51964182,0.17225580,0.95078874
1,0.096000,foot,3,-0.32046703,0.89885741,0.40802228,-1.54552495,1.47254181,-0.76321471,-1.04619622,-1.01237428,-0.72762120,0.60421610,0.87097716,0.96085221,0.35500419,1.56573427,-1.01919365,-1.42018199,-0.52086973,0.07113295,0.01304326,1.11370635,-1.49703205,-0.49581036
1,0.100000,foot,3,-1.54343414,1.81373370,-0.89546978,-0.39359757,0.96725965,-0.46999729,1.27464581,-1.29273629,1.76205313,1.22077703,0.41373163,1.48871803,-2.64200711,1.41884482,2.16889143,-1.48940265,0.74777347,-0.79149896,-1.21513891,0.23596540,-0.05548515,-0.37937108
1,0.104000,foot,3,0.75041395,0.16472919,-0.87961400,-0.69931340,1.06759679,-0.99085099,0.28022113,2.42766833,0.28799465,1.74308133,-0.52938074,0.06147042,-0.78828222,-1.08140540,-0.29869407,-0.30496815,-1.07624769,2.03700900,-0.72876906,-0.97839075,0.93536818,1.58048272
1,0.108000,foot,3,1.52094853,1.02299416,0.29540694,0.97958201,1.51097834,-0.26720601,-0.39958501,-0.92255694,-1.01574123,0.63201863,1.67658544,0.26497486,2.08148885,-0.40359575,-0.63136363,-0.29182458,1.17361522,-1.67128038,-0.19210419,-0.64595222,1.14832234,-0.27833077
1,0.112000,foot,3,-0.47821638,0.02853713,-1.10612023,-1.29937243,-0.58660609,-1.31584132,0.73635775,-0.00466454,-1.45423663,-0.36723772,0.18929195,0.81597650,-0.53924727,0.13103652,0.92602783,-2.04769516,-0.92248005,1.92006648,0.56940013,-0.81281418,0.23316164,-1.60782230
1,0.116000,foot,3,-1.45720625,-0.40906310,1.69283009,-1.22142541,-2.31240749,-0.25948587,-0.86642915,0.24939808,-0.01049170,-0.66471726,1.59304059,0.61983126,2.72030735,0.46546605,-0.88022047,0.18374035,-1.41031551,0.79721636,-0.68486124,1.77477527,-0.29912609,2.06816244
1,0.120000,foot,3,0.52499890,0.11601076,-0.98664272,-1.00462759,-1.36073804,1.01846588,-1.09109032,-0.44592401,1.32903183,0.41431451,0.54644698,0.08107457,-0.97186267,1.06562245,1.23204434,-1.30366921,0.03927552,-0.17095354,-0.39018613,-0.31776127,-1.17107940,2.40284467
1,0.124000,foot,3,-0.07022488,0.80921364,0.30034614,-1.05927122,-0.68360353,0.67225802,1.39601839,0.68134302,0.92019331,0.38298655,0.27094907,1.25609303,-0.68276823,1.75051177,-0.21979231,1.63292956,2.21159077,2.55749726,-0.15337670,0.87846023,-0.17326611,0.87922877
1,0.128000,foot,3,2.09893966,0.05614759,1.66472340,1.71124113,1.13780570,0.51894885,0.94119930,-0.21786383,-0.66408491,1.30221474,0.78939945,1.15777981,2.08210087,0.64020663,-2.02532578,-0.59378821,-0.52455205,-0.52579486,0.05315627,1.15704250,-1.20299435,-0.61218774
1,0.132000,foot,3,-0.75083214,-0.50976956,0.47250104,-0.28130987,-0.45589006,2.50820565,0.51093507,-1.00937760,0.34373459,-1.29735291,0.02845466,-0.37294778,-0.03558137,1.58703041,0.91488487,-1.28071249,-0.98994857,-0.96045017,-0.08110571,-0.91850859,0.81832474,1.02778220
1,0.136000,foot,3,-0.47160536,-0.33336475,-0.89578348,-0.31520078,-0.69288164,-0.65158492,0.03795497,-0.82018918,-1.80603540,0.54727483,-0.52804369,-2.69976234,-0.06608377,1.16226089,0.66309953,1.00409544,-0.82979596,0.09609766,2.09002566,2.00539541,0.14122269,0.15957494
1,0.140000,foot,3,0.36425221,-0.78565723,-1.32707930,0.97656739,-0.80414724,0.31839347,-1.04522622,0.23203517,-1.38680971,0.19926110,0.11615676,-0.04336353,0.17810467,-0.74599576,-0.97447973,-0.58898592,0.67501038,0.72456062,0.74243057,1.22966993,-0.10530065,-1.56681323
1,0.144000,foot,3,1.34687352,-1.75255406,-0.62624127,0.53176689,-1.36299968,1.76525128,0.83863670,-0.40762407,0.11854755,0.36426625,0.48822969,1.40249550,0.00972963,0.10088526,-1.26731038,-0.88649499,0.02402598,-0.62382644,0.09092230,0.72252417,-1.00904429,-1.28068423
1,0.148000,foot,3,0.89330477,-0.45400313,0.53657562,0.97299105,-0.19724154,1.47909999,0.30769297,-0.19551319,0.68981624,0.33097312,-0.15450665,-1.64984691,2.43871117,-1.07411325,-0.75834209,-1.61354697,1.01636803,-1.07128787,-0.06223978,-1.40636551,0.85081995,-1.56249535
1,0.152000,foot,3,-0.72727215,0.31294692,-1.34009397,0.15344357,0.55462617,-1.59212554,-0.01448951,1.12054658,0.64071137,1.25110805,0.42672712,-1.94140255,-0.47036919,-0.40771383,-0.41799247,0.31384242,0.19688880,-0.71443766,-0.61489946,0.21404825,0.51276946,0.17202824
1,0.156000,foot,3,1.48815703,1.03576410,-0.12436841,0.13729222,-0.34781983,0.26079661,-0.36875421,-0.95805389,-0.20440100,-0.87957698,0.11587964,0.57498521,-0.45689455,-0.03504559,-0.60668117,-0.19603269,-0.04684405,-0.82544905,-0.04274504,-0.22945803,1.14483285,1.00166476
1,0.160000,foot,3,-1.20909739,0.55190063,0.42260009,0.13901776,0.23528636,0.90977204,0.35000408,-0.28243744,0.63724875,-0.14881977,-0.18165222,-1.17107093,-0.29365507,-0.94818878,1.32847965,0.55368388,-0.46979105,0.47124791,-0.98815924,-0.75755566,1.36082149,1.08276546
1,0.164000,foot,3,0.78466564,1.69198084,0.09678117,-0.23654087,-0.95284837,-0.96142012,0.80890280,0.11014335,0.97430164,0.75472730,-0.34394926,0.26701149,0.92396855,-0.80756491,0.00286825,0.44179413,0.20469445,1.76440835,-0.27284437,-1.80607617,-1.34713960,-0.91634274
1,0.168000,foot,3,-1.82890666,-1.19698763,-1.26833522,0.74983907,1.18602145,1.52217889,0.86429864,0.37464532,-0.80952114,-1.69106174,1.39515603,-0.14675072,0.07870954,-0.16549040,-1.34736717,-0.05445968,-1.26418972,1.31565726,-1.88059950,0.60457474,0.79295695,0.57096195
1,0.172000,foot,3,-1.29980814,-0.84348011,0.42712617,-1.09485590,-1.06935489,-0.85090286,-0.97798145,-1.34199452,-1.49005973,-0.09507613,1.28331363,-0.32832658,1.00183833,-0.04353378,-0.79185462,-0.04393053,0.44194856,-0.40159979,0.08559817,-1.29930067,-0.02656699,-0.56483608
1,0.176000,foot,3,0.27984765,-0.06493172,0.24606389,0.21853387,2.06774926,0.58325696,-0.61154586,0.49588645,-0.32265228,-0.08991174,-1.62700272,-0.25458699,-0.02502084,-1.51171696,1.00843942,-1.95781970,2.91493320,-0.20322281,-1.97592747,0.29574385,0.82685965,-0.57226527
1,0.180000,foot,3,1.23134124,-0.16478375,-0.97602993,1.19536376,0.53152418,1.96112764,0.63198471,-1.06191838,1.38691819,1.38841224,-1.69957030,-1.46564555,0.31464091,0.96681088,0.69725507,-0.53595233,-1.10092664,-0.50478488,-0.52798522,-1.30671000,-1.20447826,1.93219030
1,0.184000,foot,3,-0.32573441,1.45972300,1.10996258,0.13946988,-2.59564114,0.23256129,1.87643933,2.24007654,0.56195241,-1.25612569,-0.69450778,-0.01238102,-0.35055900,-0.12497462,0.89530712,0.93582040,0.96753407,-0.48043272,0.07180190,0.17377387,-0.75051481,-1.88278270
1,0.188000,foot,3,0.17308535,-0.87350976,1.78706324,0.48798743,-0.86806744,-1.15675986,1.04223120,-1.04062474,0.16841102,-0.19916075,-0.34063280,1.54899704,-0.76551861,0.40876499,-0.51894838,-0.45905012,0.61388487,-1.78628337,-0.65699846,0.72573030,0.62869334,0.19306600
1,0.192000,foot,3,-1.19064832,0.57044047,-0.23283297,-0.38535818,-0.24519862,0.61936843,-2.02779341,0.71972162,-0.01057400,0.89446795,0.76211053,-0.38766751,-0.10733858,-2.45000243,0.16795217,-1.00809681,-0.10261524,0.18774195,-0.48189318,0.63755935,0.44299766,-0.76016229
1,0.196000,foot,3,0.46003827,1.00460923,-1.01137853,0.34598017,-0.17149182,-0.60947412,-1.14774466,0.63727885,-0.49854031,-1.16411674,-0.16291538,0.84771252,0.35683683,-0.98981690,-0.89965224,-1.34302318,0.37360927,0.15333182,-0.07963856,-0.32740679,-0.32417768,-0.60852295
1,0.200000,foot,3,0.42883649,0.05931883,0.23741317,1.36863387,-0.52752870,1.11791646,1.38332903,1.05634964,-0.32285517,-1.28062069,-0.19854960,-0.85088533,0.05786022,1.71615326,-1.06482267,0.87063360,-0.05403055,0.09755787,-0.52031964,0.68477285,0.07499062,-0.34246090
1,0.204000,foot,3,3.04910922,-0.55428141,1.64950621,0.02259528,1.05905676,-0.45787227,-1.32557476,1.35879838,-0.36609006,0.91371661,-0.63900942,0.94110268,-1.20799685,-1.12941849,-0.21419761,-0.19129378,0.34811220,0.53442460,-1.96642447,-1.14665294,1.57087338,-1.16308248
1,0.208000,foot,3,-0.02926183,-0.84843183,1.97795272,-0.71334052,1.10080683,-0.24447681,0.59488559,0.32055682,-1.07849753,-0.45918450,0.28092518,-0.25506988,0.43206224,0.11288013,0.93224823,0.81864566,-0.50425899,0.63690084,-1.52111733,1.72774792,2.62751484,-0.24181482
1,0.212000,foot,3,0.78239387,0.29339471,-0.65628761,0.65208942,-0.39617836,-0.39636657,-0.61348438,0.12210844,-0.11777077,0.25800934,1.80572379,-0.50202465,-1.71407890,-0.98499602,0.71367264,-1.47173238,0.74549675,-0.76270640,0.23334996,0.35651273,-0.83646953,-0.22850877
1,0.216000,foot,3,0.30938607,1.14906561,-2.19794798,0.33185884,-0.55575329,0.12295105,-1.12210250,0.30441928,0.16754442,1.55500138,0.02777274,-0.10399069,1.72571194,-0.32821417,-0.31078482,0.13885374,0.71139377,-2.27584481,-0.29722404,0.01397022,-0.71122324,0.54255265
1,0.220000,foot,3,-1.50413489,1.62649786,1.03716481,-2.09277749,-0.24155591,-2.23695087,-1.27577126,-1.36835301,-0.09467018,1.25370491,1.84589231,2.35811973,0.18140915,1.57896519,-0.91298538,-0.64490753,-0.72120470,-0.44239756,-0.01255534,0.33676133,-0.22448952,-0.48971748
1,0.224000,foot,3,0.73969477,0.30731142,0.65559149,-2.44570637,0.05009531,1.08078587,-1.61892378,-1.21142864,-0.29550183,0.99639761,-0.51907724,-0.59399968,-0.35256100,-0.61253726,0.23844680,-1.44739854,1.22628546,1.87807357,-1.31313670,1.39392412,0.18638775,-0.91737831
1,0.228000,foot,3,-0.94426996,-0.09626020,-0.48627597,0.39146909,0.61601120,-1.91727448,0.50155747,0.62007374,0.21727964,-0.13470562,2.32660794,-1.29696584,1.12789226,-0.36535990,1.06193841,0.23750307,1.35479450,-0.01678357,-2.12952065,0.13820207,0.12983416,-1.26268518
1,0.232000,foot,3,-0.56661242,-0.82121742,-0.81626999,-0.38822469,0.63010675,0.66686004,0.84588265,-0.21351747,0.73002124,1.55872810,1.85948312,-0.28841770,0.74384069,-0.36497018,1.73443401,-0.90314841,2.06331253,0.17097034,0.39715022,-2.17991805,-1.99860680,0.27310842
1,0.236000,foot,3,0.41779023,-2.21226788,0.92059356,-0.29742765,-0.43167731,0.82812726,-0.26708764,-0.18797907,2.53666544,0.67945373,-1.08644712,-0.80518943,-1.15802515,-0.12734987,-0.59551275,0.31267726,-0.13221228,-1.20568526,2.10783458,0.70270163,0.02379017,1.00321054
1,0.240000,foot,3,1.21426570,0.37470794,-2.69467664,-0.35119036,1.43098688,-0.89620614,-1.21031320,0.60420686,2.08267140,-0.13609637,-0.54691726,0.77537322,0.59438610,-1.71121860,0.28300139,1.12883043,-0.93876159,1.92585170,-1.19370925,1.41215169,1.21257079,-1.79329157
1,0.244000,foot,3,0.39674497,0.38290802,0.07606462,2.96484709,0.41394570,0.75004190,-0.61961681,-0.75730777,-1.10551047,-0.42474979,0.44167963,-1.99911749,-0.44116360,0.26674584,-0.45671910,0.56288171,-0.21029115,-0.47163048,0.36305746,0.64569163,-0.39627555,0.77772373
1,0.248000,foot,3,0.55554044,-2.16516113,0.89610058,0.19147210,0.01244942,-1.38169038,1.03348362,1.10765445,0.86011797,1.01001692,0.77968621,1.49323273,0.57566756,0.27253684,-0.93235201,0.69764417,2.40107131,-0.91334176,0.19968736,-1.64522552,-1.50567579,1.54800439
1,0.252000,foot,3,-1.25620484,-0.77747768,0.70921844,1.13801348,-1.22620046,-1.70211279,0.76343584,-1.40937316,1.05799365,-1.53526938,1.03607798,-2.24800491,0.21987002,1.17544472,-0.47350001,0.04973780,-0.41252738,0.16392785,1.40190840,-0.27272463,-0.04216988,-0.36892432
1,0.256000,foot,3,-0.09822927,-0.53968322,-1.47305727,-1.07625425,0.52397740,-0.41490442,-1.19675350,1.39623046,0.41635153,-0.66726220,1.36273682,0.73840106,0.04863787,1.06989121,1.48841679,-0.65157342,-2.23900580,0.89002782,-1.32787716,-0.96848196,0.01969454,0.53825492
1,0.260000,foot,3,2.35960150,0.07428417,0.14834698,0.16960289,-0.22787227,0.85704535,-2.16611075,-1.23075926,1.60259128,-0.19779196,-0.37474310,0.11441119,0.77860832,-0.61854637,-0.69638300,-1.08580661,0.19671631,0.34313199,-0.56820881,-1.87068582,0.39439198,-0.00410506
1,0.264000,foot,3,-0.27295721,0.22675836,-1.67654276,0.58790290,0.84595907,0.44514927,1.36940479,0.17317288,-0.85840970,0.99550194,1.44787920,1.50750864,-0.42143297,0.55637479,-0.63619512,0.27375656,-0.81991100,-0.39185286,-0.67209721,0.20974907,-1.09813750,-1.70953906
1,0.268000,foot,3,-0.00268911,0.34310365,-2.52815056,0.84347212,0.47032154,0.20941882,1.67729747,-0.60358244,-0.28023848,0.36618769,-0.25169271,1.07166183,-1.56791353,0.27847803,-0.20413311,-1.12370884,0.09689043,-0.45776084,-0.54030484,0.47384959,-0.32807907,-0.39341339
1,0.272000,foot,3,-0.92429996,-0.79250163,-1.18905640,0.24438961,-0.98650092,-1.12113595,-0.40900490,-0.16955449,-0.94704384,1.01569808,-1.55605662,-0.38945380,0.09669320,0.52294385,-0.48639208,0.25116634,-0.26681793,0.04059131,2.25486922,0.81657267,1.08691108,-1.58099210
1,0.276000,foot,3,0.13751169,-0.45971942,0.57172847,0.43594933,-0.18986815,1.13396084,1.62541938,-0.08857968,-0.31677294,1.73079455,-0.90489548,-0.31775600,-0.06928235,-0.21013969,0.14463466,-1.10468876,-0.44718736,0.32190260,0.78489947,0.20439549,-1.01886761,0.37531045
1,0.280000,foot,3,-0.84432954,0.91735798,0.22400708,-1.94129610,-0.86447340,-0.82235581,-0.72186333,-0.29825810,-0.36083403,0.96930164,-0.43849602,-0.39767724,-2.18701553,0.01043672,0.11485310,1.12776792,-0.72891462,-1.18916190,0.41818002,-0.53014654,1.05414701,1.34334302
1,0.284000,foot,3,1.09198320,0.98449057,0.50856674,-1.92513335,-0.31454352,1.87635970,-1.19861305,1.35855532,-0.48845533,-0.36055958,0.72839302,0.12038051,-0.44245178,-1.29283595,-1.23051620,-0.19833207,1.84693933,-1.31213784,-0.15286662,0.23977512,-1.53008044,-0.96835339
1,0.288000,foot,3,-0.24863657,0.82485741,1.21741033,-0.61739343,-1.19479704,-2.37084985,0.95254540,0.25113824,-0.02940645,-0.32780829,0.32728642,-0.29819655,-0.50307548,-1.38186753,2.66757655,0.74974370,-1.59798920,-0.04072868,-0.41373467,-0.43988013,-0.69105858,0.65157586
1,0.292000,foot,3,0.29017049,0.09806348,1.12043250,0.66103661,-0.47081068,-0.91735590,-1.38645983,0.79601675,-0.02209359,1.37735391,-0.15359783,0.82645684,0.03601553,-0.37840313,-0.25546920,0.33922592,-0.21619914,-0.48497474,-0.45995483,-1.29041636,1.82552922,-0.20253681
1,0.296000,foot,3,-1.59314156,0.26427165,0.27817100,0.38032347,0.39222679,-1.92725623,0.18299222,-1.34196138,-0.07464555,-0.72563952,1.09632766,1.48275137,1.68120706,0.32936138,1.41959226,-0.09042600,0.36574653,-0.05925392,-0.63783479,1.73080337,0.12587072,-0.59729797
1,0.300000,foot,3,-0.29034555,0.45630142,1.40997708,0.94555676,-0.63639760,0.67427033,-0.48787576,-0.45774382,-0.06759388,-1.89486802,0.07259172,0.56242317,0.24272680,-0.05580694,1.14926004,0.39229593,-0.05965533,0.84080189,-0.82483733,-0.70923507,-0.27755177,0.53737271
1,0.304000,foot,3,-0.60678923,-0.06985188,0.18085434,-1.06970763,-0.19470660,-0.63931155,0.70264679,0.22566006,-0.56948787,0.38225842,0.14312544,0.29952633,-0.39493126,-1.31295168,0.09019982,-0.13932012,0.20447451,-2.03765917,-0.14826407,0.48120847,0.74654424,1.21106541
1,0.308000,foot,3,0.21413557,-0.62741125,-0.07722539,-0.24170233,-1.24997091,1.56393301,-0.28676063,-0.77782780,0.49291521,-1.03382039,1.43679869,-0.37795871,2.59377003,0.65916723,1.30018020,0.62524664,0.38643229,-0.62889969,1.25463068,-0.06143905,-0.28519255,-0.67517138
1,0.312000,foot,3,-0.34722549,1.10416484,-1.75379872,2.32509971,-0.73792946,-0.33562776,-0.07823941,-2.06526327,-0.48204049,-1.08990431,-1.34018862,0.13541412,-0.27372330,-1.33031785,0.37750903,1.97463012,1.29205596,1.65490580,0.46012506,-0.18981454,0.78024572,-0.67644584
1,0.316000,foot,3,0.50355840,0.08721999,-1.09309888,-2.44394159,-0.26370507,-0.67452532,-0.70790064,0.56831425,0.85206676,-0.38443562,0.72623390,0.67155093,0.82780153,1.35227859,-1.45660734,-1.81601453,0.53333896,-0.76358575,-0.03309196,0.12371808,-0.41998959,-1.00959146
1,0.320000,foot,3,-0.08591160,0.82995242,0.00148780,-1.19579065,-0.00546933,-2.17854142,0.63726217,-0.96383184,-1.85161018,-0.72541183,0.25173467,-1.54900348,-0.81356913,0.87525642,0.43671632,0.30496877,-0.37495822,1.14567900,-0.19256049,-0.60040617,-0.56951916,-0.50815135
1,0.324000,foot,3,0.73332244,-0.29699445,1.18742597,1.05672503,-0.89759231,-0.58399749,-0.87259126,-0.11367316,1.38853157,0.62043142,-1.10889065,0.00144084,-0.81004202,-0.79456472,-0.13626164,-0.17790931,1.22056460,0.74003619,1.06363094,1.29923749,1.36668122,0.03039832
1,0.328000,foot,3,1.57166576,-0.06693997,1.26593697,0.08774764,0.19741224,-0.22073399,0.32233602,1.11655295,0.45273244,0.31317809,1.10323322,-0.80441844,-1.70731640,1.62199378,0.56239080,-1.80624402,-2.97652864,-2.50326633,-0.21820168,-0.37521252,-0.45489419,-1.50673354
1,0.332000,foot,3,1.94189656,2.97044373,-1.57852864,0.17486742,-1.37418079,-1.37265551,0.72519761,0.06915225,-0.95680380,0.16116650,-0.49666393,1.18175578,0.39558190,1.30460870,2.16882825,0.87874043,-0.17735742,-0.72275496,-0.58643639,-0.99509835,-0.46692547,-0.28507876
1,0.336000,foot,3,0.07256246,1.20039380,0.98369241,1.12540293,-0.25131384,0.52307808,0.08615240,-0.84478611,-0.02133035,-1.52806556,-0.84564406,-0.32453951,-0.38987181,-0.63885832,-0.91813469,0.04950051,-0.02528341,0.11906210,-2.36320281,-0.40832809,-0.85257363,0.50224686
1,0.340000,foot,3,0.23551840,-0.02094017,-2.63413501,-1.45252383,0.92557138,-2.89728308,1.09499884,0.76828331,-3.37127328,-0.01690043,2.39175558,0.29687381,-2.36111689,0.11416418,0.51083118,-1.94327784,0.61418200,-1.34657335,-0.92823237,0.98362184,0.27638301,0.17283951
1,0.344000,foot,3,2.11005950,1.20413435,0.75930214,-1.25108874,0.57025331,-0.15519939,1.29215181,-1.92194891,1.42998648,0.16067494,1.15575767,0.09224330,-0.20992479,-0.99674374,-0.92702538,-1.08262289,1.41769218,-0.27521658,-1.05140734,-2.18899989,0.35798869,0.89805621
1,0.348000,foot,3,0.60397387,-1.08176136,-2.18719506,-0.76668775,-1.86489189,0.07474671,-0.69585055,-0.12799975,0.46037638,-0.04986571,-0.39608636,-1.52038336,0.01967434,-2.13546157,0.19990093,-0.93613195,-0.12823838,-1.66197014,-1.58817184,0.47467643,0.18910056,0.16956151
1,0.352000,foot,3,-0.24505705,-0.21118839,-1.27389038,-0.12709375,0.49533775,1.15859532,1.17885697,0.45888495,-0.20384958,-0.18541294,-0.64111555,-0.18559986,-1.88762510,0.14096349,0.00451358,-1.96007633,1.45124996,-0.24420723,-1.12904942,0.29706427,0.47906205,0.53873789
1,0.356000,foot,3,-0.98802203,-1.08422017,-0.37054631,0.02857819,-0.72968626,0.44824731,1.15110898,-0.11777996,-0.47942021,-2.52318120,-1.03376698,2.27635169,0.23816852,0.41519314,-0.78981388,1.16086793,0.06432426,-0.25541967,0.82190329,-0.13694337,-0.30716038,0.91616595
1,0.360000,foot,3,0.03059131,0.66713768,-0.78055507,0.96349543,0.49985841,1.77658069,0.21988845,1.60287452,0.02575256,0.36887282,0.06605263,2.29670310,-0.82086176,0.62346667,-0.35538962,0.21421418,-0.21020351,0.35874510,0.81171876,0.40605584,-0.03981595,-0.91080123
1,0.364000,foot,3,0.49788931,0.48587558,-0.19585747,-0.31878358,0.27195352,-0.33906645,-0.52047098,1.26131344,-1.51337397,1.55658817,0.29734904,1.02670610,-0.30030194,0.08092490,-0.33024114,0.84861678,1.42001772,0.89623928,-0.62670553,1.11053169,-0.07211035,0.65170014
1,0.368000,foot,3,-1.11843824,0.38694847,1.68850911,0.27036878,0.84190184,-1.02665198,0.79250020,0.97155464,-1.61760461,-0.56386644,0.52427250,0.14104535,0.39098415,0.73038411,1.47396481,1.36776948,0.30672613,-0.73572171,-0.31998599,0.82846951,-0.06974016,0.05428583
1,0.372000,foot,3,-0.43730292,0.33853337,2.38346910,-1.45565033,-0.22498848,0.78029215,-0.94191188,0.90642262,1.99342990,-0.23386845,1.01447153,0.49065721,0.13898514,-0.89112294,-1.88235915,0.02756717,-0.89737463,0.27334821,0.65127105,0.51522797,-0.11907176,-0.17531730
1,0.376000,foot,3,0.34081092,-1.05365503,0.63456213,0.46750602,-0.28486288,-0.69849694,-1.06587756,-0.44605821,1.23331833,-0.96550828,-1.10095537,-0.68250543,-1.18711066,-1.66268098,-0.88059235,1.21507049,-1.41917956,-0.10048263,0.96897811,-0.49891248,0.88218617,0.04399217
1,0.380000,foot,3,-0.70131558,0.73849642,0.87955511,0.72598308,-1.26714456,1.01843035,-0.65885156,0.92997158,-0.33467928,-0.02558243,-2.22458529,0.26955140,0.16521533,0.91857380,-0.37448263,-1.22376072,-1.86659324,0.25702822,-0.05174722,-0.63367355,-0.24557559,-1.72672713
1,0.384000,foot,3,0.60762513,1.77920699,-0.74100775,2.09137297,0.46442896,0.21203576,-0.87478042,0.46575260,1.42172909,0.26143461,-0.09699311,-1.93427825,0.38850123,-0.22203362,-1.09907353,-0.15186654,0.19471695,-2.36985564,0.66656882,-0.46554223,0.63208139,0.62880278
1,0.388000,foot,3,-0.68986773,-0.24521492,0.24045062,2.16006398,-1.15045226,0.41160801,2.18320727,0.72724503,0.22198917,-0.39811277,-1.36001229,-0.88605267,0.80107945,1.43338335,1.30125451,-0.09505209,-0.77977979,-0.40083969,-0.42344090,-1.86303020,-0.78940952,-0.66223598
1,0.392000,foot,3,-2.01252246,-0.26786280,0.93411189,-2.55230331,1.23470855,-0.75411409,-1.64696324,0.39187130,-0.97243416,1.31418931,0.43094611,0.37179598,-0.99450827,-1.18442678,0.18615384,0.21680388,1.21098471,-0.71818048,0.52950281,1.05509508,1.92817414,-2.68880248
1,0.396000,foot,3,-2.59112096,-1.90424049,0.87287575,0.06367388,1.24393594,-0.49947223,0.82611829,-1.12577116,0.07565618,-0.04833889,0.81128252,-0.98683071,0.93893492,-2.01365972,0.43997809,-0.19507980,-0.63036644,1.38304460,-1.96436787,0.75192547,-1.50888693,-0.83334440
1,0.400000,foot,3,1.24287415,0.82950902,0.63015598,0.03726498,0.67474443,2.75224304,0.23762083,-0.43739179,-2.62846065,-1.06611073,1.43871796,-0.43288866,-0.59887964,2.56835032,0.01000038,0.47208419,-0.31829226,-0.47186193,0.57251340,1.11624908,-0.38227746,-0.03092450
1,0.404000,foot,3,0.32146931,0.45799783,1.28423667,-0.41492870,1.99692643,2.20613098,0.89325577,0.97453254,-0.86946130,0.18626019,0.11263437,-0.60392064,-1.13304400,0.24528077,-0.55366731,-0.75911111,0.06138546,-0.46008798,-0.48191422,-0.29340604,-0.39434224,1.01141012
1,0.408000,foot,3,-0.46249685,0.69158632,-0.36291295,1.37247729,-0.30808061,1.34549034,0.14965947,-1.07969868,-1.33591032,1.10332429,0.34783509,0.90174383,1.51849329,1.37260461,-1.22837603,-1.79357076,-1.53922570,-0.67450798,0.33526587,0.39190575,1.23080850,0.90501201
1,0.412000,foot,3,1.17356396,-0.87933236,1.46691632,-1.85319757,-1.53523505,-1.25310099,-0.25022283,1.36988688,0.44128764,0.11202268,-1.18891692,1.95600414,0.50903112,0.34346214,-0.08874203,0.66573966,-0.06450774,1.27083135,0.72056925,-0.85269809,1.36956549,1.11281729
1,0.416000,foot,3,-0.22159235,-0.15946795,-0.21811314,-0.62829113,1.03778863,0.11049289,0.08320482,0.61538714,-1.34725952,0.23087867,-0.82469541,1.66670501,0.93570954,-0.70681298,-0.35004601,-0.05802487,0.24770704,0.03071453,0.69992405,0.62597251,1.27954817,-2.40260172
1,0.420000,foot,3,0.45771986,0.50056726,1.57004046,-0.46704447,-0.98905826,0.59586495,-0.84488708,0.20184049,1.85304558,1.00928497,-1.89749563,-0.02150044,0.00881460,-0.08134371,-0.15411900,-1.70827830,0.94883019,-0.70208800,1.09769869,-0.97891617,-0.32215309,1.48386872
1,0.424000,foot,3,0.82050234,0.32527292,-0.16134423,-0.68663955,-0.13986796,0.73770607,0.85623044,-0.04091197,0.59708375,0.56956136,-1.42712390,0.09555171,1.32604837,-0.11502640,0.25967649,0.52907521,-0.17576629,0.37982535,-0.99631947,-0.84426653,1.02664924,-0.25596711
1,0.428000,foot,3,0.18306789,-1.84512246,-0.19959256,-1.49010372,0.17565151,-1.76193917,-1.06164539,-0.15091750,0.79171056,-1.39546227,0.17442137,0.82880104,0.63524669,-0.40171972,-0.76996624,-1.14731777,-0.02730547,0.12996669,-1.30533373,1.34291065,2.20224333,1.97750854
1,0.432000,foot,3,0.09260222,0.49883366,-1.26953101,0.14931929,-1.31151867,1.15242362,-0.70380211,-0.09778616,-0.38896972,0.64673060,1.15431654,0.34215993,0.61098105,-0.02911076,-0.10410304,0.73549771,-0.08258057,-1.31486797,-0.61997473,-0.83268970,2.42220998,0.03192226
1,0.436000,foot,3,-1.68574357,1.14579058,0.40528592,-1.09053326,-0.06098073,-0.48198548,-0.11908255,1.38455641,-0.89453763,-0.55309170,-0.23966417,0.19203541,1.31905019,-1.87083483,-0.19941458,-2.38311052,1.82724977,-0.60851115,-0.48030719,-0.81636524,-1.40502346,0.12376671
1,0.440000,foot,3,-0.11532018,2.75949597,-1.20669723,-1.46116281,1.48950040,1.58982480,0.42192978,0.99808902,1.78948295,-0.08202206,-1.32415116,-0.80332506,1.57201982,-0.59080499,1.29014277,-1.28347790,2.21529245,1.16432369,-0.51741266,-1.08048975,-1.56930220,-0.16306409
1,0.444000,foot,3,0.13649447,2.07370734,0.46394536,-0.61380345,-0.58902121,1.23174143,-0.93431807,2.03027749,-0.47180390,0.27810314,1.16464233,1.79191279,0.02954823,0.88612932,0.56480157,-0.61109996,-0.81358045,-1.20956123,0.02329085,-2.94854546,2.09261894,-0.46121100
1,0.448000,foot,3,-0.37027168,0.95323020,-1.63080227,0.96718156,0.36744326,0.11020008,-0.58748198,0.61977696,0.91575146,0.73216909,-0.10263887,0.03927492,0.15560056,0.94814432,-0.29519361,-1.03217399,-0.11656071,-1.85655749,0.04352957,0.22592668,1.24336493,-0.71388149
1,0.452000,foot,3,-1.22749662,1.01318741,-0.00397371,-1.87323427,-0.18908642,-2.43124056,0.49703142,2.17271376,-1.04209924,-1.63645065,0.96621895,-0.04110854,-1.00990582,-0.22069785,0.62516910,-1.06089783,-0.97080195,-0.20922367,0.38025457,-0.59438497,0.77305627,0.21931152
1,0.456000,foot,3,-0.52354205,-1.63565063,0.83501881,1.17627907,-0.22469655,2.50799465,0.53295493,0.15458973,-1.47131419,0.79071963,0.09458808,0.82650661,-0.15073927,1.02238715,0.20047660,2.51991725,-0.36457431,1.83687425,-0.28061855,-0.15637739,0.09804207,-0.09730599
1,0.460000,foot,3,-0.99876153,-0.18170615,-1.24774289,1.36357296,-0.67466873,0.34756872,0.26432264,0.70105338,1.24739039,0.48195824,1.11359787,-0.26931709,-1.90745604,1.30049193,-0.15317699,2.08695459,1.10036683,1.09462118,-1.09850132,1.30726898,-0.49603242,0.14371459
1,0.464000,foot,3,0.53135538,-0.78474838,-0.86589760,-0.31547427,1.24996746,2.13238931,0.21392392,-0.43924096,-0.58197826,-2.39446783,1.44921160,-1.00099528,-0.53773499,0.65277028,-0.15952370,0.16965422,0.07402796,0.35401931,-1.25567937,-0.52380103,0.54068589,0.15984221
1,0.468000,foot,3,0.63717139,0.79948890,0.73223585,0.60756099,-1.23409092,0.34944263,0.88099307,0.17996721,-1.79312682,-0.14324632,0.24914065,-0.12632397,-0.06962068,1.79169357,0.16443278,-2.34035182,0.14071533,-0.22056460,-0.54224235,0.75645369,-1.88141513,-0.13402894
1,0.472000,foot,3,-0.29142594,-0.29350460,-1.38776731,-0.32933688,-0.55222994,-0.98328722,-0.83755499,1.24718952,-2.80550456,1.66391671,0.82224619,-0.63630670,0.47343722,-0.67217135,-1.19097543,1.09905374,1.00168943,-0.74470216,-0.30592179,-0.31177413,-0.21840070,-0.06699830
1,0.476000,foot,3,0.63391256,0.84234548,-0.97014207,1.09039676,-0.05621359,-1.10776377,0.75468838,1.63590670,-0.30868635,-0.52207100,-1.54323721,0.13004316,0.00775538,1.48101783,-2.40144515,0.01658334,-0.94702649,-0.16382773,-0.84028256,-0.55849850,0.14668712,0.38305315
1,0.480000,foot,3,-0.09199187,0.15073128,-0.40844250,0.40251082,0.22340734,-0.55536419,-2.47880816,-1.22003448,2.46521568,-0.80779034,-0.76697016,0.68561608,0.92435229,0.48539746,-1.50036848,-1.11510992,-0.16542304,3.12008953,0.93873876,-1.54788959,-0.78097969,-0.81143707
1,0.484000,foot,3,1.22984600,1.76521266,0.12429293,-0.39579347,0.92997646,-0.45037669,-1.72299278,1.17930257,-1.97801363,-1.08987916,-1.13430190,0.77414614,-0.81192148,0.77614623,-0.64877683,2.00754070,1.14397407,-0.89036173,1.12695122,1.23279321,-0.88786227,1.07399833
1,0.488000,foot,3,1.25939000,1.64342022,1.19287539,-0.40188125,-0.63456637,0.80642474,-0.08189394,-0.42675039,0.85513747,-1.00143147,-0.29545483,1.45222878,1.62392998,-0.03236280,0.80984342,-1.76348758,-0.46772456,-3.03722954,-0.63802159,-2.35557723,0.90736341,-0.40938607
1,0.492000,foot,3,-0.39580008,-1.97773242,0.37811756,2.24398303,0.87607980,-0.92602485,-0.04128027,-0.38173696,-0.97497302,-0.20865066,0.74902785,0.79280370,0.07504569,0.62569964,0.35996211,-1.01015687,0.74184531,-1.00860119,0.28209895,0.85191166,0.02138588,-0.48577368
1,0.496000,foot,3,0.63929069,-1.01281667,0.04252996,-0.15254882,2.63502908,0.17232957,1.06996584,0.46471679,-0.78013754,1.06316042,1.21863675,-0.15982927,-0.97878671,0.11191754,1.95459306,1.38581550,0.05882759,0.06202050,-1.22038674,-1.41001248,0.05238409,-1.10632694
1,0.500000,foot,3,1.00322449,0.06768037,-0.03290956,-0.23854257,-0.47600058,-1.00910199,-1.13174069,0.07590323,1.07719541,0.30993396,-0.13042697,0.37391335,0.88419473,-1.50378931,0.02999457,-2.06978774,0.22512482,-0.47419867,-0.24011973,1.03003931,1.00131166,1.26543272
1,0.504000,foot,3,1.31663883,-0.44178689,0.30223635,0.52419484,-0.67252386,-0.66080123,1.01907516,-0.95028150,-0.49050802,-0.48967829,0.74136358,-0.95490450,0.29519480,0.56461877,-2.01603174,-1.56052923,-0.03439677,-2.03766584,-0.06717860,1.83867967,-0.35498467,0.20599803
1,0.508000,foot,3,0.52910918,1.42417610,1.87037492,-0.89147365,-1.58636212,-2.02784514,2.03505254,-0.58831191,1.28117847,-0.94708842,1.15095723,-0.38710007,0.57441533,-1.26380968,2.77421284,0.34389624,1.85200775,-0.24422958,-0.34412158,-1.78862882,0.35404116,0.12342550
1,0.512000,foot,3,0.51687306,-0.85407943,2.31854153,-1.57690609,-1.97072327,0.47587371,0.39537877,1.27602720,0.50735164,-0.92358446,0.18193552,0.02122048,-0.70769125,0.51396614,0.71627051,-0.48261741,-1.09155583,0.25978643,0.14722137,-0.92703247,-1.62103128,0.43590704
1,0.516000,foot,3,0.23180825,-1.37283325,-0.60105997,-0.83773959,-0.27573836,-1.38202655,-1.43589938,0.31035087,-0.07461235,0.34697211,-0.19089957,1.62753046,-1.70908403,-0.45739990,-0.27218521,0.82289320,-0.67687142,2.16342974,-0.22093053,-2.04094219,-0.23704948,-0.00355082
1,0.520000,foot,3,-0.76862413,0.52876669,-0.29708573,-0.38868478,1.52336836,-1.39294255,-0.61329788,0.23724748,1.50630069,0.96396071,0.69953078,0.11818404,0.29920217,-0.72304600,-1.64291179,0.52423769,0.12233917,1.48174787,0.85127074,0.88898844,-1.24936974,0.06255150
1,0.524000,foot,3,-1.13046038,-0.96422058,0.37166747,-1.78369188,0.96691585,-1.10228157,0.55779743,-0.32032877,-0.47573575,-0.35586199,-0.31456000,-0.48625767,-0.21450153,0.72922426,-1.79732800,-0.24526538,-0.70137036,-0.25709960,-1.91319227,-0.41009840,0.80270010,-0.48583332
1,0.528000,foot,3,0.88190705,0.14977875,2.14638686,-0.87544733,-1.01721609,0.47995198,-0.72400218,-0.70662421,-0.31971207,-0.27975234,-0.60348415,-0.09591822,0.76470464,-0.14921752,0.53567904,-0.10828526,-0.12606424,-0.76023829,1.29089963,0.50802660,1.73121309,0.10621729
1,0.532000,foot,3,2.62844658,1.89537418,-0.66069347,-0.25804141,0.64899206,0.54061252,0.62006706,0.80908310,-1.22836661,0.02253698,-0.52339971,-0.17336442,0.11979216,-0.08298969,-1.53710246,0.67816484,-0.38614404,-1.28148019,-1.89256966,0.90890652,0.00634523,1.22681856
1,0.536000,foot,3,-0.05526270,-0.76578039,0.21877204,-1.12523711,-0.29441717,-0.45190716,1.73107362,0.80121291,1.40483379,0.32833850,-0.05701795,0.89394236,0.92413533,-0.38750061,0.44864920,2.28836370,-2.25148177,1.21491742,0.75560617,0.95742202,1.36529756,-0.74778861
1,0.540000,foot,3,-0.65392768,-0.35861576,1.18461215,-0.91719848,-0.31771398,0.13937670,0.55668592,1.52495754,0.28005952,0.84900308,0.33506805,-0.36799926,-0.43289816,-0.67051256,2.02578783,-0.54443872,-0.51080567,-0.53975147,0.80255687,0.56348920,-1.08993280,0.24840392
1,0.544000,foot,3,-0.11669049,-0.32322845,-0.16098465,-0.64346665,-0.64938170,1.37739432,0.70876372,0.68010587,0.32374099,2.54024625,0.13795878,0.07594220,-0.73414731,-2.03820610,0.78620052,-0.50809258,0.99388838,0.25649273,0.41881537,0.06074316,-0.99276024,1.73925614
1,0.548000,foot,3,-1.03194463,0.15411599,0.10829641,-0.02351566,-0.45764473,-0.89616621,0.46972200,-0.98112279,0.75844216,-0.61123306,0.78925186,-0.69425654,0.65305126,2.15118003,-1.13016355,-0.79821014,0.78749049,0.21020013,-0.55682659,-0.50540614,0.23029546,0.78685141
1,0.552000,foot,3,-0.18302061,0.51639396,-0.22382021,0.59226352,-0.30807602,0.31885162,1.02574539,0.91400343,0.68945390,1.31895804,0.58131462,-0.53570515,-1.93883145,-0.32780293,2.24124575,1.63419938,0.29279819,-1.35618114,-1.02853370,0.57179785,1.76707399,-0.83331048
1,0.556000,foot,3,1.10882080,-0.67525190,-0.02878974,0.90827227,-2.13203311,0.53040159,0.09758751,0.90984106,-0.48822999,-0.19419685,-2.27061725,-1.12785256,0.70172244,2.21919632,0.40211332,0.06191859,0.06084781,0.60505134,-0.56817937,1.39377666,0.83882505,-0.35902914
1,0.560000,foot,3,0.09838944,0.84277463,-1.41744912,-1.20213294,-0.85043633,0.88383037,2.40243959,0.27308634,-1.21131599,0.84647143,0.63969612,-0.08874143,-1.99391735,0.00801366,0.82593644,1.24556088,1.20643580,0.50241566,-0.02138907,-0.82952029,-0.74910444,-0.18102303
1,0.564000,foot,3,-0.24847218,0.28195930,-0.08390384,-0.96358305,-1.16823637,0.64313453,0.80794871,0.46187711,-0.99064875,0.38072950,-0.78785813,-0.41199148,-2.68046236,0.85766190,1.77175939,1.53029311,-1.17637384,-1.34301913,-0.11453023,-0.11386615,-0.99435580,0.11622165
1,0.568000,foot,3,0.64071012,0.12519373,-1.88076985,0.44520932,-0.45502228,0.29089725,-1.48246813,-1.41116869,-0.68083978,0.07388481,0.01546557,-0.30807847,0.30199987,0.49694479,-1.23120153,-0.38830569,-0.45756105,1.50121915,1.14241910,-0.73096925,-1.10606194,-1.00142980
1,0.572000,foot,3,-0.87335312,-0.95488179,-1.63877845,0.03133209,-0.29153273,0.16125715,0.00122126,-0.58963233,0.34245309,0.66606426,-0.37478891,0.62924945,-0.39423013,-0.89029908,1.24204743,1.83333993,-0.99280602,-0.29952043,-0.32053027,0.25697741,-1.77375138,-0.18810825
1,0.576000,foot,3,0.83766228,-1.21091020,0.66873574,0.32993335,-0.21642947,0.21762766,-1.34141910,0.21110055,-0.93943703,0.58146530,0.09881525,-0.69309068,-0.80786157,-1.12006879,1.28573763,-0.04088396,1.08940482,-0.51452488,-0.93825680,1.29029775,-1.39188278,-0.28368157
1,0.580000,foot,3,0.38588125,0.84443939,-0.08645692,1.18447411,-0.65280718,0.94531530,0.82384479,-0.04635040,0.40300322,-0.17062351,0.42961782,-1.20118654,-0.32894880,0.51516312,1.05668354,0.36882323,-1.50452840,-1.97477388,-0.08697686,-0.81608909,0.59702778,-1.38644898
1,0.584000,foot,3,-1.12669301,1.16614759,-0.89367414,1.15191221,0.12651305,-1.78330839,0.60068721,-0.46465647,-0.85707325,-1.05582869,-0.12989467,-0.84873021,-0.43701631,-0.82030118,-1.03779662,0.66102546,-2.23735738,1.31452119,0.79878062,0.09343722,0.90421474,0.46091726
1,0.588000,foot,3,-0.40443861,-2.64805746,1.00959015,-0.00652324,0.57132208,-0.10431710,1.66253817,0.02808493,-0.43615437,-0.45248723,-0.14699879,0.62141567,-1.75404263,-0.40088055,0.19509825,1.67748177,-0.83860379,-0.37457570,0.07612551,1.25138068,-0.19090007,0.02770642
1,0.592000,foot,3,0.30076286,0.25263998,0.32503998,0.93687230,-0.10710379,-0.75115710,-1.17327690,-0.21707112,-1.12829351,-1.59420991,0.72830045,-0.10269351,-0.34020537,-1.45722687,1.73090744,-1.23581815,-0.46185574,0.07187831,-0.00385774,0.34183517,1.59730971,-0.46856940
1,0.596000,foot,3,1.63961565,0.73466247,1.18678200,2.29057574,-0.23936956,-0.50434279,-1.91592562,1.08736026,0.07895958,-1.84375358,1.46222448,0.39744878,-0.91729432,-0.14905570,-2.10536575,0.46947780,-1.45837176,-0.50442410,-1.02378440,1.39899445,-0.46136874,0.22681284
1,0.600000,foot,3,3.42822218,-0.86185575,0.75301701,0.05986154,-1.43176293,-1.67021060,-0.95757484,-0.04882451,1.23753357,-0.08428133,-1.21055770,1.58599794,-2.22351694,-1.62280869,-0.09950214,-0.09210263,0.31656343,0.57251459,0.14132454,-0.55829990,0.06511068,-0.68589228
1,0.604000,foot,3,0.73888081,0.60132742,0.51713318,-0.57177782,-0.06843370,0.96972144,0.39032537,-0.84925669,0.08261774,0.78029650,-2.37934542,0.16496705,-1.28749645,0.99086165,0.08587602,-1.78377748,1.06611192,0.61956024,1.25485706,0.06915360,0.35610253,0.25336742
1,0.608000,foot,3,-0.48854980,0.32558918,1.10018742,-1.35655415,0.50352955,1.57039011,-0.13568966,-0.65817410,0.28117833,-1.10293555,-2.85777116,-0.12390225,-0.32551268,0.59462643,0.47973621,0.77094585,-0.26116210,-0.22082865,1.08868074,0.18194067,0.42518395,0.44246903
1,0.612000,foot,3,1.36578882,-1.89285445,-1.00528204,-0.94618213,1.74485183,-0.44763115,0.24312475,0.29114926,0.15422805,-1.46712089,0.84118003,-0.13529333,-0.63950884,-1.38181186,0.67045718,0.37590694,-0.67296666,-1.98590243,0.59261256,0.55499488,0.17888367,-0.71567082
1,0.616000,foot,3,-1.53251266,-0.55343390,1.42647624,-0.82703155,0.38308838,2.15707135,-1.29959106,-1.14088988,-1.02141225,0.80295289,-0.81601685,-0.88399565,-0.60557497,0.65174609,-0.10097082,-2.05563068,-0.09926320,-1.67649484,1.81293499,-0.55432481,-0.37981266,0.97486746
1,0.620000,foot,3,1.23702788,-0.36344320,-1.34753191,0.85448748,-0.08167158,0.47553653,-0.68881428,0.19973382,-0.80106163,2.13720107,0.95173651,1.29445517,0.73388124,-0.91940254,-1.86579430,-1.18935549,-0.21849662,1.19228792,-0.57340240,-0.30463663,0.16997135,1.64447916
1,0.624000,foot,3,-1.05921543,1.85779989,1.42555463,-1.30742884,0.27217677,0.69457549,-1.29944360,-0.91248202,-1.60091281,-0.58812845,0.94687128,0.28444153,1.87280059,-1.47389233,1.16574812,0.53318471,0.11851573,2.14676809,1.79252589,0.73739952,0.65645266,-1.74526584
1,0.628000,foot,3,0.20800979,-1.34101391,0.21153450,-0.35637689,0.66818333,0.30778736,-1.20622110,-1.47762108,0.48590577,1.43508482,-1.19364667,1.33264458,0.95620561,1.95185542,0.03548365,-1.15299284,-0.87696230,-0.98288780,1.78384292,-0.04503319,-0.12238833,-1.33571255
1,0.632000,foot,3,-0.28318536,-0.63981754,1.98827565,0.12552093,-0.05511398,1.13516867,0.25545961,-1.02386498,-1.46768832,1.55672586,-0.31198478,0.25156653,0.43429542,1.47795677,-0.66323364,-1.59779274,0.55763161,-0.07844903,-0.37736779,3.20549464,-1.38296187,0.47442418
1,0.636000,foot,3,0.61374706,0.14159711,0.85031503,-1.49298298,-0.40409091,1.06955636,-0.85805559,0.73337674,0.77627647,-0.96496159,1.50401878,-1.09502447,0.64531773,2.60628486,0.67666376,-3.33828998,0.12654965,1.20491040,-0.03559924,1.23247302,-0.58390927,1.51935279
1,0.640000,foot,3,0.10249472,-0.39908162,-0.17734651,-0.57660371,-1.15184557,-1.18616986,0.31834418,-0.07988200,1.39008355,-0.21510254,1.12243223,0.30806851,-1.02374506,-0.55140465,0.48775160,1.12336516,-0.34894785,0.79649943,0.48693451,1.73799109,0.26408720,0.20732397
1,0.644000,foot,3,-1.06523991,0.60109729,1.13836908,0.46378449,-1.78330564,1.68879831,0.17158477,0.17096494,-0.35947576,-0.73293310,0.41397822,1.29302728,-0.32744128,1.29753208,1.29474425,-0.34245169,-1.51745772,1.49197483,-1.73510790,1.10350120,0.17925197,-1.76845860
1,0.648000,foot,3,1.69388163,0.11703143,-1.27846622,-0.22927895,0.21592917,-0.12213147,-1.41572928,-0.05012038,0.69427729,1.13027310,-0.97436017,1.03730035,-0.22617754,-0.42891908,1.21496415,-1.07511210,0.37848371,0.55978018,0.27034053,0.65691948,0.70224804,-2.06223106
1,0.652000,foot,3,1.60195935,0.04645710,1.15860128,-1.82853091,-0.65482819,0.07597546,0.12178874,0.41908038,0.08715609,1.25787556,-1.14130449,-1.16894889,-1.00208569,-0.38613498,-0.96577853,1.43416476,2.20008469,-1.94727159,-0.15269427,-0.96002179,0.33433738,-0.00354359
1,0.656000,foot,3,1.29216635,1.21596384,-1.74873102,-0.64204973,-0.56844050,-0.66534650,-1.26170361,-0.67819875,0.98032218,-0.94565427,-0.23830567,0.90488976,0.15316784,0.83038402,0.06304519,1.27528608,0.98212308,0.45065355,-0.09507589,-0.30777037,-1.16462743,-0.85354328
1,0.660000,foot,3,-1.72373641,0.78726810,-0.28816852,0.60199678,0.04012929,0.70253396,-0.03754030,-1.22261667,1.70797169,-1.08137107,-1.33815455,-0.17113216,-0.67961019,1.63552678,-0.95532268,-1.22473025,-2.22104907,-0.99841160,-1.73497975,0.65467525,0.71165812,0.68128467
1,0.664000,foot,3,1.87121761,0.16763115,-1.00783539,-0.57715642,0.23489520,0.51441097,-1.61946058,-1.36001313,1.69109392,0.65065265,0.39830911,0.13350040,-0.62210763,-0.27009141,-0.46352121,-1.44769442,-2.02655888,-0.68324161,-1.69904244,-0.67149490,-0.74175006,1.03224301
1,0.668000,foot,3,0.26636794,-0.61014897,0.56758624,1.00463271,-0.58590639,1.01505947,0.47746244,0.24607861,0.00876107,0.29131240,0.17136359,-0.16395713,-1.02223146,-0.41135329,-0.41338012,-0.80132174,-2.27438807,-0.95032305,-1.36159146,1.94624639,0.09666467,-0.11860461
1,0.672000,foot,3,0.13726814,0.45638967,0.04616164,-0.17247915,-0.24686304,1.23360550,-1.16670322,0.17273864,-0.48191556,0.06854906,-0.70260912,1.16501343,1.96389437,1.02193940,2.04450846,-1.69146848,-0.52113569,0.04875896,2.79619598,0.65669864,-1.64812183,1.27710867
1,0.676000,foot,3,0.30077198,0.57809979,-0.07090469,1.42964256,-0.51547676,1.35192811,-1.37095165,-1.29442203,2.30514789,0.59893644,1.36446214,1.06075156,0.15142217,0.62773043,0.84794092,-0.99068111,-0.01512733,-1.22897971,0.39966592,0.48629242,0.61619896,2.23259354
1,0.680000,foot,3,-1.64466286,0.03159520,2.41199994,-0.22887088,0.48591802,-0.11923255,-0.07528118,0.82744336,-0.80081820,1.39339101,-0.63163298,-0.45645228,-1.80422604,-0.46882665,-0.38045949,-0.75593334,-0.60897923,1.10868740,-0.02761229,-1.18553305,-0.42626983,0.91087854
1,0.684000,foot,3,0.19588852,0.72073150,1.26891959,0.29358640,0.19301410,-0.86921751,-1.51428127,1.01575387,-0.45236686,-1.89186990,-0.76806867,-0.37600696,0.29597008,0.89723587,-1.84547913,-0.64832675,-0.81292415,-0.59369016,1.48199773,0.51796734,-0.05336358,0.70185149
1,0.688000,foot,3,-0.85289407,0.03631499,1.60252690,-0.32504591,-1.36826944,-0.52721894,1.51525855,1.03590178,-0.93650651,0.52019179,-0.17538367,-1.29742527,1.27103567,1.24648476,-1.03921485,-0.28881845,0.59676588,-0.44177330,-0.66489589,0.10350873,0.09630354,-1.29526806
1,0.692000,foot,3,0.27208218,1.09007251,-1.81908548,-0.11456928,-0.45873448,-0.72473603,1.71820450,0.25022015,0.34385735,-0.37023923,-2.63308978,0.86756974,1.28056133,-0.22559248,0.69868255,0.60169894,0.01528428,-0.07853452,-1.45377696,0.76799005,1.48819101,0.14525476
1,0.696000,foot,3,-0.62148035,0.65322435,0.12308442,0.21260339,-0.93255883,0.26368201,0.07584119,-0.90815991,0.52653325,-0.32147586,-0.07406659,-0.03627803,-0.46869844,-1.55371499,-1.83363962,-0.97521991,-1.82981431,1.53017485,-1.31396556,-0.88530451,0.84974325,-0.90658724
1,0.700000,foot,3,0.42711389,0.11032573,1.64680231,-1.40666652,-0.43298912,-0.09059525,0.70635545,0.55134434,-1.12767231,-0.09173676,-0.11632539,-2.40151095,0.15109780,-1.44881964,0.59130836,0.24858043,0.02055475,-0.26430193,0.78848815,1.10910380,-0.71068478,-0.81174213
1,0.704000,foot,3,0.90038019,-0.67734677,1.04544675,-1.06268036,-1.12675881,-1.23885429,-1.22475481,0.83600712,0.93874419,-0.17022796,-0.34728783,-0.50870264,-0.03951066,-0.23048082,-1.83544195,2.58804798,0.46646565,0.46461394,-0.09875122,-0.34916773,0.51598656,1.19484913
1,0.708000,foot,3,-0.41195968,0.30074710,0.71850950,-0.12515986,0.86785460,0.35641709,0.30809194,0.99838996,-1.54481113,0.45202410,-1.19638383,1.06331825,-1.55747652,1.26793230,0.97370070,0.75413722,-0.52914679,-0.16026285,-2.43514729,1.44239259,-0.02330177,-1.47268677
1,0.712000,foot,3,-2.02860880,0.14818750,0.62770438,-1.19031382,-0.63909101,1.90887153,-1.01921666,0.79459202,0.13688603,-1.55942845,0.08281349,-1.12531948,-1.12908566,0.95207912,-1.62421799,0.54748088,3.18173361,0.64624530,-0.56101376,-0.65800482,0.54260898,-0.72865087
1,0.716000,foot,3,-0.44294313,1.05192220,-0.51037407,0.21170461,0.36776826,1.28812206,0.31706825,-0.81789780,0.46007591,-0.25644362,-0.67214513,-1.16462469,-1.68833506,0.58067453,-0.18785690,-0.03494214,0.27834514,-0.39010209,-1.03302050,-0.49806580,-0.34458414,1.03087580
1,0.720000,foot,3,-0.92423272,-0.81224281,0.57733560,0.04587566,1.19580293,1.16625261,2.10901928,-0.04722489,0.11160828,-0.53015131,0.26945186,-1.69056213,-1.67823243,-1.28381252,0.37919635,3.28995776,-0.57909840,-1.44999957,-0.99667865,0.57321072,0.25580981,1.40995395
1,0.724000,foot,3,0.65515828,-0.49914029,-0.28942192,0.11332440,1.36377215,0.29862636,-1.00067866,0.12872070,-0.48943675,0.73580480,0.51924878,-0.25041616,-0.39713839,-0.42403957,0.59916097,-0.85950643,-0.21331483,1.41548729,0.93044573,-0.57972115,1.35656643,-0.95007986
1,0.728000,foot,3,-0.20027846,2.41635275,0.18313923,1.08511496,-0.68631792,0.79601282,0.10897451,0.08116668,-0.50963628,-0.00200097,1.34707701,-2.24252963,0.68199420,1.06224895,1.67797089,0.82494855,-0.04535288,1.03465319,-0.46198243,0.77291167,1.72167754,-1.01284170
1,0.732000,foot,3,-0.04420131,0.50577116,-0.16703711,-1.01701427,-0.04628298,-0.31760404,-0.33891830,0.02590961,-0.27003303,-0.42912796,0.02240862,0.11240709,-0.68348795,0.05908611,-1.13652158,0.52578181,0.17194681,-1.54654074,-0.39335367,-0.16774650,-0.00921218,0.38056436
1,0.736000,foot,3,-0.87082672,0.03495525,-0.86265182,-1.11317027,2.01479483,-1.53025496,-1.06537390,-0.14232466,2.29804015,-0.58543992,0.17067969,0.14942147,2.41900039,-0.30440617,-0.67918086,-0.81448013,0.50212497,0.88590598,1.66177166,0.07128944,1.85778141,0.50033039
1,0.740000,foot,3,-1.79182553,-0.10381330,0.79668969,-1.42221057,1.52293050,1.19641852,-1.22837031,-0.75083548,-0.88007331,2.00205874,-1.74079156,0.68213987,0.07000888,-1.81144428,-1.04361641,-0.52053779,-0.60029233,0.70545006,-1.19591892,-0.34290248,0.65534246,-1.03776693
1,0.744000,foot,3,1.79072237,-0.92304748,-1.67696786,-0.31019992,-0.71105146,1.32231688,-1.34337878,-0.40644151,0.98764718,0.82600123,0.52009231,-0.98328692,-0.36385089,-3.03659678,-2.08749437,-1.04164767,-0.89646447,-1.64319837,-2.31668019,0.24644004,1.21045887,-0.05216055
1,0.748000,foot,3,-0.13025434,0.46924552,-0.39621040,-0.00064934,-0.38043329,2.91599870,1.57313800,-0.27042788,-0.25528064,0.48526406,-1.90888941,1.02841103,-0.25913215,-2.35212851,2.27259016,-1.54806173,-0.52040952,0.75122297,0.37389791,1.53473699,-2.71943164,0.05500522
1,0.752000,foot,3,1.90199769,0.61839426,0.75171673,2.37657666,-0.17858036,-0.77278244,0.75345016,0.99441397,-0.59460211,0.28937918,-1.10995913,-1.28771448,-0.80442059,0.52334732,-0.11640859,-0.46127486,0.37047806,-0.13675746,-0.82973987,-0.76623869,-1.45616281,-0.77817750
1,0.756000,foot,3,2.02520180,-0.67187160,0.06253415,-1.33689010,0.43916440,0.38153973,-1.79124188,1.22870827,-0.95805782,-0.15237825,-0.02241385,-0.57742298,0.70156097,0.12041346,-0.53645736,-0.51517266,-0.37842011,-1.45699775,0.84083974,-0.91506881,0.78621840,0.81139648
1,0.760000,foot,3,-0.51741803,0.70713341,-0.40804088,-0.05028474,-0.65931582,0.76836032,0.71851194,-0.02581529,2.23996854,0.98470902,0.20159861,0.45902461,-0.01578508,1.83160019,-0.33907986,-0.38709986,1.84992719,-0.03337286,-0.25952134,-0.16052705,1.29613519,0.28971812
1,0.764000,foot,3,1.02161717,-0.16312090,1.49279881,0.32010579,-1.61051416,-0.49748975,-1.34858632,-1.17847061,-0.88622355,1.17440915,1.20580101,0.66736025,-0.07005587,0.36932892,0.27514273,-1.26227176,0.62342227,1.81179178,-1.53142786,0.71999705,0.00087321,0.09109288
1,0.768000,foot,3,-0.29204375,-0.13535737,0.29812503,-1.97200799,-0.03331830,-1.19132996,0.34482104,1.61190724,1.31730151,-2.00740290,-0.25136632,0.85781795,0.73445719,-0.21123166,0.90885764,-1.11279416,-1.38596010,-0.76675898,-2.47252607,0.41836673,0.14861022,0.89579731
1,0.772000,foot,3,-0.06807157,1.00219250,-0.16588113,-1.57208610,0.54839677,-1.59839749,-0.77997082,0.88267285,-0.98128366,-0.36804000,-0.27796629,0.84955698,0.65116048,0.77835655,-0.11189903,-0.23636609,-0.15525970,-0.46927536,-0.10898373,0.35294983,0.52166402,-1.45264292
1,0.776000,foot,3,-0.95682234,-1.43524098,-0.21827629,0.81865007,-0.62527978,-0.43475282,-1.35650063,0.15860794,1.52394664,0.13756479,-0.24471040,0.25148982,2.70762062,-1.04340708,0.68876427,0.32887071,-1.10423648,1.45837796,-0.40503705,-1.54074037,0.18279371,0.76700312
1,0.780000,foot,3,0.11558422,0.73224479,-1.66463614,1.28345609,0.28880489,1.32107449,-0.42924553,1.86376214,-0.55959374,-0.32967249,-1.03774488,-0.58259934,0.46771964,-1.35699224,-1.00771248,0.41782761,-0.79733413,-0.01372377,0.11502959,-1.06437552,0.92966032,-0.70819926
1,0.784000,foot,3,0.74391919,0.22927421,-1.84736705,-0.62952369,-0.60975099,-1.34063363,-0.35924518,0.07556400,-0.26919428,-0.18535806,-0.97488278,-0.10814493,-0.06688992,-1.41674697,-0.38944158,-0.30622941,0.76465452,1.85296035,-0.55122787,-0.43486425,0.77720517,-1.06137252
1,0.788000,foot,3,-0.74439043,0.51874632,0.69321156,0.02911757,1.13460898,0.58045000,-1.47746003,0.41130501,-0.75362855,-0.06028086,0.54994929,-1.96365345,-0.07094236,0.30903101,0.83596611,-0.01447183,-0.01838400,0.88365823,-0.18091062,-0.24771251,-1.71154261,0.83282185
1,0.792000,foot,3,-0.75270391,-0.64840251,-0.72321731,-0.87612945,1.85020900,2.12205553,0.59618825,-0.92626345,-1.43220305,-0.35378948,1.31461513,0.59148192,-0.09413825,0.83073026,-0.81439656,-1.45225692,1.88831973,-0.08983079,0.49845704,-0.76093525,0.61353898,0.59440088
1,0.796000,foot,3,0.02094288,-0.73989147,0.00055937,-2.12683988,0.94506842,0.48170745,0.12372963,0.36928585,0.04352003,0.37250793,2.81284547,-1.16149259,0.49208853,0.11238707,-0.20214443,1.51165795,-0.25635776,0.63372195,-1.10423541,-1.72324848,0.66253370,0.66698152
1,0.800000,foot,3,1.32847464,-1.83899617,0.15507562,-0.20894793,-1.10296857,1.62096858,0.21117155,-2.39792752,-1.94573033,-0.91933429,-0.28232020,0.98395669,-0.48094481,-0.27254441,0.37243316,0.83977848,0.21922041,-0.58482599,-1.51902270,0.05651531,-0.39168176,1.12857604
1,0.000000,tongue,4,0.82033849,-0.96924341,0.43027443,-0.74213380,-1.21312499,0.24143331,1.91458523,-0.77517366,-0.60457420,0.28505853,0.81445348,-0.68901950,0.95560151,-0.10653628,1.57646823,0.88588035,0.61136448,0.22649181,-0.79667014,0.12657964,0.94900328,0.63892806
1,0.004000,tongue,4,-0.08854657,0.67955637,-0.16996287,-0.24650382,0.17867437,-0.79683000,-0.93555564,0.19408576,-0.07137962,-0.50129503,-0.16622558,-0.33941311,-1.81520772,-0.01545190,-0.17620777,0.58604145,-1.32018435,0.17856923,-0.74282295,0.38087836,0.87143254,1.17545319
1,0.008000,tongue,4,-0.68813044,-2.70909262,-2.41082549,1.21470666,0.30228448,-3.37211204,-0.55882978,2.21109390,-0.05321674,0.23716366,-0.15394925,-0.42455184,-0.35823080,1.50855076,-1.43927240,0.44123939,-0.63337833,-0.35143924,2.08267045,-0.16307096,-0.86591613,-0.07667801
1,0.012000,tongue,4,-2.13117743,1.37348402,0.29946122,0.60459119,-0.46018878,0.89129049,0.42115706,-0.87556791,2.21980691,1.47197974,-0.81433213,0.11683177,0.26547176,0.09427062,-1.09430099,0.93923187,0.19376189,0.23448050,0.44327942,-0.93967026,-0.31213334,-0.38216737
1,0.016000,tongue,4,-1.12582254,1.92203856,-1.17221129,0.18272954,-0.85887319,0.47106829,-0.17587461,-0.22255565,-0.46551880,-0.46402568,-0.43317679,-1.69727933,-0.72985011,-0.99047434,0.74235731,0.71176785,0.25303733,-0.68101668,-0.19923602,1.05632675,0.16057573,-0.98531687
1,0.020000,tongue,4,0.59884763,0.09458785,-1.15872693,-0.43564180,0.45607540,-0.31941304,-2.41688585,-0.29940507,-0.61815983,0.25488424,-0.44944173,-0.42535853,0.94486713,-0.71815258,0.11702096,-0.04492277,1.12545824,-0.62351596,-1.25801885,-0.11955124,0.65596175,-0.33444414
1,0.024000,tongue,4,0.89891821,-0.95266771,-0.02633151,0.09438719,0.74441069,1.21741855,-1.28458452,-0.96890217,1.00440884,0.68252164,-0.25482309,-0.89003325,0.58779383,1.67668593,0.03611991,-0.10229607,0.44266221,-0.99491483,1.80774963,-1.65801513,0.44105810,2.17150259
1,0.028000,tongue,4,-0.44642675,-0.21456197,0.04966108,0.08365366,-0.96008426,-0.19794075,-0.71829379,0.13764735,-1.55530882,-0.14042041,-0.44323644,-0.76369900,-1.95003390,-0.36965644,0.35177082,0.54643762,-1.91956401,0.80562472,-0.78146493,0.64495283,-0.38654038,0.84480637
1,0.032000,tongue,4,0.77585936,0.07227958,2.19369268,-0.51653308,-0.97573459,1.03253639,0.90137285,-0.75298095,-0.92523223,-0.25598878,-1.63173592,-1.64560580,0.90993989,-0.51318067,-0.52896476,-0.24200201,-1.34436488,1.29015791,2.32430053,-0.03394240,-0.20334080,1.16140759
1,0.036000,tongue,4,1.17050016,1.24180996,0.21034139,1.06786716,-1.07512331,-0.28443736,-0.73898023,-0.02519427,0.48233688,-0.64139020,-0.95628905,-1.01237822,0.32309544,0.67207116,1.28012180,-0.70362937,1.03219306,0.20605232,-0.02611966,0.36166909,0.16493130,-0.41549617
1,0.040000,tongue,4,-0.39129934,-0.61502141,1.17251551,0.33227775,-0.78519058,-1.00804842,-0.15429977,1.50525641,0.21978842,0.70527923,0.03140572,0.09267060,-0.94170433,1.30139577,-0.48279852,-0.02898913,-0.09040693,0.38367283,-0.74089932,-1.16587710,-1.02863228,-2.08376169
1,0.044000,tongue,4,0.08747073,0.68229538,0.90759259,-0.04499580,-0.77937257,-0.71514928,0.63943344,0.39505923,0.02883119,-1.46856678,-0.22576025,0.93815428,-1.92318702,-0.66266686,0.69405860,-0.28215626,0.65132123,0.10212462,-0.26244909,0.00455866,-0.99430573,0.21238840
1,0.048000,tongue,4,1.15273416,-0.73675120,0.09177539,-1.20432270,1.01505220,-0.83694148,0.55507129,-0.12623715,0.74065948,-0.08224368,-0.16499075,-0.65520447,-1.08726287,-0.27681398,0.11053899,0.85773849,-3.61520696,1.57821453,1.20209074,0.71000880,-1.36052573,-0.14483345
1,0.052000,tongue,4,0.64677548,-0.20522495,0.78452367,-0.48460990,1.12537396,1.51181853,0.46231699,0.16685691,-0.58865851,1.42734492,0.55878466,-0.51144952,0.56012392,-0.53611594,-0.06756130,1.54102540,-0.67963475,1.64947963,-0.58716518,0.61554760,-0.92696381,-0.52139658
1,0.056000,tongue,4,1.04693866,-2.27693772,-0.28401262,0.83689904,0.01616844,-0.69013709,-2.35156393,0.45551115,0.66881096,0.26800609,-0.15010680,0.15975735,0.62705487,1.50772238,-0.54565763,1.68093252,-0.02119300,-0.08676948,1.45130801,-1.49667263,1.69004583,1.99091077
1,0.060000,tongue,4,1.05854630,0.13602665,-1.15303028,-1.08635247,0.51007706,0.30106491,-0.63759935,1.33562219,0.59451312,0.53655154,-0.31685114,-2.23660254,2.22181654,0.25163212,0.42043960,-0.53728735,0.18563074,-0.40112865,1.21335781,1.25329149,-0.84504515,0.75655490
1,0.064000,tongue,4,-0.00600688,0.75217557,-0.12210883,-1.44361329,-0.29991743,3.46146464,1.16027129,2.26979804,0.57031363,0.37637395,0.18999563,1.44312215,-1.71507406,-0.92383218,1.27197051,0.44135365,-0.29584783,-0.36001858,-1.69644773,0.58649296,1.09235489,-1.00469804
1,0.068000,tongue,4,-0.06529313,-0.51578194,0.18317443,0.37725002,-0.96364880,-0.00165112,1.81908441,-2.23917437,1.46923733,0.09866340,1.67079747,0.14171450,0.40899837,0.69476557,0.72948921,-0.47467566,-0.52012813,-0.35660446,-2.76241732,-0.42903411,1.58893287,0.99629116
1,0.072000,tongue,4,2.03854227,-0.27403250,-1.20394754,-0.38861275,-1.16715610,-1.38161635,-0.10538908,-1.37913728,-0.52896249,0.46033260,-0.77999485,-0.68896919,-0.85007495,0.36954179,0.95861220,0.62227374,0.44188020,-0.05347778,-0.21157539,-0.73990035,-0.21514460,-0.86871380
1,0.076000,tongue,4,-0.56837898,-1.50493920,0.69571048,0.12369066,0.86576855,-0.25555733,0.22503899,1.80855155,1.18662930,-0.90477490,-1.17656398,0.35724941,0.97584444,-1.89099681,-0.10167286,0.14171495,-1.27724206,1.42001522,-0.68946934,0.57599211,0.64726222,-0.74431449
1,0.080000,tongue,4,-0.62012655,0.30307728,2.02963686,-0.28895316,1.44985366,0.26984695,0.04476319,0.01035482,1.77379286,0.71999884,-0.46983454,-0.00007990,0.72206962,-0.44817474,-0.17520055,-0.48190022,-0.03855072,0.33396724,0.68641442,0.57383132,1.33348501,1.70894325
1,0.084000,tongue,4,1.10904908,0.39263240,-0.36214554,0.46767771,0.25738159,-0.14233482,-0.21053475,-1.20504224,-0.47969079,-0.97214413,-0.10473581,-0.73065352,1.38807619,0.54940999,-0.85318404,0.24367748,-1.19421482,-0.79208744,-1.14084864,0.80930161,-1.65196478,-1.66950130
1,0.088000,tongue,4,-1.49207473,-1.45443642,0.05564311,-1.15956891,1.01775038,0.59243923,-0.07747498,-0.54743487,-0.48624787,0.91883630,0.09775710,-0.24179238,0.42655179,0.39339867,0.99411511,-0.97592300,0.57238567,1.62366045,-0.82821041,0.26015124,0.47005603,-0.58113885
1,0.092000,tongue,4,1.05570376,-0.46734560,2.71435285,0.12053747,2.07794976,0.56387383,-0.98806435,-0.36825845,-0.36021072,0.77950883,-0.39475027,0.96103764,-0.83811647,-0.88469356,-0.57363492,1.30746567,0.31382436,1.49012673,-0.40238532,0.16498064,-2.07729483,1.88432729
1,0.096000,tongue,4,0.34466225,2.19727039,-0.22733550,-0.61685354,0.01743062,-0.78635746,0.91393882,0.30919403,0.65712911,1.64009523,0.34360337,0.25335976,1.01603460,-0.25668043,1.27388811,1.04860497,0.10208768,0.70338607,-0.60655844,-1.05829453,-0.55222124,0.15305766
1,0.100000,tongue,4,0.50009573,-0.16955999,-1.38073730,-0.07584061,0.39957482,-0.70568067,-1.88669622,0.90057313,0.15944722,-0.84268653,-2.57594943,-0.29812208,-1.26369739,-0.66585106,-1.63223588,0.65517873,-1.12227488,-0.00582210,-0.91516507,-0.67109591,-0.54221499,-0.82208478
1,0.104000,tongue,4,-1.42825258,-1.48932898,-2.08983254,1.42290175,0.43253472,1.15403926,-1.03720248,0.55502445,-0.22138199,-0.02967342,0.23464029,-0.12432796,-0.55114871,0.13533272,-0.18364182,0.62413925,-0.69788814,-0.27180052,-0.27911055,0.18091020,0.47088614,-1.01333952
1,0.108000,tongue,4,-1.50949478,-1.85774505,-0.39332923,0.15890174,-0.24702860,0.40415111,-1.24769115,0.06706779,-0.26610869,-0.10943015,-0.95603079,0.52044046,0.80599970,-0.79781830,2.12199211,1.22372174,0.73169190,0.52163815,-0.74841583,-1.47432876,-0.20423111,1.26703250
1,0.112000,tongue,4,-0.94474763,-0.70605427,1.49977839,-1.81726468,-1.78094602,0.56404519,-0.13846895,-0.25451660,-0.42274040,-1.40339863,0.74473631,0.38511601,1.29801095,0.09875014,-2.66493464,0.01488779,1.47678447,1.47105122,-0.73751539,-0.52097082,-1.14043880,-0.22139108
1,0.116000,tongue,4,-0.25967076,-0.68379319,-0.39529127,1.55316162,-1.40647840,-0.78915358,1.22944748,0.37207499,0.08784648,0.26377487,0.87280238,1.45617139,0.56548023,0.08920767,-1.26647437,-0.82950032,0.33575892,0.07207331,-0.67147470,-1.40370858,-1.17013168,0.04203640
1,0.120000,tongue,4,0.89007229,-1.38321233,-0.04809296,-0.93416184,-1.51927757,-1.19650793,1.32856488,1.29102767,-0.01415746,0.18859164,-0.38385823,-1.33991158,-1.19882870,-0.02879811,0.19926079,-0.20155449,0.29440963,-0.30063668,-1.00678468,-2.24696374,0.58788985,-1.00839663
1,0.124000,tongue,4,-0.25850663,-0.17596298,-0.86607796,2.38524389,0.43827373,1.47023273,-0.80658460,0.38647652,0.31272846,0.12095615,-2.28081608,-1.43057227,0.85713416,-1.46827030,-1.48761535,-0.62773854,0.03253083,0.33580241,-1.42569304,-0.41156459,-1.34711277,0.09410994
1,0.128000,tongue,4,-1.26523960,0.28542387,-1.11835253,0.04295759,-0.44206509,-1.68532646,-1.27272952,0.96479493,1.85404980,-0.88596606,2.54878783,1.99738204,-0.38690630,1.13155508,1.66157115,-1.45918000,1.35232866,1.90808892,0.52116239,0.91958910,0.77539778,0.60594672
1,0.132000,tongue,4,0.59616435,-0.47627425,1.07828319,0.39440566,-1.05823255,0.44412634,2.08801770,0.59488022,0.08033802,-1.01481616,0.31126609,-0.26592225,-2.66064882,-0.09465570,1.71727157,0.01077638,-1.02308810,-0.87685585,1.20578802,0.17300293,1.20407999,-0.92877245
1,0.136000,tongue,4,-0.92503029,-1.76970088,0.42614347,-0.70683956,0.20131236,-1.44463086,-0.57686198,-0.19741493,0.51023930,-1.55108452,-1.83218884,-0.90603822,-0.09569218,0.12552029,0.29092455,-1.66619468,-0.87657881,-0.00046248,0.93847972,1.10456419,1.04496348,-0.82686085
1,0.140000,tongue,4,0.14033687,-0.01491762,0.23497228,0.10904875,0.05901162,0.15831789,-0.43924671,0.43348846,-0.83352876,0.29349312,-0.12663527,-0.20805714,-0.19331028,1.31243443,0.73169816,2.90410805,1.15083313,0.91757393,-0.36026353,0.66551542,-1.43317330,0.63286996
1,0.144000,tongue,4,0.70073819,-0.18738587,0.48438749,-0.54572272,1.89239836,2.68089986,1.34893417,2.08172560,1.96489179,1.82518327,-0.87141418,1.60042763,-0.03868247,0.74483240,1.26091290,-1.02028251,-0.94898862,0.83245206,0.00352233,-1.37091839,0.84053242,0.33340079
1,0.148000,tongue,4,1.35642672,-2.40017271,0.83207858,-0.19817609,-1.13687587,0.91159654,0.93653697,-1.63493705,-0.25536340,0.90914458,0.49405193,1.86258507,1.29257691,0.09724642,-1.27051568,-1.15532565,-0.93215835,0.11181490,1.22904623,0.42860770,-1.76759839,0.31114328
1,0.152000,tongue,4,-1.31531608,-1.35946250,-0.39910829,-1.38078785,-1.93831742,-1.76107490,0.13515720,0.48116612,-0.40914911,1.24279964,0.77454484,1.16405797,-1.39590776,1.58294213,0.41216660,1.31176758,0.01073945,0.88504279,-0.58748835,0.33936223,1.49484766,0.55825233
1,0.156000,tongue,4,-0.01412431,1.23157310,-1.29304838,0.27651471,0.23472685,1.52361536,-0.83024722,0.09722099,0.15792869,-0.94463909,-0.45517674,-0.45649740,-0.09800415,0.78860170,0.47080430,-0.30842718,-0.23950487,0.40112504,0.93336546,0.97143036,-1.92532754,0.85429525
1,0.160000,tongue,4,-0.14544326,0.45370397,-1.41804302,-0.40720788,1.15068996,-1.23557448,1.24367809,1.46515429,0.52026296,0.56345218,-0.14874190,1.80062580,-0.76886213,-0.16934578,-0.41994745,-0.40818602,-0.68804282,0.54605609,-0.79955608,0.84348810,-1.10451388,0.40821141
1,0.164000,tongue,4,-1.47743690,-0.63697290,-0.49890554,-0.17542621,0.19921444,0.87995422,0.29325211,-0.04335329,-0.33344120,0.41346389,-0.83223987,-0.58597803,2.30838966,-2.85820270,0.09911997,0.94121796,-0.33371365,-1.48214197,0.15937687,1.50906992,0.11540244,0.80906332
1,0.168000,tongue,4,0.60409439,-0.13439021,0.40220588,-1.11889291,-0.17460197,0.53992206,-2.02999973,0.15782422,-1.41477251,0.44989204,-0.53934717,2.43334007,0.90045416,0.77127868,0.13192526,-0.39356455,-0.71478719,-0.16978028,-0.64675307,-1.12171578,0.83411741,-0.88628477
1,0.172000,tongue,4,1.45075333,-2.06769419,-1.25990212,0.86568326,-0.00933532,1.39871550,0.98849154,-0.36754081,0.32957479,0.63815671,0.14492349,0.50846010,-0.01144432,0.25351441,-0.27252811,-0.46039274,-0.18151690,-0.02773443,-0.45082396,0.78781104,-0.13804936,0.08721437
1,0.176000,tongue,4,1.98543966,-0.37441820,-1.85385418,1.23762071,-0.36026436,-1.03474808,0.72758269,-2.60506344,0.99910843,-1.56564808,0.23877844,-0.72136176,0.32483754,-0.35933304,-0.73381037,0.11341159,0.15012366,1.97841287,-0.48664480,0.03431645,0.57245857,2.35712862
1,0.180000,tongue,4,-1.06713247,-0.01900541,-0.36625576,-0.91942829,-0.14314865,-1.06331909,1.16235244,-1.19906473,0.90669829,0.68005067,0.34089237,0.10527346,-0.23171268,-0.73594064,0.05898299,-0.41213351,0.81122065,-0.33552608,1.36658859,-1.75636673,0.38194075,-1.95818198
1,0.184000,tongue,4,0.17747775,-0.11522722,-1.93571055,0.99240965,-0.53856504,1.27050936,-2.28103256,-0.34949261,-0.43404549,-1.11506140,-0.85946995,0.44049799,-0.47369012,1.88865519,-0.53463393,1.14134884,-0.03469217,0.92059594,-1.56852877,0.00814590,-1.32006621,0.65519464
1,0.188000,tongue,4,-0.57514793,-1.08272624,-1.26231420,-0.01889129,-1.14489794,-0.64405918,0.04156376,-0.80298722,1.18498969,-1.21665418,-0.36425498,-0.27404478,-0.11652723,0.51488453,0.96210736,0.07058692,0.27408275,-1.53886449,-0.72175753,-0.59573472,-0.00679117,-0.15058914
1,0.192000,tongue,4,-0.12118083,-0.29996452,0.16060899,-1.44440782,0.22820595,0.37171671,1.12301636,-0.46982351,-0.74641240,0.39053261,-0.87387788,-1.00185692,-0.33689630,-0.06430205,1.23167515,-0.51369596,-0.40554309,2.21481061,1.15807307,-0.35007682,-0.20359500,-0.37624750
1,0.196000,tongue,4,-0.66414958,1.14378786,-0.64002281,0.87456411,0.22473304,0.89051890,-1.31273651,0.80557227,-0.41095421,1.21981096,-0.24899091,0.35711160,0.23926005,-0.51819903,-0.91825217,-0.01823781,0.06345762,1.35675800,1.21790409,-0.22223848,2.54536128,-1.15197003
1,0.200000,tongue,4,-1.84187460,1.32693565,-0.47707415,-1.34384203,-0.76465458,-0.54647601,0.88563615,1.00187409,0.37278423,1.00184178,0.50663573,-0.74427205,-0.34607789,0.55245048,1.01188469,1.74163842,0.12652379,-0.71745092,-0.72115588,-0.06758572,-0.90966594,-0.54703510
1,0.204000,tongue,4,1.88328934,1.62280178,-0.02438401,0.98672241,-0.04262185,0.41947362,1.27717364,-0.41992724,-0.77812976,-0.26841664,0.90241277,-0.68390572,0.34716201,1.61568129,1.05177796,0.46679568,0.82323664,-2.15587926,-0.40842631,-0.09611136,1.59456837,1.26719141
1,0.208000,tongue,4,1.05799472,-0.82191598,0.42232430,0.52256298,0.17270386,0.90632677,-0.69546938,-0.29578638,-0.45059901,1.87253642,-0.54857558,1.04075480,-1.64046478,1.16166866,0.61613792,0.10701235,2.14026570,0.34776923,0.42504832,1.67369509,-0.51824373,0.34302267
1,0.212000,tongue,4,-1.78581667,-0.01233633,-0.26604912,0.37166598,-0.99742043,1.11906362,-1.23443127,-0.24781065,-2.08000970,-0.74919605,-0.64161474,0.62008810,0.84820634,0.95862180,-0.06426726,-1.17626035,-0.11690763,1.02948546,0.38335487,0.40191138,-1.56391323,-1.81440878
1,0.216000,tongue,4,-0.63413352,-1.44362867,0.34452865,-1.09711158,-0.09993660,0.48358488,-0.58420330,0.24231538,1.89169943,-1.58773112,-0.20497489,1.15322876,-0.88490814,-0.61135095,2.07236552,-0.04729619,-1.16525710,-0.76874256,-0.14197023,0.52752835,-0.95778084,-0.23055536
1,0.220000,tongue,4,0.51129806,-2.02386689,0.24248597,-0.18984295,-0.48300025,-1.69984138,0.38316745,-1.04021740,-0.49817619,-0.42086485,-1.20202136,-0.12490231,-2.44235921,-1.03132212,-0.83981794,0.21122609,0.16474628,-0.36247683,0.40819579,-0.48471493,0.59060919,-0.31172395
1,0.224000,tongue,4,1.48900723,0.30713293,-1.10846329,-0.18077636,-1.42043543,-0.70341212,1.31636763,-0.88454711,-1.45718503,0.95082134,-0.55221111,0.88473099,-0.35139835,-1.69958425,-2.34050441,1.10014272,-0.71315235,-0.15145122,-2.13758492,2.17500305,1.33021295,-0.09303696
1,0.228000,tongue,4,-0.83922821,-0.85522175,1.31109917,1.13310325,-0.58597082,-0.48582491,0.53120679,-0.18656763,-1.16441178,-0.12749177,0.40888995,-2.30961847,-0.07095105,-0.41362232,0.54438215,-0.63992941,1.17538214,-1.23107517,-0.58765614,-0.68253565,1.58816183,-1.48488867
1,0.232000,tongue,4,1.73635721,0.63596380,0.71539229,0.28059274,0.80060947,0.87261242,-0.11968726,0.50822115,-0.66037738,-0.81442684,1.47586298,0.14849864,0.43240964,2.58778572,1.20954192,-0.68284863,0.74938184,1.75834274,0.83238029,-1.07900882,-0.98939252,-0.34986448
1,0.236000,tongue,4,-0.51573354,0.24283101,-1.15945482,-1.42266154,0.50145310,-1.65721118,-0.29732570,0.39864111,-1.26210594,0.05076161,1.82577801,0.69845933,0.25507864,1.63538933,1.37954772,-0.89977193,1.28789449,-0.40561706,0.16858025,0.43983307,-0.76640874,-0.12651584
1,0.240000,tongue,4,0.49621910,1.24966991,0.74966645,-0.97486979,-0.23429923,1.23943222,-0.59640253,-0.00639862,0.52057517,-0.13105665,-0.03894260,-0.32269603,1.58508992,0.59785694,0.79113078,0.34014973,-0.04316129,0.66724342,2.72945070,0.86488599,-0.87224656,-0.37592825
1,0.244000,tongue,4,0.69394904,1.17038667,-0.27270362,-0.66259187,-0.01356229,0.05984561,1.46326339,-0.64831787,-0.30979130,-0.72495192,1.11858106,0.26719874,-0.31868207,0.97331768,0.12670572,-2.88053322,-0.11595343,1.55390489,-0.44056115,-0.31695646,1.35404956,-0.08169631
1,0.248000,tongue,4,0.91495502,0.20644350,0.42947578,2.99160194,-0.23814416,1.45208144,1.45064294,-0.11424148,-0.91540289,0.91185105,1.08637571,-0.31399825,1.27380693,0.77157557,0.04723055,-1.16118848,-1.13981986,-0.12126952,-0.37339315,0.83652383,-0.44276965,-0.64179289
1,0.252000,tongue,4,0.06933643,-1.20208323,1.80119014,2.44399500,-0.13169503,0.10916897,-0.30158430,0.02342106,1.79578614,-1.09603035,0.48310295,0.34112686,0.31161609,-1.92356384,-0.86346871,-1.20427346,0.89129376,-0.03260151,-1.53263831,-1.23781645,0.84433162,-0.66048318
1,0.256000,tongue,4,-0.51873201,0.99290663,1.34213889,-0.63974571,0.79418004,-1.43450344,-1.09971595,-1.11237550,1.53004515,1.33211553,-0.13878262,0.00928986,-0.14783303,1.29243398,1.23453140,-0.32120287,0.02014985,-0.27777323,0.39631665,-0.88172221,-0.09906660,0.46412921
1,0.260000,tongue,4,-0.41582733,-0.39584106,-0.72031838,-1.28077698,-0.10284320,-0.10409182,-0.24813877,0.95924860,0.06264946,1.21599078,0.94835806,0.51940131,1.89969492,0.37821996,0.32880512,-1.94536293,-0.47301096,0.85937107,-0.20759004,-0.28493777,-0.83534783,0.42662051
1,0.264000,tongue,4,-1.72617769,-1.01117432,-3.15472913,-0.44415012,-1.68302023,-0.95271206,-0.72844404,-0.72700185,-1.70332444,1.28879535,1.11829674,0.67107654,-1.81969476,0.90108472,0.53707838,-1.69927990,1.20339656,-0.91281062,-1.76637030,-0.35432199,-0.02461015,0.80426353
1,0.268000,tongue,4,1.03433907,0.88784117,0.30238408,-0.82344460,0.61993039,0.11915447,-1.07861650,-0.03928879,0.83307320,0.66101480,-0.33587521,-0.42667973,-0.10240256,0.03277952,-1.03865528,-1.31280231,-0.06985980,0.32185856,0.05543457,-0.55509204,1.14411879,-1.78737843
1,0.272000,tongue,4,-0.06085530,0.12481428,0.18639854,0.85182941,0.25562301,-1.08158243,0.42970309,-0.89045221,-1.92674220,-0.20936315,-0.75201833,0.32164720,0.58924699,-2.13175607,0.45611379,-0.09468611,-0.41245955,0.02597843,-2.11567521,0.46643782,0.68880635,0.66080475
1,0.276000,tongue,4,-0.02992367,0.43076271,1.12996852,-1.63586152,-0.04199326,0.00877414,0.15695378,1.51645100,0.71279621,-0.59423244,-0.95299804,1.81933916,-0.91156638,1.10818124,0.23494266,0.23734333,-0.59514076,0.47450325,-0.12218983,-0.58828622,-1.40944052,1.13564205
1,0.280000,tongue,4,1.04140067,0.68860561,1.00019336,-1.63219941,0.93038869,0.35471743,0.24103947,-0.50620902,-0.71681982,-0.44689450,-1.13084340,-0.38860750,0.15616021,-1.24192703,-0.89048272,0.45414439,-0.74229360,0.77121192,0.15395530,0.75553983,1.36128843,0.82459819
1,0.284000,tongue,4,-0.43040991,-1.14745879,1.87001801,-0.07334477,-1.07408762,0.24530001,-0.68892646,1.80191696,0.25729281,0.46011192,-0.58007604,0.10152933,-0.31907132,1.70786619,0.24942140,-1.00479853,-1.42794859,-1.83800864,0.80562609,-1.50787199,0.02415128,0.05534273
1,0.288000,tongue,4,-1.05743587,-0.93093812,1.03702974,-0.85721946,1.07543397,0.11237250,0.94289553,-0.67051440,0.61693740,-1.73647392,-0.93030441,-0.60893869,0.11315544,0.44683209,-0.28906471,0.10751098,-0.61411560,-1.53303230,0.17974134,0.43242291,0.80679989,0.87617445
1,0.292000,tongue,4,-0.33293629,-1.13068414,1.01953936,-1.09464228,0.51165771,-1.68371284,0.85514981,-0.25677708,0.94398409,0.67910659,-1.69784474,1.52828443,2.00375557,0.09800085,0.61766642,-1.14533174,-0.47074825,1.08098423,0.37675920,1.18166721,-0.64506561,-0.38396651
1,0.296000,tongue,4,-2.05063701,-0.62478435,1.02819395,2.33308125,0.95176649,-1.84850359,1.14726007,-1.46435225,-0.73981452,-0.40990448,-0.54428536,1.09381115,-0.96738940,-0.67241019,0.75730473,0.40183717,-0.33699921,0.24145210,-1.71595371,-0.70363516,2.28222156,-1.04991531
1,0.300000,tongue,4,-0.36244026,-1.34320903,-0.06997726,-0.63360786,-0.55922812,-0.79455858,1.46925271,-0.42935339,0.56030321,0.93664443,-0.27901408,-0.58536953,-0.28639516,-0.13689280,-0.74867290,-0.39637232,-0.43362123,-2.20376015,1.07692063,0.41171730,0.34755594,-1.45383286
1,0.304000,tongue,4,-1.00191677,-0.09958878,-0.67510962,-0.20596457,-1.77328134,0.60955799,0.27431390,-1.49151421,-0.42914569,-0.08067102,0.88236982,0.85482055,-0.39107320,2.31305575,-0.34844646,0.62060231,-0.67897278,0.45459932,-0.75898373,-0.31170487,-0.25464574,-1.23916519
1,0.308000,tongue,4,-1.65246189,0.85951322,0.06965835,0.67200243,-1.79007292,-1.14095902,-0.47679079,-0.62997293,0.32011956,1.47702360,1.52836621,0.40034980,-0.84982675,-1.06220305,-0.13181928,-1.25293076,-0.07635111,-1.23058903,-0.57124084,0.69295388,-0.39525124,-0.71595782
1,0.312000,tongue,4,-0.34112793,0.31976527,-0.13474965,0.35565975,1.58907950,0.42226738,0.62309819,-2.13780594,0.09937461,0.88039535,0.30715978,-1.57402980,0.98649663,-0.73575366,-1.36884916,1.17483246,0.20366795,-0.67748517,-0.22950712,-1.67409110,-0.28740916,-1.52301908
1,0.316000,tongue,4,0.01425973,0.05220502,-1.31565189,-0.03941057,0.30639231,-0.11893678,1.34399283,2.01470685,-0.79489702,-0.98931414,0.88929576,-0.09153561,-1.21130812,0.93241572,-0.13774231,0.99288416,-1.42558670,1.24557495,-1.40853751,0.05124072,-0.92222172,0.31024817
1,0.320000,tongue,4,0.25479537,-2.05392241,-0.38168067,2.39155865,0.38352484,-0.34302706,-1.55486584,2.44734931,-0.55803412,0.80034930,0.21425913,0.22554974,0.03985177,1.05267167,-0.23548037,-0.56471658,-0.75504059,1.62253284,1.63370633,0.63752019,0.08405983,0.21828955
1,0.324000,tongue,4,-0.85760665,0.21697730,-1.07011747,-1.07630944,0.73370695,-0.36575183,-1.15788400,-1.12426817,1.03727031,0.67897254,0.05539340,-0.60773021,-0.30279380,0.03669250,0.08877648,0.79023552,-1.86231232,-0.15058194,-0.31030485,1.42757463,-0.36514288,-0.45175540
1,0.328000,tongue,4,1.01020789,-1.31288409,-0.30815122,1.14295304,0.36753133,0.89456195,1.06424177,0.14848760,0.51984906,-1.59536839,1.11394989,0.20399438,0.05941020,-0.39379281,1.37091792,-0.87468201,-0.67422318,0.16699106,0.14403535,0.67242676,-0.49310395,1.12197840
1,0.332000,tongue,4,-0.15110284,0.48909280,0.93776906,-0.17058180,-0.72534513,-0.34727004,1.14014435,0.80674100,-0.23429424,0.98760617,-0.57508296,-0.58558536,0.37890860,1.06030667,0.14630574,-0.42984709,-0.45501769,0.28243405,0.61245710,-0.19148274,0.52030677,-0.49993548
1,0.336000,tongue,4,-0.19779566,-0.30489856,-1.01219547,-0.26621085,0.99801028,-0.35753256,-0.74903941,1.61990321,-0.61557066,0.12956575,0.95187837,-1.56661046,0.77901125,-0.49029240,-0.43726119,-0.99704653,1.33777356,2.07454515,-1.11451542,-0.46309459,0.22981790,1.05941951
1,0.340000,tongue,4,-0.98322695,1.51783836,-0.50805455,1.40428412,0.88082147,1.49302924,-0.22685628,0.18413836,0.52387869,0.32977897,-0.09751916,-0.52229112,-1.13585889,1.81106102,-0.02167232,-0.82393777,-0.99143201,0.91879833,0.02962923,1.05002236,0.35728970,0.39011559
1,0.344000,tongue,4,-0.11861807,0.22387534,-0.91373122,-1.08286345,0.57491803,-0.08053029,1.23854053,0.64756072,-0.37049201,0.85474145,0.65525812,0.26006794,0.99597239,-3.10488462,0.87960923,-1.13393450,0.27406478,1.91292286,0.03934385,0.33666384,0.88219845,-0.44371921
1,0.348000,tongue,4,0.25002307,2.65955925,0.31716830,-0.51398093,-0.67805207,0.40392935,-0.64508927,0.58830410,-0.97086346,1.11170983,-0.94050449,-1.35111296,2.08397269,0.06907293,0.67733717,-0.27376452,-0.69774246,-0.61151344,-0.05525934,-0.00929346,-1.22860253,-1.11163843
1,0.352000,tongue,4,-0.05985343,1.07135224,1.21439517,0.28233472,0.25935599,-0.78056335,0.06596687,0.19178629,-0.59893566,-0.41721156,0.22513562,-0.46670344,0.62084341,-1.21813416,0.51685584,0.01790303,-0.60638839,-1.27887714,-1.07814205,-0.51192445,-0.46199673,0.13323286
1,0.356000,tongue,4,0.30807823,0.30052078,0.16447845,0.93466479,0.31154895,0.30726442,-0.65829539,-0.43612272,0.77585983,-0.00064857,0.30183464,0.22761820,-0.48375115,1.50231004,0.84420770,1.95237339,-1.88280308,0.09623805,-0.55324221,0.34618106,-1.26078486,0.69738364
1,0.360000,tongue,4,0.45400399,1.89801598,0.17547445,-0.67889833,0.67418271,-0.27322835,0.62461829,1.26570761,-1.39292574,-0.39595556,0.56937027,0.75048643,0.42907351,-0.30965102,-0.07793016,0.53198093,-0.50761968,-1.46063697,-1.17908788,0.16559151,-0.37865302,0.14360848
1,0.364000,tongue,4,-0.38183638,1.62074113,0.40868965,-1.34808588,0.94300872,-0.67670870,1.21978164,0.69783759,1.04034054,0.73094910,1.66189337,-1.23285961,0.02263036,0.18411875,-1.54722655,0.23148869,-0.40065381,0.72156698,1.28737164,1.55717313,0.22936073,0.97177511
1,0.368000,tongue,4,-0.13843764,-0.33385360,2.17751408,-2.13849258,-1.62638342,0.32808983,-1.36696029,-1.06966829,-0.21633343,-1.94537961,0.23857671,1.87193620,-0.71170366,-1.11649740,0.03406639,-0.24371958,-0.83933252,0.96347797,-0.88726652,1.60189712,-0.18155798,0.70780367
1,0.372000,tongue,4,0.72148919,0.37398985,-0.60776669,0.68086308,-0.55862725,0.89115340,1.87834346,0.74649942,0.38978556,-0.23588748,-0.50989354,1.04966784,-1.40653181,-0.02788151,-0.29283208,0.59799260,-0.21790761,-0.76239049,-1.60626972,-1.11134636,-0.28303963,-0.35889265
1,0.376000,tongue,4,1.27548635,-0.44611737,0.37498876,-0.97766435,-1.27285826,-0.13514128,0.82482266,0.92070365,-0.39875722,-0.18999125,0.30273351,0.36304957,-0.16659304,-1.83493257,0.22608575,-0.68852514,-0.37506363,1.51152384,0.49206024,-1.24244487,1.29045129,0.89354759
1,0.380000,tongue,4,1.67170227,0.56684846,-1.95318723,1.04292738,-1.89797509,-0.36751527,0.12556484,-1.10517526,1.06078565,-0.83755660,-1.20155692,-0.16495609,-1.70054770,-0.36666697,0.86768460,-1.23267579,1.32552516,0.57407409,0.19531269,-1.85073245,-0.33543664,0.83161962
1,0.384000,tongue,4,-0.41797960,0.33053207,0.36994630,0.66401643,-1.95563674,0.22976045,-0.79927891,-0.52477127,0.60476691,-2.95365834,-0.37216327,-0.28083137,-0.34578034,1.68967175,-0.76888806,0.02922524,0.41531122,-2.38233161,0.73876303,1.48689246,1.30346048,0.20999090
1,0.388000,tongue,4,-0.26769379,0.49701163,0.61329335,0.37401229,0.26397166,-0.59672362,-0.55215394,-0.89517236,-1.52965736,-0.34030229,-1.62117457,-1.46657073,-0.76788616,-0.94242942,-0.13081571,1.06250131,-1.07554018,0.47121012,-0.09664726,0.27170789,0.53449476,-0.00503621
1,0.392000,tongue,4,-0.29130858,-1.91525924,-3.94148874,-0.49615997,-0.57734197,0.10181404,0.37044132,0.77811468,1.03263414,0.94704580,0.23373678,-0.38562691,-0.12489726,0.71795684,1.36805701,-0.95841593,-0.58558726,-1.54572201,-0.24734358,0.97900248,-0.52929163,-0.53381079
1,0.396000,tongue,4,-0.33265033,1.14650011,-0.72330844,0.80466032,0.41574949,-0.79109633,0.52089900,-0.46907052,0.74970108,0.70373803,1.21757984,0.26950872,0.12514994,-0.34735671,-0.88409889,-0.29412130,0.74728739,0.63930273,0.74820632,-1.03717065,0.85899925,1.19312871
1,0.400000,tongue,4,0.98255748,0.19582190,-1.38007200,-3.16318178,-1.29578614,-0.40379378,1.65210485,0.52235442,-0.66611940,0.11839570,-1.15802860,-0.19971502,0.38037986,0.26865789,-1.77637434,-0.39252865,-0.52793175,-0.23524365,0.50137985,-0.99087584,-0.70756143,-0.90703809
1,0.404000,tongue,4,2.01869702,0.40115240,-1.08911335,1.09703052,0.80422115,-0.05624093,0.25880396,0.70566082,-0.97613353,-0.11010666,-0.64503944,-0.99723744,0.80383736,-0.40905437,-1.30883515,0.11426093,-1.02277517,-1.04929984,2.11698413,-1.07235324,-0.77594620,-0.85413259
1,0.408000,tongue,4,-0.89466417,0.34957221,-0.35629684,-0.77626288,-0.84243584,1.23294330,-0.57694620,2.21462870,0.02265955,-0.02198888,1.35244167,-0.23928340,0.76280349,-0.79084516,0.55892998,1.00768983,-0.50103170,2.07294846,-3.60889173,-0.73768234,-0.78270859,-1.32114673
1,0.412000,tongue,4,-2.79423761,1.07314861,-0.68490106,0.01102411,0.72587115,2.24697685,-0.30868948,-0.28688994,1.75713933,0.54831916,0.70866734,1.24744534,-0.69144398,-0.42420977,0.71732664,-0.49316564,-2.73761177,2.07727885,-2.59698653,0.29145053,-0.88481915,1.29775345
1,0.416000,tongue,4,1.38939595,-0.13762631,0.66846037,-0.44891077,0.27075410,0.82797861,-2.01628160,0.55582041,0.54869312,0.37725022,-0.00946630,0.28284815,0.87575001,0.08836882,0.67822224,-1.44627297,-1.81058109,-0.05003475,0.50812620,-0.32269800,0.84870070,1.68031597
1,0.420000,tongue,4,1.07903516,-0.11347758,-1.33494651,-1.44950390,0.47743896,-0.73242682,-0.17257367,-0.24540059,1.38474262,0.38437894,0.06654674,0.95187753,0.69065207,0.02839861,0.33870244,0.47978422,-0.14490139,-0.46716076,-1.60289371,-0.85769486,0.18361712,0.41284308
1,0.424000,tongue,4,1.15475357,1.15146005,-0.58813894,0.68332601,0.42446741,1.28545892,1.26071274,-1.28316784,1.52880788,-0.03782276,-0.66413420,1.08828580,-0.01766161,0.96138841,1.35105503,0.84684789,0.09497584,-0.85297984,0.31283814,1.29215240,-0.14947855,1.40605426
1,0.428000,tongue,4,-0.27930355,0.02125020,-1.01069915,1.04289806,-0.55470747,-0.05388336,0.19712870,0.45451188,0.07601587,-0.68781245,-0.65564167,-0.44403759,1.15472770,0.31826785,-1.65296721,0.29452270,0.58377367,0.81652880,-0.62240249,0.64781898,-0.19369726,2.19872093
1,0.432000,tongue,4,-2.19344187,0.21352828,-2.61212087,0.41658166,-0.88231885,0.94830495,0.28916901,1.47702241,0.30066726,-0.23861846,-0.12924525,0.13370979,-2.60927963,1.26303077,-0.59216845,-0.82021570,-1.49068737,-0.50280064,-0.04076631,-1.57415330,-0.54470050,-1.32264650
1,0.436000,tongue,4,-1.24997735,1.15178478,-1.48214054,0.22262679,-0.09481779,0.63738692,-1.13420367,0.05725333,-1.19305539,1.68340766,-1.26269031,0.51537091,-0.52240753,0.42419389,-0.34496728,1.55978441,-1.07073557,-1.18580866,0.56355125,1.11289537,0.47192469,1.67581367
1,0.440000,tongue,4,0.01779119,-0.02088058,-1.77592099,-0.11546890,2.01004481,-0.37506872,0.36385304,-0.38913527,-0.73047662,-0.02273817,1.32342267,1.99329650,-1.17058372,0.34740555,0.23333034,0.39643785,-0.30975139,-1.06911874,0.48917052,-1.82856917,1.65261543,-0.27933034
1,0.444000,tongue,4,1.37015247,1.24780583,-0.93463051,-0.18753640,-1.99012268,0.28019640,0.39239508,-1.31180489,0.38647711,1.88064098,0.04003502,1.56966424,1.22220516,-1.91394794,0.37367615,-0.89723563,0.81271201,-1.41934133,-1.82784045,0.52693850,0.01174462,0.27936676
1,0.448000,tongue,4,-0.33023936,0.59668916,0.19516222,0.79778796,0.30658752,-0.81115603,-0.40688959,-1.48485398,-1.05847394,0.27612877,2.00590754,-0.47137773,-1.82801783,-0.56861687,1.44518507,-0.29788068,0.11360884,0.07252270,-0.03908332,-1.90444040,0.46217969,-1.84179735
1,0.452000,tongue,4,-1.16587651,-1.56994700,0.50225616,1.15468144,1.42815399,-0.01980095,-0.48398206,-1.18624115,-0.66495538,-0.39892015,1.08309114,-0.51402462,0.23023246,-0.02212939,2.29204941,-0.38557768,0.51667815,-0.45230576,1.76166856,1.15338075,-1.39498591,-1.16331434
1,0.456000,tongue,4,1.35883617,-1.50489056,-0.54091609,-0.36438045,1.18418097,-0.12806700,-1.19497228,-1.42365265,0.62303460,-1.35534453,-0.51905543,-0.36483437,-0.31003481,0.37131912,-1.80432630,0.44752032,1.26660156,0.30717888,-0.17027944,-0.61087286,0.53026235,-1.07265866
1,0.460000,tongue,4,1.14457881,1.07360363,0.65299422,0.20637247,2.22396898,0.40416989,0.02099822,-1.80841470,-0.88761652,0.01793185,-0.59684098,0.12774794,1.71328402,-0.29812267,0.72834235,-0.61821336,-0.39339089,0.01535458,1.40359068,0.32378769,-1.06976032,0.64285207
1,0.464000,tongue,4,-0.08861810,-0.86094254,-1.32638144,0.02565052,-3.42986655,-0.02754607,-0.02458313,-0.45225552,-0.78088433,2.39837050,1.27987611,-0.65072608,-0.00555137,0.57008791,1.29380548,-0.26911390,0.26386601,-0.41957393,0.63809925,0.58858788,-0.24202403,0.84822583
1,0.468000,tongue,4,0.56982034,-1.12142944,0.12562165,2.09556913,0.98263532,-1.71421313,-1.34523904,-0.48381788,-0.98395377,0.53740710,-1.11934030,-0.14501670,0.65398169,2.07570601,0.71082163,-0.19108102,-1.45201111,0.21276505,-0.13998486,-1.24558043,1.02168965,-1.70142424
1,0.472000,tongue,4,0.07182187,-1.64637160,-2.24723077,-0.41168585,0.45718911,0.20911025,0.35971057,-0.92903799,-1.37420189,0.32488289,-0.78343111,-1.65563297,1.08797872,-1.04625249,0.72543246,-0.83578330,0.68874365,0.38078088,0.37057722,-1.74361289,1.04069352,0.48931152
1,0.476000,tongue,4,-0.28967306,-1.29010701,-1.36659753,-0.20967042,-0.86997676,0.95628846,-0.44953194,1.17224693,-0.11747971,-1.28228343,-0.14953342,1.39502323,-0.12027218,0.36186126,-0.29111701,-0.71325541,-1.19300556,0.04375561,-1.25372183,-1.82778001,1.12806654,-0.02059235
1,0.480000,tongue,4,1.79096437,-1.13409328,0.25544408,-0.25799817,0.97961265,0.67177355,1.10222828,0.68733662,-0.74748850,1.71617210,-0.13875520,-1.01060247,-0.39559695,-0.69775146,0.44426557,-0.50204509,1.02820683,-0.39490357,-1.02336395,1.24524045,1.73656726,-0.67457265
1,0.484000,tongue,4,0.10177824,-0.76656783,-0.51170254,-0.30211994,-2.88529992,-1.23396742,2.63812804,-0.36110732,-1.13434112,-0.28784305,-1.83301234,1.14394999,2.32158661,0.83243483,-0.81344551,-0.66820818,-1.67444372,0.76500666,-0.80158186,0.26856929,1.31817436,-0.26349765
1,0.488000,tongue,4,-0.85555440,0.66501641,0.55200171,0.16999902,-0.41137615,0.30655015,-1.23487568,-0.13772422,-0.30001113,-0.61607170,-1.46019971,0.76310903,-0.74972266,0.39906904,-2.72735405,0.78288519,-0.13603641,0.58302867,1.10181296,-0.92209005,-0.45201170,0.63465279
1,0.492000,tongue,4,1.79029119,-1.47764575,0.74731237,0.04700963,1.23541236,-0.66450328,-1.67681217,-0.21098611,1.34807515,0.78392047,0.88921541,-0.63112289,-0.80353111,1.37801397,-1.30034077,-1.52981329,0.05318226,0.46097121,-0.86702347,0.86441016,0.12833886,2.07594299
1,0.496000,tongue,4,-0.75972253,1.57929587,-0.47700846,2.81270838,-0.20167090,0.75072992,-0.07825692,-1.42790866,0.90140301,0.75462878,0.83918715,0.43308920,-1.06486726,-0.81612098,-0.59228629,1.72125673,-0.72976047,-0.28483549,0.26350895,0.02569848,-0.21653610,-0.97623825
1,0.500000,tongue,4,2.84310627,1.02502298,-0.37140876,-0.59760821,1.58254945,0.47726253,-0.50060666,-1.73379207,0.06437917,0.05277777,-0.77806228,0.70216751,0.19273435,0.80744857,-1.04947734,0.94057804,1.56883252,0.83485579,0.45935118,-0.97913349,-0.24109037,0.40450466
1,0.504000,tongue,4,-0.03240223,-0.08715980,-0.78181797,-1.32169437,1.50105965,0.14117686,-0.55001998,-0.45636266,-0.16863149,-0.14925079,-0.68655169,-1.18431365,0.52609712,-0.19017172,-1.55147099,-0.74582082,2.09089804,1.05151737,0.14098299,2.21013713,-0.31437728,0.06599388
1,0.508000,tongue,4,0.62090141,-1.05666363,-0.46024448,-1.31328952,-1.77341056,0.66136116,-1.03401089,0.51172256,-0.79640627,1.05711305,-0.70360518,0.45820299,2.01568532,1.10131168,-1.31131530,0.49739668,-0.58033735,0.98590893,-0.54319751,-0.38429505,-1.23830974,-0.23107591
1,0.512000,tongue,4,-0.62325495,-0.93133116,-0.49043509,1.93054819,0.90081340,-0.12981062,0.18462600,-0.58627880,1.44845557,-0.54671341,-0.10856875,1.20013058,-0.60383159,-1.50282514,0.15192430,0.24203405,-0.37552619,0.73811477,-1.85299122,0.24627388,-0.04271954,0.23309612
1,0.516000,tongue,4,0.65710092,-0.12110360,0.91970861,-1.33475327,-0.28894988,0.21127093,-0.08642405,1.71751142,-1.19415307,-1.19803095,0.49194431,0.25115350,-0.68781567,0.36950871,-0.47225156,0.91047841,-0.36019868,-1.72012615,-0.82140088,1.27812397,0.83242053,0.42875624
1,0.520000,tongue,4,-0.50557637,-1.48889482,1.78230941,1.50784111,-1.35183895,1.04321015,1.27350533,0.86991751,0.61015791,0.24291751,0.59146738,0.76396221,2.15295172,-0.31740242,-0.20663089,0.02966481,1.40729380,-0.11823548,0.51324362,-0.16101348,0.29868135,-0.02813930
1,0.524000,tongue,4,-1.99871469,-0.06420465,1.03219354,-1.56381202,-0.45001891,1.33837926,-0.07402802,-0.34164965,0.96165890,-2.27851558,0.99825919,-0.14189288,2.41217303,0.26266930,1.44597983,-1.83965576,0.60085195,0.09485637,-0.69494468,-0.69071627,-0.21250954,-0.15745398
1,0.528000,tongue,4,1.17524469,0.26877117,-0.09419045,-0.99716491,1.56866825,0.99169630,-1.46233666,-0.63663024,-0.75530964,-1.33052647,0.72253829,0.94562835,-0.58275902,-1.96694672,-0.23762943,0.06863001,1.77073002,-0.25266191,0.42761120,-0.88160050,-1.14253104,0.44144729
1,0.532000,tongue,4,0.33483341,0.13223983,-0.74074519,-0.28553590,-0.32171997,0.76297951,0.26836088,0.10476209,1.28892946,0.36538911,-0.57642257,-0.88416809,-0.01131892,-1.00026834,0.44742388,0.09270499,-0.29788527,0.29391751,0.21586174,-2.03388691,-0.75650305,-0.84545028
1,0.536000,tongue,4,1.86890364,-0.43195516,-1.93532383,0.11120791,-0.07139754,-0.74580199,0.85749418,-0.05352796,-0.60787499,-1.21723092,-0.88410413,-1.57052577,0.34845597,-1.02435982,-0.25015131,0.48139098,0.02523452,-0.42923087,-1.98980117,-0.93561655,-0.66507518,1.46256173
1,0.540000,tongue,4,-0.47080806,-1.29310751,0.52575475,-1.04672241,-0.35876498,-0.00134309,-1.24057388,0.03212686,0.86278629,0.46098757,-1.58757734,-0.84340024,0.46097401,0.19638798,-0.65656209,-1.95052135,-0.56193781,-1.38793981,1.93622160,0.65170407,-0.00627250,-0.69758993
1,0.544000,tongue,4,-0.67007774,0.81320995,-1.18188667,-0.18737783,-0.91303706,0.38940328,-1.04418707,-0.40752554,-0.75940400,-0.78805429,-0.09012504,1.35337448,0.85252982,1.61701512,-1.06299722,-0.33490634,1.81607664,0.87273812,-1.56798029,0.09116502,-0.34554151,-1.88535821
1,0.548000,tongue,4,-0.60665220,-0.07874271,2.15006590,0.12834455,0.05716116,-0.62769771,-0.07559014,-0.13852961,1.84970403,-0.17527847,-1.27314091,-0.74039692,-0.64227021,-0.80755097,0.87273675,-0.80310547,0.20748121,-0.03268710,-0.28186762,-0.46522081,0.73521638,-0.25230825
1,0.552000,tongue,4,-0.40642571,-0.23776367,-1.12471735,0.28851137,-0.52489907,-0.44012311,-0.11881402,-1.22965574,0.32151234,0.46022207,-1.78577888,-0.71849620,-1.03847396,-0.48356375,0.16620918,-0.09829777,1.48717213,-0.61637777,-0.75535417,0.56050277,-1.25131249,-0.51649439
1,0.556000,tongue,4,-0.27359197,0.34690976,0.26497754,1.10386491,0.85501790,0.82020700,0.11229637,-0.11880805,-1.74306798,-0.44036815,0.13104075,0.71971816,0.32567841,0.32046255,-0.55714512,-0.30529273,-0.25176638,-0.25766543,-0.93464720,1.20767915,-0.81803864,1.00882149
1,0.560000,tongue,4,0.76775604,1.00278020,-1.34606624,0.65565270,-0.18111514,1.70897460,1.18233979,0.88153327,-0.15683217,0.15336500,1.36363399,0.20210171,-0.35544291,-0.90112823,1.85634434,-0.48169544,-0.63022006,-0.09059018,-0.35826164,0.59810460,-1.41177368,1.44814610
1,0.564000,tongue,4,0.23424265,-1.48309278,-0.01487160,-0.40652516,-0.06625029,0.20097022,0.92961687,-2.38479877,0.12969221,-1.09816563,-0.71487439,0.53062630,-1.15681016,0.30563539,-1.23619199,0.61312908,-0.85235399,0.51079440,1.21386111,-0.08782087,-0.26802021,0.59544563
1,0.568000,tongue,4,0.00773775,0.32740450,-0.61347884,-0.12932631,0.19881597,0.92830777,-1.47305405,-1.75096273,0.77534312,-0.90729749,-1.35484064,0.05635689,1.01980627,0.10062261,-0.65356320,1.35038161,0.13167995,0.10126843,0.42188662,-0.17923623,-0.40017295,-0.05791565
1,0.572000,tongue,4,-1.14770687,-0.27322772,1.47563195,-2.51587415,-1.07762563,0.62752306,-0.81888682,-1.69116426,0.74635941,1.19335401,-0.69780487,0.74042535,0.24615586,-0.46588263,-0.43675208,1.83441734,0.39089653,0.04211334,-1.24316049,0.30638641,-0.35854390,-0.72135895
1,0.576000,tongue,4,-1.69845033,-0.46754456,1.58859015,0.86023569,0.54462296,1.65264118,0.28260359,0.24470620,-0.14111692,0.33362907,0.34761438,-0.05881850,0.28896591,-1.39196432,0.16495156,-1.11142433,-1.17464268,-1.73769236,0.65145487,1.78574872,-0.06749626,-2.38775015
1,0.580000,tongue,4,0.56414580,0.04675031,-0.21157435,0.55012441,0.32903448,-0.86068988,-0.38078901,-0.68482280,-0.57586420,-0.65783614,-0.41689289,-1.35731626,-0.20212133,1.99940801,-0.23206680,-0.67461652,-1.71240914,-0.59842980,-0.96499223,-0.02377820,-0.68327504,-0.48742685
1,0.584000,tongue,4,-0.09026822,0.22052014,-1.43033969,-0.36043814,1.58700287,0.50435710,-0.22586159,-1.94809890,-0.77289665,0.75735575,1.60019422,-2.37464404,-1.50847459,-0.71379632,0.08569877,-0.49697533,0.39683545,0.15259661,-0.01092155,-0.27629074,1.87260699,-0.09404948
1,0.588000,tongue,4,0.82503092,-1.15780210,-0.42408639,0.82401609,-0.98379606,0.34873831,0.36333433,2.08266950,0.19268040,-0.17034647,-0.62753177,1.15591490,-0.75232041,0.96407431,0.16082250,0.65966588,-1.15708470,-1.09446502,-2.04556632,-1.93348575,-2.30204701,0.50900835
1,0.592000,tongue,4,-1.62223363,-2.00839877,-1.00913990,0.03616562,-0.01106591,-1.72914851,0.26789734,0.12714048,-0.48933387,1.47239339,0.43357426,1.48876238,0.06168659,-0.60178465,-0.54563409,-0.26881844,0.90862143,1.24186158,0.31096181,-0.44471049,-0.09020330,0.60694343
1,0.596000,tongue,4,0.62457675,0.89845592,-0.07077088,0.55311835,-1.84905660,0.17449151,0.85595906,-0.04504906,0.62722307,0.15039095,2.84016728,-2.64965010,-1.37799633,-0.75760275,0.09321289,-0.19798717,-0.32856113,0.46157709,0.61017305,-0.44417864,-0.92047542,-0.72047442
1,0.600000,tongue,4,0.90152282,0.11147626,-0.19602159,0.76273024,-0.65880108,0.52987200,-0.78846717,0.42845747,0.50582778,0.43074602,-0.57246178,1.11779726,-0.46048075,0.27736008,0.17933418,-1.77749979,0.56932527,0.94528842,-0.28544307,0.73699605,0.66611141,0.28431779
1,0.604000,tongue,4,-0.71610326,-1.09174037,0.58322710,1.84895444,0.22553521,-0.17631866,-0.83439410,1.30731606,0.68708277,-0.27637470,-0.06804256,0.13324696,0.94653034,-0.08706069,-0.56521451,-2.45670414,0.05579263,0.43075496,-0.21221879,1.34543073,-1.84637570,-0.45353600
1,0.608000,tongue,4,-0.92459083,0.32832029,-0.64057904,-0.68941116,-0.77989018,0.29084855,-0.35583982,-0.61644393,0.83195055,1.55983686,-1.73522246,0.64418560,-2.30860257,-0.59067595,-2.03263569,0.39436358,-2.15047550,0.50118130,1.87828314,0.99368227,-0.55035549,-0.42740446
1,0.612000,tongue,4,-0.88303429,1.41445482,-0.24818617,-0.37240830,1.83853090,1.04365361,-0.92889136,0.92601150,-0.50230640,0.13137653,-0.07538998,-1.04029274,1.63144255,0.68172204,0.74557376,-0.45178679,-2.17971063,-0.40700990,0.72442842,2.16471195,0.32508576,0.29478729
1,0.616000,tongue,4,-0.92636001,0.56294090,-0.19549444,-0.86509621,-1.34038758,0.23355636,-0.51340050,-0.62904686,0.49967366,0.67509699,0.06386532,-0.81071639,2.47933745,1.65233862,-2.57739711,0.04407303,-0.75102389,-0.61681736,0.25468034,1.66912782,0.57302356,-1.16907334
1,0.620000,tongue,4,-0.98755902,-0.14351389,0.48460990,0.81205970,0.79208386,1.23312068,0.15928625,0.23680592,1.11859655,-0.96985149,1.25850093,-1.69211829,-0.61194569,-0.76755267,-1.01210546,-1.71563089,0.02666946,-0.58341146,-1.33203816,0.63991874,-0.29999030,0.81096077
1,0.624000,tongue,4,0.74739015,0.14766639,0.48917717,-1.21075249,-1.86889791,-1.73061597,0.12881681,-1.01405501,-1.48528492,-0.52873838,0.34371156,-0.07936861,-0.21246397,0.97736853,0.35332271,0.19540954,0.79764360,-0.61794853,0.45104080,-0.33959621,1.34060526,-0.09274172
1,0.628000,tongue,4,0.08217956,0.55725336,0.36939722,-0.37044296,0.40189701,0.89725065,1.01918232,0.76630926,-0.95474321,-1.89618647,1.15624702,-0.48985377,1.40474522,0.91681546,1.10234916,0.09270061,0.34661779,-0.86562765,1.46190572,-0.69621342,1.69941354,0.75973409
1,0.632000,tongue,4,0.02725123,0.76458776,0.32923645,-1.11218977,-0.49416193,-0.22869614,0.09228272,0.32066339,-1.08689988,1.54744339,-1.17075646,-0.07193042,1.60176229,-0.08765856,0.44046417,0.68446594,-0.57734668,-0.36105272,0.08896573,-0.96976054,0.91824263,1.65686667
1,0.636000,tongue,4,-1.47817194,-1.80089021,-0.19853099,-0.46459335,-0.58175457,-0.28920457,0.64934343,0.30817318,-1.03288329,1.06810856,1.47875667,-0.68473256,0.33025837,-1.24082720,1.08040702,-0.57055694,-0.81667292,0.21155165,1.34187174,-0.24439980,-1.16119337,-2.00723791
1,0.640000,tongue,4,0.27521849,0.24808958,-1.06748152,0.31509221,0.92333114,-0.47294044,0.54940397,0.76769346,0.76925975,-0.63806587,-0.49468929,-0.91411054,-0.29824582,-0.52649629,-0.11378097,0.62981474,1.48102188,0.96585429,1.46442282,2.20166826,-1.51999843,-0.39807981
1,0.644000,tongue,4,0.58067173,0.62578040,-1.27818942,-1.60741544,-0.28447422,-0.00811766,-0.43424141,0.58438212,-1.30689847,1.20045424,-0.06713577,-1.32543528,1.21563292,-0.23080204,0.36965424,1.27159393,0.15977694,0.45037866,-1.78601575,-0.46090654,0.55204391,0.72033751
1,0.648000,tongue,4,-0.35896820,2.98474407,0.69229019,1.46114278,-0.49899688,-1.09766912,2.56755996,-0.18299600,-0.03890039,0.02340250,-0.48961857,0.41882175,0.94974190,-1.20394194,-0.92902052,-0.31626546,-0.20394303,-1.17299068,0.90373462,-0.61680263,-1.03025115,-0.71724743
1,0.652000,tongue,4,0.86345696,0.27687886,1.93296921,0.05807641,0.31055230,-0.70603848,-0.00077724,0.04364866,2.08377743,0.94742483,-0.29764494,1.03045380,0.60738504,0.68538362,-0.95822692,1.15793025,-0.48590538,-0.09827169,0.09366201,-1.51149869,-0.13219035,0.22973619
1,0.656000,tongue,4,1.09839416,0.17492849,-2.32056785,-1.28034055,0.32602859,1.72349524,-0.44565648,0.46480653,1.55679035,-0.67019546,-0.29088169,-1.01262093,0.91037315,-1.20592248,0.00669890,1.53688717,-0.69004238,-0.40580505,0.99724621,-0.90685034,-0.73870301,1.09142995
1,0.660000,tongue,4,1.00438786,-0.90916276,1.13411868,0.32652584,0.75157654,-1.73754966,-0.70388860,-0.28650844,-1.00864100,0.08093520,-1.03651798,0.79706782,0.39352527,-0.92192161,-0.09855559,-0.46511334,2.20544600,0.36459410,2.06648564,-1.55985618,0.00644900,-0.22236241
1,0.664000,tongue,4,-1.26496696,1.48227465,0.73847544,-0.45450267,0.55599892,2.08855200,0.60298640,-0.96522218,-0.39491376,0.11028025,1.91246474,2.19923663,1.19446945,-0.78863555,0.28283098,1.08162498,0.58020914,0.53514695,-1.60622549,-1.13930786,-0.67794168,1.13596046
1,0.668000,tongue,4,-0.62939292,-0.28784364,-2.42309999,2.22701335,0.07950240,-1.07560408,-0.01463684,-0.12706412,0.99994457,-0.83977211,-0.12666380,1.42557526,-0.39610034,-0.69344592,1.98830950,-0.47070020,-1.28678966,1.50897276,-0.16872327,-1.57372332,1.44931161,-1.61926985
1,0.672000,tongue,4,1.14439392,-0.85518545,0.38394734,0.62676185,-1.93812275,-1.60833430,-0.78153193,-0.24720432,1.47379255,0.20620267,1.13411522,-0.51074141,0.40269780,0.05853067,-0.61980516,-0.87558758,1.95081127,0.30429256,-0.02255812,-0.96214700,-1.19602656,-1.27337110
1,0.676000,tongue,4,-0.36327606,-2.84259176,0.63633716,-1.53546119,-2.41618967,-0.10083017,-0.62966108,1.02612233,0.83366090,0.09999380,-0.05400018,1.32921398,-0.34645444,-0.93282342,0.33766723,1.34011829,0.67788124,0.90691543,-1.47534645,-0.65723491,2.33221173,-0.13425155
1,0.680000,tongue,4,0.61673069,-1.98396742,0.77184939,-1.78117716,-1.38248384,-0.08284352,-0.34675983,1.25591755,-1.01629961,1.77238333,1.67598093,-0.67334980,-0.11478427,-0.60494971,0.45230308,-0.66704613,-1.20455587,0.67335296,0.07564192,0.26463664,1.32251191,-1.21610558
1,0.684000,tongue,4,-0.96516174,-1.72083306,-0.92568457,-1.47604012,0.39343604,-0.82301366,0.45145446,0.53814763,0.68377358,-1.67278135,-1.78480399,0.92986840,-0.39738563,0.92805487,1.76182199,-0.52417588,0.72268498,-0.04717610,-0.29130283,2.60573030,-0.16916877,0.67973757
1,0.688000,tongue,4,0.65089816,-2.13520551,-0.25003052,0.35815662,-0.84160399,1.10634685,-0.66678625,-0.18250719,-0.17411636,-0.53671914,0.62564570,0.29993150,0.31830853,0.27796957,-0.32109243,0.58860552,0.21473137,-1.29113793,-0.63254869,-1.14893758,0.03881494,0.16963923
1,0.692000,tongue,4,0.30333474,-0.82152557,0.50942659,-0.45020956,0.19093449,-0.28520441,0.07771420,0.48791087,-0.68625891,0.45610368,-1.24971032,0.93844396,0.94888979,-1.23412716,1.02182281,-0.02483543,0.14999063,1.56669641,-0.36855289,0.46669105,-0.36336395,1.64799404
1,0.696000,tongue,4,-0.51866215,-0.82533616,-0.72792041,0.50035608,-0.53971004,1.50260663,0.26423550,-1.04600656,0.51940942,0.20214725,-0.80390155,-0.67428517,-0.43130830,1.36333311,1.16142106,0.38984650,-0.97381729,0.72757608,-0.45394856,-0.71290165,0.30468425,-1.02963555
1,0.700000,tongue,4,-1.67090619,2.27612615,1.02281106,1.22956300,0.90708947,-0.04895044,-1.12011433,-0.44444793,-0.27102956,-1.89053881,-0.05521272,0.04942922,0.70396626,1.18271637,-1.31545699,1.79844320,0.21217619,-0.40580714,-0.31033108,1.15860343,-1.04605889,-0.40292603
1,0.704000,tongue,4,1.00115144,-0.30579740,1.09690773,2.62832928,-1.33698106,-1.17299676,-0.13637681,0.12967178,-1.35117662,-0.34572479,0.99137098,0.66011977,0.47952941,1.37508202,-1.29906285,-1.57841086,0.36326826,-1.28134215,-0.72590041,-0.26736653,-1.57704902,1.86276925
1,0.708000,tongue,4,0.88355803,-0.79470801,1.72463691,1.28424537,1.43173814,-0.33678496,0.14653707,0.30084816,1.02203822,1.22620845,0.75793439,-0.56118870,-0.50406069,0.04455307,0.24628033,-1.21382749,0.34697920,0.34615013,-0.66407353,0.36920050,-0.93556011,-0.22751799
1,0.712000,tongue,4,0.56095099,2.12632918,-1.00662839,-0.06548131,-1.34273946,0.65641093,-0.43350637,-1.48765242,-0.59253305,0.05568711,-0.60250545,1.24146962,0.72989988,-1.15003765,0.39163631,0.15830743,3.76994205,0.55701029,0.02219980,-0.87175673,2.41501117,0.58212316
1,0.716000,tongue,4,0.08477069,0.12470651,-2.03417802,-0.80917287,0.31378281,-0.86439651,0.96967977,1.27620399,-0.32437995,-0.02098822,-1.42471373,-0.47559392,1.54881895,-0.74756724,-1.01797080,-0.74246919,0.41191408,-0.23801371,-0.89305866,-0.66092336,-1.08446574,-1.75980437
1,0.720000,tongue,4,0.93106443,0.24347304,-2.42625499,-1.01999629,1.79447937,0.62174839,-1.62710583,-0.28144601,0.90843958,0.20879450,0.87587708,-0.11521579,-0.34617791,-0.81524736,1.10986924,-0.42622158,0.32575461,0.77156645,-1.07384205,1.23870540,-0.79881871,0.79729420
1,0.724000,tongue,4,0.46683037,1.25518405,0.72677720,-0.88740712,-2.05407381,0.65373236,0.96119416,-0.11342812,1.53169394,0.49714631,0.71538663,-0.01560849,1.78721857,-0.51583314,0.91125542,0.53041977,0.90515143,0.78814530,-0.08294655,-1.68045652,0.50383198,-0.10997342
1,0.728000,tongue,4,-0.44793525,0.84852153,-0.09034348,0.45664215,-0.42347807,-0.87023461,0.99752063,0.23421973,0.15314470,-1.75950408,0.57907671,-0.46103457,3.02735138,0.50688922,-0.19326670,-0.46722016,-0.26590014,-0.52685249,1.62851381,-1.42945027,-0.70714033,-0.13505180
1,0.732000,tongue,4,1.00852191,0.67657220,-1.06099069,-0.64151025,0.67848009,-1.87947381,0.43699941,-0.17996359,-0.31401479,-1.60092449,-1.36380732,-1.62172019,0.12766604,2.31169391,0.43788144,0.01637499,-0.84069788,-0.12560587,-0.29923534,0.41484991,-1.06291616,-0.36960787
1,0.736000,tongue,4,-1.80390823,0.50000995,0.24740252,-1.94576049,-0.16013227,-1.70101631,-0.43460643,0.38259232,-0.73558682,-0.16410787,-1.62746632,0.86134136,1.62495494,1.25148404,-0.49139592,1.48875356,1.66758573,-0.18669872,0.08737184,0.66764742,-0.20876557,-0.19671160
1,0.740000,tongue,4,1.93043196,0.81113744,1.53394902,0.02090319,-0.09316269,1.45919275,0.08232683,-0.24660987,-1.39569318,-1.05599320,-0.19575942,0.87366164,-1.25496483,0.30260810,-0.89464366,-0.86668557,-0.17267193,1.23054659,-0.54404694,-0.42655936,1.49927580,0.44689861
1,0.744000,tongue,4,1.47923434,0.25967085,0.14293763,0.08991972,-0.38455802,-1.26549089,1.41994429,1.69656813,0.60508525,0.74682218,0.28770557,-0.41380745,2.20419216,0.03335666,-1.53283691,1.03227830,-1.68101823,1.09957480,-0.32602733,-2.84397244,0.95560575,-0.66932553
1,0.748000,tongue,4,0.33006716,1.44933784,-1.66542327,1.42976820,1.20049250,-1.37500274,0.49436736,0.03073218,0.56840771,-0.12768637,0.83478546,-1.24158442,0.42970639,0.08536083,1.17082357,1.17941201,2.06234241,-0.00043396,-1.58506250,0.58082736,-0.78857845,-1.57399690
1,0.752000,tongue,4,-0.31174096,0.05946941,-0.37210301,0.22342631,-0.33724827,-0.61432308,0.36711705,-0.44740814,2.17337012,1.30247295,-1.81073701,-0.22750846,0.48844939,1.11551976,-0.64952463,-0.45545822,0.93948120,-1.37471426,-1.18926346,-0.81355166,0.70171648,1.27075994
1,0.756000,tongue,4,-0.05838346,-2.32496500,-0.52478892,0.98475325,-1.75069332,-2.20612168,-1.14283621,0.34862533,-0.81866407,0.67153156,-0.23056602,-0.68038225,0.76264161,-2.82966876,0.32410353,-0.45311868,-1.38417900,1.28867304,-0.49647215,-0.73911631,-0.75368381,-0.71290457
1,0.760000,tongue,4,-1.00484264,0.75327116,-0.32810825,-1.28171504,0.68986785,0.26145664,-0.16753550,-1.93838584,-1.16984320,-0.99518907,-0.86486357,0.04796804,0.28457305,0.42208594,-0.21569319,-0.42374757,1.10343957,-0.98748469,-0.61658430,0.02713061,-2.42241931,0.18764278
1,0.764000,tongue,4,-0.19712014,1.09402692,-0.21435091,2.84043097,2.04120088,-1.00077534,1.43583906,-0.92719543,-1.33854938,2.16573477,1.17557585,-1.08570409,1.03455758,-0.71721011,0.27496600,-0.69479108,0.18500921,2.15538621,0.61189175,0.46737000,-2.06818843,-1.34619617
1,0.768000,tongue,4,-0.74358517,0.43422586,0.95738930,-0.91535246,-1.80092907,0.38378125,2.08102036,0.46220872,-0.31990084,-0.59118915,1.28752291,-1.03005099,0.92810369,0.79656410,-0.66899318,0.48057678,0.57909489,-0.51694781,-1.14559436,1.59062719,-0.16162610,0.64007384
1,0.772000,tongue,4,0.88665354,-1.84102488,0.25804126,-0.25991645,1.05128312,-1.14728713,0.30460170,0.33636719,-0.37568712,2.23153806,0.03063690,-0.19172823,0.40904450,-0.71848601,1.36725473,-0.93477303,0.49431834,-1.39491475,-0.13504243,-0.45476660,0.61204958,0.42227164
1,0.776000,tongue,4,-0.24443133,0.98926955,-0.03448645,0.74603724,-1.83100891,0.13703911,-1.03978658,-1.47726345,-1.75370467,-0.37728217,-0.41190079,-0.06680151,-0.33882380,-0.49148691,0.48417115,-0.15096368,-0.10125384,-0.00127196,1.76124322,0.40781182,0.64119107,-0.52840215
1,0.780000,tongue,4,0.06632261,-0.60225999,-1.09122241,0.11195114,0.91718584,0.98585296,-0.86226034,-0.62262607,-1.69520080,-0.21719576,-1.35608137,-1.40768385,-0.89252621,-0.07721661,1.66907454,1.90718043,-0.91739291,-0.17767382,-0.90647042,-0.57344782,-0.51104486,0.11347629
1,0.784000,tongue,4,0.77650577,1.99321616,1.97175634,-1.13251173,-0.93184316,-1.34203041,2.26236701,-1.59484422,0.36784816,-0.41707021,-0.90973860,0.38879976,0.09915905,-0.35350737,-1.12605536,0.11480129,-0.15367962,-0.99780494,-0.24937393,0.31520376,1.17182517,-0.37784496
1,0.788000,tongue,4,1.44475102,0.89914769,-0.74503708,0.55064082,1.01965499,0.74012744,-0.29678243,0.33898804,-1.24181747,1.25705695,0.58090448,-0.52116030,-0.73511475,-1.07195640,0.43607244,1.40073597,-0.62784243,0.84056443,-0.16199926,2.47663307,0.75962889,-1.48489702
1,0.792000,tongue,4,0.47671559,0.04578768,-0.72408164,0.50001627,1.34022593,1.08971775,-0.00245841,0.22262083,-1.76938939,1.05123246,1.25809431,-0.96696103,0.61902523,1.32947397,0.92033213,0.51905823,2.50898480,0.49297231,0.93383217,-0.59804958,-1.83092678,-0.65679693
1,0.796000,tongue,4,-0.44369239,-0.52801555,1.08372223,-1.13846564,0.57697827,-0.61058140,3.59154272,0.84394258,1.01462770,0.46605709,-0.84475601,-0.21216168,-0.27028623,-0.91764742,-0.76860315,-0.20281991,-1.11638010,0.62059098,1.04709971,0.22854848,-1.63651478,-0.06018079
1,0.800000,tongue,4,-0.88986415,-0.42943460,0.41472092,0.28414866,0.07899136,-0.49269119,0.04106858,1.70536721,-2.94477296,0.42055666,-0.48483127,0.79907638,-0.08103417,1.01449537,1.34314752,0.82679600,1.38029134,-1.11740339,2.08637333,-1.46419466,-0.77859008,-0.88778663
2,0.000000,right,1,1.41036844,0.25567862,0.63956732,-0.21194729,1.15148485,-1.03360891,-0.55764043,2.85092568,-0.15004809,1.07522357,0.76481164,0.24703486,-1.06110179,0.66374713,-0.00226295,1.10733366,-1.15257525,0.10603197,-0.94177806,1.48224580,-0.69365901,0.05117225
2,0.004000,right,1,-0.72019941,0.66933066,-0.23247078,-0.51725584,-1.51182425,-0.22222784,0.01148870,-1.26229465,-0.25795081,0.75365829,-0.11598854,0.60625857,-0.49747673,0.92026281,-0.84001648,0.04307148,1.36889923,-1.45729113,-1.10953546,-0.93578583,-0.81232315,-0.10542629
2,0.008000,right,1,0.78440887,-0.46201369,-1.38721049,-0.10834547,1.14784706,1.23861456,0.47251913,-1.42812860,-0.79299778,0.25305229,-1.50137889,0.96693558,-0.70735705,0.51174265,0.20573469,-1.22157502,0.47158211,-0.01559083,-2.43455529,-0.42425805,0.93200386,1.62239933
2,0.012000,right,1,-0.85992128,0.34828579,1.56790483,-0.29698718,-0.02095598,0.25843924,0.21398127,-0.06412371,0.00615745,-1.17057419,-0.80319142,-0.61877024,-0.72326946,0.40694135,-0.89156991,-0.36822233,-0.94158942,-0.19371919,0.56047755,-1.75319457,1.14214313,0.38392001
2,0.016000,right,1,-1.65433908,0.64949912,0.75064194,0.45492685,-1.60079026,1.77946925,1.15563047,0.82315177,0.29677683,-1.80297840,1.91284394,-0.94556677,-0.18422842,-1.13231313,0.92718852,1.50794685,0.19004066,0.23071702,-0.05748647,-2.93342566,-0.95227897,1.20400238
2,0.020000,right,1,0.08184206,0.83837110,-0.36339492,-0.70479280,0.96584076,0.65402228,0.56812894,1.39310825,2.02849174,-0.74280471,0.17172346,-0.87901163,-1.48207355,-2.12606859,0.25424424,-0.64613467,0.87800151,0.63528419,1.51697838,0.00254398,-0.86025172,-0.43993697
2,0.024000,right,1,-0.35382205,-0.90433925,-0.23962760,-0.85476899,-0.12728179,0.10873148,-1.05820823,0.03137599,0.24292967,-0.51798379,0.13324484,1.23869944,0.83735031,-0.12357645,-0.21665990,0.63080716,-1.27211392,0.88136017,-0.14528610,-1.71027243,-1.28790641,-1.16757131
2,0.028000,right,1,0.14467421,0.03631385,-1.21071374,-0.03948000,-0.05233974,0.01211130,0.67798036,-0.96279597,1.89617133,0.72020966,-0.27758449,0.44496167,0.81071115,0.54128063,0.52149791,0.26318514,-1.29509139,1.86957693,-1.15687788,0.44418776,-2.16572261,-0.91664791
2,0.032000,right,1,0.16422062,-1.24512911,-0.22256875,-1.22450185,2.27644038,0.68327618,-0.28327629,1.35718703,-1.28128803,0.35970402,-1.07288074,0.26980531,0.81861389,0.39150554,-1.40271008,-0.12447554,-0.42834470,-0.11267795,-2.61249685,0.02287384,0.04933820,-0.25733370
2,0.036000,right,1,-0.15011546,0.45805416,-1.99329305,-0.80705673,0.55078304,-0.87692893,-0.61740065,1.77013469,-0.11764812,0.63725710,-0.64020246,0.78519362,1.12664402,-1.96034575,0.28583941,-0.71073925,-1.73039043,0.71854502,-0.43148232,0.74912781,0.02396550,1.95833492
2,0.040000,right,1,0.27905381,-0.06238408,0.02286218,1.54547608,-1.17583776,1.22016251,-0.73540062,-2.39618731,0.23266424,-1.47426498,-0.57962555,-0.12653765,-1.28392816,1.24630713,1.36928582,-0.28399822,-0.20465371,-1.48407865,1.22172379,-0.81761163,0.66241014,-1.31234872
2,0.044000,right,1,0.09851205,-1.42355025,1.04771376,1.34003460,0.88221824,0.59477329,1.83332992,1.20505023,0.93623984,-0.71223295,-0.60330957,-0.42306173,-0.09341225,-0.18257256,-0.91505784,0.44478172,0.99129486,0.66755241,-1.28246987,1.76534021,-0.79155523,-0.02727691
2,0.048000,right,1,1.01888251,-0.49144796,0.28337336,-1.74517834,0.67761469,0.95591682,-0.21750864,0.14812055,1.08086574,-0.30877426,-0.69283909,-0.63722301,-2.18359518,-0.83980411,1.98013556,1.69160020,-0.61413354,-1.96523404,0.25197709,0.97091681,1.26970208,-0.50843376
2,0.052000,right,1,-0.04609550,0.90699255,3.08974981,0.15836138,1.63894010,-1.55849838,1.00101495,1.72865021,0.64433962,-0.02379758,-1.25450408,-0.12445342,-1.47947836,0.42783803,-0.18837759,-0.85331970,-0.31073281,0.31115922,1.06519306,0.98367977,-0.44621697,-0.06266040
2,0.056000,right,1,-1.96673191,2.34597158,-0.44410744,1.16905725,-0.53268647,0.54019052,0.66852731,-0.65506607,-1.17350376,-0.27572370,0.56393069,-0.79314727,-0.22109424,-0.51416028,2.53567076,-1.18003643,-0.47426406,-0.18251970,1.07231283,0.40069720,-0.94539034,1.27973461
2,0.060000,right,1,-1.20947444,-0.25006759,-1.06156456,-1.58248127,-0.01530315,-0.03152652,-0.05891989,-0.13744920,1.49025381,1.79011774,-1.74180508,-1.36533773,-1.15240479,-0.43690449,-0.25358111,0.35843512,-0.72928923,-1.99596691,-0.36993206,-0.00583374,0.30770758,-0.62914824
2,0.064000,right,1,0.14067148,0.97008854,-1.45366490,-0.74874771,0.74336904,-0.32462728,-0.48772052,0.35818827,0.22803791,-1.60396671,0.06673354,0.75482851,0.79874533,-0.98791993,-0.19467439,-0.00139422,0.84426844,-0.41511601,2.10359097,-1.47750425,-0.41431814,-0.22485380
2,0.068000,right,1,0.97341752,0.98541307,-0.05847310,-0.02478997,0.25802550,-0.08790890,-0.70045471,1.10448694,-0.57149404,-2.17662716,-1.24615371,0.44783899,1.53007638,2.43509483,0.63590270,0.83144730,1.96557415,1.96139681,-0.30979812,-0.02554279,-0.49915200,-1.05562484
2,0.072000,right,1,0.46722612,0.70568132,2.09620023,-0.22058688,0.77024788,-0.42492679,0.95198107,0.27834284,-0.44869837,-0.46609336,0.04320845,0.26285791,-0.91206890,1.04828382,-3.54181266,1.31774449,0.83196098,-1.61824763,-1.10047865,0.89216340,0.30994973,-1.69550371
2,0.076000,right,1,-0.35155454,0.33839038,-0.14881586,0.52177918,-2.24872637,-0.42713845,0.91267967,-1.76688266,1.51723385,0.94333845,-0.21088566,0.34314227,0.02452803,1.15247679,1.76721954,1.55993509,-0.88698339,0.72745413,-0.64735723,1.06890726,-0.22993164,-1.41221941
2,0.080000,right,1,0.69406110,-0.13006482,0.25602257,0.91398430,-0.85708022,-1.46493173,0.21042605,-1.45834422,0.86568695,-0.12047732,-0.08842163,0.43685237,-1.45197558,-0.95893699,-1.31817424,-0.43506899,-0.97416145,0.93544060,-3.45661116,1.93987620,-1.45711923,0.74035084
2,0.084000,right,1,-0.34765714,0.82471573,-1.10993814,-1.57607830,1.11108446,0.71137100,-0.75817031,3.43562555,-0.78960490,-0.34562179,0.75348037,-0.92775011,0.48873913,-1.52180636,-0.14797027,-0.55263847,-2.46637893,0.24433091,1.03413260,-0.01690805,-0.07134905,-1.10095334
2,0.088000,right,1,-0.59240192,0.11096770,-0.38924959,-0.41139007,-1.58690703,0.97864866,-1.28738976,0.03336123,-0.22490531,0.50181371,-0.94090939,-1.37430000,-0.54754317,-0.64021909,0.16524276,0.59367251,0.43667257,-1.44793594,-0.21869178,0.09463875,0.61762333,-0.38084850
2,0.092000,right,1,-0.96578950,-0.80995077,-0.39513886,1.84372151,-0.11922379,0.12694755,-0.12837498,0.37800318,0.29658780,1.87170351,2.10040903,-0.09149625,0.69711828,-1.82200730,-0.33166167,0.37828746,0.46653190,0.06465840,0.52254105,0.52022487,0.24180409,-1.55078149
2,0.096000,right,1,-1.08302987,1.20613134,-0.94360691,-1.66897106,-0.65435928,-0.59294879,0.06915989,0.81404459,1.19935000,1.23853803,-0.95763183,1.00192201,-0.24924202,-1.28419769,1.22847784,-1.39488113,-0.03728038,-0.74580896,-2.75212479,0.96495128,-0.59584540,-0.22518243
2,0.100000,right,1,0.94940579,0.12548536,-2.78940511,-0.00275487,-2.12680936,-0.35844517,-0.45842493,-0.30959788,0.53899592,1.08139706,0.43597195,0.12234821,-0.50335991,0.01387188,-0.27046013,1.88612044,-0.68421543,-0.47124586,-0.34872022,1.24646747,-0.73415661,-0.94832450
2,0.104000,right,1,-1.61226511,0.82757574,-1.62599349,0.52879590,-1.96173191,-1.36519730,-0.39459124,-0.58883959,0.33037817,-0.42214486,-0.60382545,-0.55379266,-0.40417621,-1.74530041,0.01290894,-1.31769598,-0.32901073,0.34717813,-0.35275748,0.14346363,-0.23908900,-1.22356236
2,0.108000,right,1,-0.52042282,-0.04142656,-0.10781719,1.82836962,-0.99392045,-0.39098248,-0.01137705,-0.08109202,-0.17447594,1.79590762,0.20675214,0.46959731,0.20373718,1.59335458,-0.17742161,-0.45543846,-0.85356921,-1.45536971,-0.22654177,-0.91866934,1.32204127,1.24586487
2,0.112000,right,1,0.22828192,1.08191490,0.63593155,0.68379802,-2.47499394,-0.94749171,-0.67589915,-2.56946158,-0.49696305,-0.04698991,0.32742694,-2.68544507,-0.56815392,0.30933717,1.46615553,1.15913773,1.18340194,-1.49013770,0.85989106,-1.34519041,0.42697829,-0.56707716
2,0.116000,right,1,1.20475411,1.05711555,-0.66001433,0.89063001,0.15453371,-1.24449050,0.54725343,-0.61332458,1.83742917,-0.47405410,-0.29133901,2.28774500,0.64930409,1.30776858,1.84794760,-1.06453264,1.85976410,0.63339746,-0.89806038,-1.05413735,-0.23520996,-0.22618051
2,0.120000,right,1,0.38321587,2.32678318,0.17169409,0.04073866,0.43766496,1.54449153,-0.82290626,1.76341486,0.51095021,-1.28432834,1.53155577,-0.10879557,1.27895474,-1.23817480,-1.13918722,-1.18004560,0.99132335,-0.22858477,-0.74735582,-0.35847670,-1.54938793,0.31330636
2,0.124000,right,1,-0.31029871,-0.53041595,-1.25609577,-0.66342813,-0.69563520,-1.66913307,-1.54499459,0.69230479,0.93010199,1.22200680,-0.55797654,1.13661051,0.15576987,1.40048766,0.77514625,1.67766595,0.92863649,-0.82392919,-0.48967847,-0.06015025,0.02561804,-1.16282749
2,0.128000,right,1,-1.68247914,-2.19292593,-0.51620185,1.40429628,-1.56255913,-0.94572741,-0.45233095,1.31139600,-0.77203023,-0.58195585,0.47204626,-0.34335366,1.29310811,-1.70093620,-0.46820581,-0.36429873,0.41142496,-1.78870606,-2.12060761,0.57968771,-1.75166512,0.79668194
2,0.132000,right,1,-1.00424838,0.40244126,-0.23814535,-1.81304204,-0.59038419,0.08022653,-0.00299012,-1.52767670,1.04707289,-1.18678057,1.09079707,-0.73455435,-1.54455006,-0.22195929,2.21948314,-0.17454472,0.18937652,-0.24835652,1.13124490,-0.80514205,0.16288152,0.42101741
2,0.136000,right,1,-0.75831139,0.31027776,-0.30387661,-0.53411746,-0.29728314,0.77001268,-0.15731564,1.00914073,-0.26906785,-0.09791510,-0.45286250,1.48112810,0.50632375,-1.45382571,-1.14340568,1.31576753,-1.42260635,-0.69152510,-1.21678889,1.55151570,0.78408998,1.27778554
2,0.140000,right,1,0.08576500,-0.20125654,-0.73372138,0.11731765,0.10588218,-1.76351583,-0.10256873,-0.06918055,0.89910138,-1.36212850,1.44301581,-0.91810697,0.31932113,0.84742743,1.10999751,-0.15838364,-0.72071338,-0.82864332,-1.21602857,0.76897657,0.55842710,0.31567544
2,0.144000,right,1,0.67093664,-0.86761343,0.25841111,0.68225837,-1.32851446,0.95484346,1.79892325,-1.19434488,0.72642791,-1.57842934,-0.03039083,-0.15632257,0.85206306,-0.59268588,0.35823533,2.03286600,-2.15348887,0.33124217,-0.47413999,-1.85493755,-0.03705094,-1.88723719
2,0.148000,right,1,1.21467113,0.96650237,-1.12497950,0.77388257,0.44376430,1.59665418,0.73049635,1.04650259,0.58030367,-1.27865577,0.70771557,-1.11467564,-0.05998318,-0.41102386,0.16873148,0.24245434,-0.49188989,0.45703995,0.38638648,0.56845242,0.40198958,-0.26007959
2,0.152000,right,1,1.61097908,-0.14122748,-0.61308646,1.97503054,-0.67028219,-0.58125353,0.95266819,-1.84719884,1.17324376,-1.64445400,1.65914249,0.15007167,-2.46847749,0.04194196,0.52178955,0.01787151,0.55285215,-1.01860094,0.67711616,1.97614169,1.82071090,-1.03953099
2,0.156000,right,1,0.95557857,0.69212252,0.90070111,-0.36065692,0.93311501,-0.06229865,1.35934496,2.11947846,0.68892056,-1.59437811,0.23599221,-1.13636255,-0.75395888,1.94843149,1.93912268,-0.20490631,0.60172957,0.61291850,-1.12985277,-0.44078600,-0.67881256,1.39966643
2,0.160000,right,1,-1.54019856,-1.32838094,1.00562990,0.51075345,-0.74515241,-1.48347187,-0.19309033,-0.86968213,0.81610751,0.23987363,0.16535965,0.68347019,1.99199426,0.11721564,-1.68476486,1.13663769,0.00468207,-0.62088823,-0.70264095,2.35492325,1.51175463,-0.29233417
2,0.164000,right,1,-0.03618099,0.66397691,-1.74855471,0.45312038,1.03024065,1.33454537,0.08074553,0.22945437,-0.31867737,-0.24182436,-0.06265815,1.23196816,0.86297548,-2.85083699,-1.24655724,-0.58364934,-0.00820107,-0.58401394,-1.43773866,1.55264533,-1.28348494,-0.17834878
2,0.168000,right,1,0.89380646,0.14468139,-0.44196570,-1.29421735,1.26566434,1.27259600,1.27978671,-0.19575749,-1.48890853,-2.02670074,0.82731688,-0.63779271,-0.17099497,0.08484575,-1.53097141,0.40374452,-0.64043295,-0.60195589,-0.12925464,-0.53555566,-0.56969917,2.29061103
2,0.172000,right,1,1.26967537,1.38271058,-0.89482194,0.48351499,-2.17494011,-0.31179583,-0.12282409,-0.59957755,-0.14062066,0.50899684,0.39582452,-1.04801607,-0.76305759,-0.61215413,-0.57689625,0.69470119,0.63653672,-2.42969394,0.52592218,0.58198625,-2.59262609,-0.25577110
2,0.176000,right,1,-0.23307611,-1.19534206,1.54862249,-0.30545911,0.31536108,-0.50813770,1.16433930,0.42942199,-0.88186413,-0.99653041,-1.84167266,-0.25942761,-0.53326648,-1.30524814,0.65902644,0.12509459,-0.22639799,-0.71843201,1.67914438,0.04960496,2.25650573,0.65619934
2,0.180000,right,1,0.47662231,-0.11433902,0.33487543,1.83220220,0.85388350,0.46575516,0.32924896,-1.68399215,1.41056180,-1.03355861,0.18027985,0.06740247,0.15942436,0.34166598,1.19856012,-1.32060301,-0.71681184,0.72818762,0.27542305,0.31453139,0.83304048,-0.38939449
2,0.184000,right,1,-0.04634399,0.41804364,-0.28220454,0.19752346,0.14587340,-1.12654471,-0.85051382,-1.63645124,0.66771495,0.18100418,-1.72055244,0.26461202,0.51805115,1.39400566,0.39188948,-0.87017989,-0.76936764,-1.88606966,0.70130503,0.14919308,0.61916625,0.25763825
2,0.188000,right,1,0.71604359,1.35734272,0.30410480,0.53303373,-0.82608342,-0.38252208,1.01543295,0.55019701,0.42822501,1.66188097,-1.60025024,-1.34906888,-0.67091602,-1.07669997,-1.38035476,-0.86654615,-0.42706764,-1.10843921,1.33548307,0.20006952,-0.43209609,-0.76122004
2,0.192000,right,1,0.32197851,0.33214065,0.78520024,1.74060535,0.76925564,-1.38963568,0.48707092,1.49172390,-1.26113212,0.20054325,-0.37380534,0.18694516,-0.81417716,-0.34123680,0.74001998,0.02842556,0.35463345,-0.56869048,0.35854924,-1.65042913,1.35861921,-0.42009503
2,0.196000,right,1,1.47003460,0.30598223,1.34728014,-0.58566421,-0.31692153,1.93500602,-1.34890914,-0.18232965,-0.25038853,0.00197405,-1.18706167,-0.10965633,0.98447388,-0.46997461,-1.84970963,1.18430579,1.62659442,-0.77361357,0.97607440,0.29135442,2.36035562,0.85123557
2,0.200000,right,1,-0.24922454,0.74726093,-1.65262640,0.36170805,1.17852163,0.26355693,-1.01223886,-0.10509578,0.41445288,1.20435536,-0.29360658,-1.49612439,-1.43718660,-0.04052635,0.54115891,-0.75800151,0.05924826,0.38321903,-0.28142968,0.66570848,0.97519821,0.43088475
2,0.204000,right,1,-0.66585785,-0.39595705,0.81604236,1.07490385,0.56327337,1.27761877,0.19705981,0.38393545,-0.97944915,-0.64980000,-0.65616155,0.37526119,0.90880620,0.58530545,-0.36391988,-1.43806708,1.50979638,-0.87188214,-0.92211998,0.53625625,-1.91656506,0.07931450
2,0.208000,right,1,1.17353034,-2.93395257,0.01232779,1.98543203,0.16982014,2.23601937,-1.35418391,-0.95636731,0.96019018,0.49288774,-0.85288274,-0.93219060,0.52951819,-0.16942096,-1.27585399,-1.68055344,0.18253972,-0.56871718,-2.05054498,-1.04172862,-2.77644420,0.35734490
2,0.212000,right,1,0.85551918,-0.65024221,1.12987876,-0.01959107,0.53383833,-0.18566759,0.30227000,-0.68252403,0.47888488,1.37091482,-0.63989848,0.96548700,-0.27145275,0.16474055,0.74530399,-0.47801626,-0.87112057,-1.01836991,0.41063702,0.19769558,1.13228869,0.59337986
2,0.216000,right,1,-1.57843578,-0.44727361,-0.77209377,-1.49551046,-0.75695568,-1.56257808,-0.66252178,-0.78215843,-0.30906793,0.16273923,1.22688293,-0.79008543,-2.03169036,-0.27964762,0.94100237,0.06176002,-0.37085849,-0.51540929,0.00797782,0.02355746,1.25169230,0.34072202
2,0.220000,right,1,-0.81307954,0.41085881,0.04530530,-0.19948190,0.75195247,-2.28455758,-0.45847392,0.79548371,-0.08705693,0.11872058,-0.90272880,0.46670154,-0.73178583,-1.31386781,-0.68115389,-0.93013418,0.09751033,-0.44893923,-0.51535815,0.79198515,1.27480304,-0.56409371
2,0.224000,right,1,-0.25768131,-1.60611451,0.59931087,0.52906042,0.63388377,0.86748606,-1.94006050,0.20773955,0.70080543,-0.59462696,0.16605593,0.79853284,-1.51465762,-0.47362384,-1.05815351,1.83616114,-0.65763372,-0.20684737,1.72184980,1.55400264,-0.01511522,-0.15750845
2,0.228000,right,1,-0.81562263,0.65191931,0.95296484,0.09540986,-1.32915950,-0.63347542,1.21334529,0.52899855,-0.16761664,-0.37586588,0.85727084,-0.48492280,0.18910775,-0.69455713,-1.54506230,-0.19300532,-1.25479674,-1.80423546,-0.54670233,-0.26660457,2.00736403,0.68739641
2,0.232000,right,1,-1.45106208,0.47294268,0.35037512,-0.64708573,-0.53093535,-1.12297165,-0.21206546,-0.32484347,-1.23828781,0.13652427,0.84035498,-2.08000112,1.25780833,-0.70285916,2.33946157,2.73327470,0.47571611,0.57626772,0.08298457,-0.53743845,-0.07266504,-1.43016672
2,0.236000,right,1,-0.36127955,0.69589579,0.69607180,0.92610657,0.18477556,-2.45837069,0.61227632,-1.34424150,-2.19251490,-1.37117982,-0.57996023,-1.54215920,-1.15896010,3.34521341,0.00477969,-0.07356585,0.26337397,-0.49399716,-0.68181390,1.39384770,1.18929553,-0.27086508
2,0.240000,right,1,-0.07177170,0.21950299,0.19216272,-0.14625184,1.15928781,-0.85251284,-0.02705052,0.45259178,-1.21634781,1.10180998,0.76929849,-0.27666506,-0.96526957,-0.37473297,-1.50296211,-0.55013883,-0.38819113,0.20570928,1.60410070,0.86615950,0.46425754,-0.46026173
2,0.244000,right,1,-0.96775448,1.08125281,1.48194981,-0.95905286,-1.42949808,1.57224405,0.31030852,0.67191744,0.23820612,-1.28215599,-0.02982309,0.28228599,-0.31988338,-0.24794760,3.21487308,-0.45936528,0.57715601,-2.20922685,-0.53648168,-1.01029682,1.60283506,0.10419713
2,0.248000,right,1,-1.07174635,1.37033463,-0.76465040,-0.20956579,-0.56020212,-0.58960176,-1.71935189,-1.36288667,-0.60371083,-1.20251119,1.40033233,0.02497456,-1.16849220,-0.99114400,-0.68849581,-0.35138589,-0.33557475,0.82166785,-0.57617223,-1.79203558,1.51204872,0.19863378
2,0.252000,right,1,0.66155207,1.02018964,0.93559343,1.89894438,0.00552913,-0.32057929,0.06627028,0.77584213,-1.60670364,-0.84123737,-0.47460636,-1.02140820,-1.37379289,0.05402133,0.50404978,0.40026906,0.59530294,1.71570063,0.60804302,1.13257861,0.30441162,0.58275342
2,0.256000,right,1,0.48482898,-0.79689240,1.39753437,1.66386676,-1.80861938,0.50450844,-0.51369947,-0.69039565,0.92767370,-0.12979846,-0.15149201,0.45832354,0.19746235,0.15359141,0.06182674,1.71229899,0.49777198,0.50612772,-0.63057226,1.28373885,-0.84462851,2.29686737
2,0.260000,right,1,1.16439736,-0.23667020,-0.78199834,-1.85944819,-0.11511814,-0.12504341,0.33236113,0.86436659,-1.32540524,0.01725181,-1.29590023,-0.30852315,-0.07050882,-0.79477561,-1.92180848,0.09163685,0.94738597,-1.17989600,1.08427680,0.45560354,0.71516055,0.47703046
2,0.264000,right,1,1.33065748,0.35898966,0.49949136,-0.70367217,0.44807237,0.59097940,-1.76266301,-2.29894876,-0.71846551,-2.19529843,-0.03309164,1.23513401,1.13622808,0.41404521,-0.02226440,0.27044934,-0.17749503,-1.60390472,-0.50511277,-1.27083611,1.52156878,-0.71099615
2,0.268000,right,1,0.47446108,-0.10637441,-0.92478198,1.45207536,0.61093563,0.72879565,-0.37566009,-0.18545994,-1.64623356,-1.25084555,-0.12131879,-0.16695718,1.59079373,-1.47955203,-1.23484194,2.25463820,1.55039203,-0.23603752,0.03755791,-0.14153399,0.55553579,1.10586286
2,0.272000,right,1,1.26920915,-0.55539215,0.71323323,1.10970163,0.71873569,1.08090115,-0.78793341,-0.56296867,0.74660337,0.35818705,-0.20584491,-1.52737176,-1.45945680,0.19252065,1.04796779,0.31704479,1.23888958,-0.21301438,0.70268762,0.10841414,-1.05803275,0.95429116
2,0.276000,right,1,-0.98499584,0.36471072,-2.05966616,0.29711202,-0.96794778,0.66827071,0.01525431,1.31587923,2.29037213,-0.46473789,0.88469303,-0.46280435,0.31755707,0.25697643,-0.17413254,0.48996377,-0.59275663,0.95109016,1.27671802,1.57076406,0.53236717,-2.13512349
2,0.280000,right,1,-0.73400617,0.94913477,0.85965455,1.22081959,-0.25057697,1.14987528,-0.21813352,-0.38414446,-0.81274295,0.48310924,0.03106630,-0.64124197,0.53761607,-1.35201681,0.88419700,-0.16579628,0.87778991,-0.12036885,0.58682370,0.07721768,-0.45427087,-0.75243986
2,0.284000,right,1,-0.07352078,1.83277726,-1.10499334,0.18639010,0.23429625,-0.10957926,-1.29833794,-1.11814046,0.86276412,-0.48757103,-0.57762229,-0.06701939,0.25952366,0.30014744,0.62907016,-1.16465116,-0.86749160,1.18879580,-0.62829685,1.35620689,-1.82953942,-0.22828755
2,0.288000,right,1,-1.52998281,-1.31119657,-0.14202814,-1.44929743,-0.90492564,0.12491582,0.01044862,-0.92118764,-0.40259579,-0.41128159,0.99884307,0.58811444,0.99119353,0.85207587,1.43156350,-0.56124181,0.38299245,1.27449119,-0.83809441,0.44342503,0.77471942,-1.20227969
2,0.292000,right,1,0.92063892,-1.06309569,-0.20714661,0.40223873,1.22041059,-0.69093984,0.29788017,1.00060475,1.50472820,0.21354596,1.34706056,-0.34079844,1.81299376,0.57584530,0.48616287,0.00468228,0.50512439,-0.72166187,-1.35617709,2.02946281,1.03951681,-0.19405794
2,0.296000,right,1,-1.19382536,1.06724739,-0.16594924,-1.30574763,-3.13748097,-0.37220651,0.89606822,2.49924374,0.07567042,0.73414898,1.30389416,1.42766190,1.07037675,-1.40124893,-0.93137336,-0.09637367,-0.17853034,0.33763513,-0.14942710,1.06509888,1.07201564,2.46135163
2,0.300000,right,1,1.15959299,-1.46979749,0.48048973,0.32763523,-1.17596054,1.55800498,1.21954465,1.17701662,0.98561007,-0.28949481,-0.40279788,-0.21408440,-1.32397580,0.67669189,-0.47296637,0.98120034,-0.96492547,-0.52012509,0.02311816,1.02444398,-3.34882379,-1.35149002
2,0.304000,right,1,0.37769634,-0.56870878,0.84987372,0.13249455,0.11051686,0.63769758,1.71219683,1.52422142,0.89563006,-1.36686599,-0.73318040,-0.73870772,-1.06902051,-1.55385160,-2.73801923,-0.32556644,0.43508059,-0.95969540,1.13432884,0.27188450,-0.43474522,0.41649505
2,0.308000,right,1,1.02158153,-1.43716252,-1.19118667,-0.95212775,0.96267134,1.24245393,0.71331197,-0.25693250,-1.15453124,-0.57100612,-1.37882125,-0.52658194,0.34248424,1.13620436,-1.56146348,-0.69608766,-1.67226446,0.95201361,-1.39207947,-0.34939897,-0.69624841,0.70927334
2,0.312000,right,1,-0.50238222,-0.04931451,-0.03525703,0.51955092,0.49913272,-0.33778647,-0.88242674,-1.79846036,2.28835797,-0.35382402,-1.57708371,2.18765044,-0.80287451,-1.39246166,-1.56521165,-0.19508769,1.06568646,0.19763067,0.09089943,0.16700378,-0.12067649,-0.71548551
2,0.316000,right,1,-0.12985066,-1.32834184,0.44568756,-1.18501115,0.57491773,2.12674427,-1.25312293,-0.16757129,0.48244154,0.21055949,-0.54685360,-0.13540868,0.65716225,1.32257390,0.55919647,-1.48190081,-0.46754172,-0.66206205,0.81436574,0.63464248,0.99644214,-1.20710504
2,0.320000,right,1,-0.71116912,-0.54501021,1.85785317,-1.58190429,-1.50874579,-0.74631298,1.36288249,1.17440605,0.58592981,0.45482615,0.19754209,0.18323708,1.13525844,-0.01268595,-1.35610867,1.39658594,-0.08301819,0.10778246,0.15949720,0.94196236,-0.91533911,-0.81192172
2,0.324000,right,1,0.74632990,-2.51665449,-0.68529522,0.03477244,-0.39904705,-0.38273743,2.29292703,0.46718889,0.42064646,-0.94935346,0.75232434,1.01858318,-0.00000876,-0.86353391,0.46159482,0.91974658,-0.51185900,0.06494512,0.69577521,1.36467147,-2.45680618,1.82319903
2,0.328000,right,1,-0.56692541,1.54799950,-0.75066572,-0.38598254,-0.71772581,-0.19672495,0.01919115,0.28636059,0.85091770,-0.80342138,1.00419164,0.47682405,-1.43875587,-0.39665759,0.70245063,-1.28044975,0.56891757,-0.93807364,1.89040554,-0.70181781,1.00234246,-0.40342826
2,0.332000,right,1,0.84851509,0.76524639,1.23147106,1.74287212,0.05128071,-0.41537184,-0.29228923,-0.76142979,-0.64635843,0.60397381,1.09020758,0.10460410,-0.66601402,-0.63000464,-0.58028430,0.50068825,-0.41147715,-0.27536303,0.87817949,0.57374549,-0.17516515,-0.34877917
2,0.336000,right,1,-0.65020126,-0.19350533,-0.83507848,0.75207591,-0.21933050,-0.69736332,0.50956863,0.92678827,-0.62346482,-1.23326635,0.00225949,-0.80257159,-0.38452938,0.04625224,-0.81986457,-0.92596757,-0.92882645,2.01716208,0.00380377,0.44481409,-1.11337447,1.62525535
2,0.340000,right,1,-0.41878033,-0.30096778,2.15248895,-0.59903431,1.08621418,-0.70712888,-0.06396115,-2.05121589,-1.81222618,-1.31321800,1.03665876,-0.44198895,-0.83325237,-2.14987183,-0.47712812,-1.85153532,-0.04865167,1.61922455,-0.82255930,-0.22883381,0.27167735,-0.02035708
2,0.344000,right,1,1.52851427,-0.18806945,0.75588155,1.59859324,0.71469730,1.51914966,0.24233763,-0.72913080,1.42274261,-0.48889863,-0.77358454,-0.28133491,2.22257710,-0.14868997,-2.77158904,-0.92678094,2.31926656,-0.80054253,-0.10307074,-0.09358615,0.25550646,-0.15103206
2,0.348000,right,1,-0.35052729,-1.16621244,0.18325423,-0.01420325,0.83844614,0.11840264,-0.31377360,0.47503397,0.30417487,-0.05973863,0.28374675,0.85079211,0.20027010,-0.25658229,2.55657101,0.54782754,-1.50441885,-0.00222270,1.73255038,-0.86943543,0.58838165,1.36151421
2,0.352000,right,1,0.83374077,0.55353075,0.78460801,1.47100711,0.02722854,0.02018266,-2.17150903,0.75596160,0.56087410,-0.45699102,-1.27500784,2.10640049,-0.26818928,0.66824830,-0.23507966,1.47731578,0.22284381,-0.38743234,1.23698604,-1.27388096,0.66570610,0.09493534
2,0.356000,right,1,-1.08722019,0.57443672,-1.43118072,-0.17840594,0.44096005,-0.43392220,-1.92222404,0.05812184,-2.09239340,0.35542727,0.82212400,0.65744305,1.18352568,-0.53589046,0.05990100,-1.24545121,-2.80470157,-0.98111957,-0.08209654,0.10990474,-1.67496145,0.46007538
2,0.360000,right,1,-1.02247858,0.78870678,-1.80486310,0.99403965,-0.13141680,-0.59900796,-0.76282704,0.37983602,0.21039589,-0.04627613,0.57628882,0.15815689,1.79467738,0.42044866,-0.52819926,1.09039819,-0.21486580,0.39530271,0.59749436,-0.76477605,0.21125740,-2.09164119
2,0.364000,right,1,0.42118904,0.42371750,0.29180539,-1.06510568,1.19923770,-1.64970994,-0.00662624,-0.48479155,0.67105341,0.82946867,-1.15521920,-0.95909989,0.05986023,0.11997760,0.63134217,0.35677350,-1.46607435,-1.33166838,-0.41782966,1.16202474,1.26659238,0.72865129
2,0.368000,right,1,-0.30347326,-0.26785126,1.24430871,1.17354429,-1.21674991,0.77640331,-0.58081901,-0.71677971,-2.93839788,0.18614329,0.08695795,-0.57583541,-2.93334174,-0.17612445,-0.80378324,0.52988547,-0.11112610,0.01207098,-1.90744615,0.11080703,0.54151499,0.20246215
2,0.372000,right,1,-0.03315629,-0.81947476,-0.73109120,-1.14788854,-0.64657497,-0.68369079,-1.13666272,1.26659608,-0.64831585,1.02247703,0.99082756,-3.67456198,-1.75136817,0.24140242,-1.43367958,-1.10225189,1.11130559,-1.47450149,1.98962569,1.60736632,1.64387202,1.58880925
2,0.376000,right,1,-0.39359251,0.45556387,-1.07584310,0.32023045,-1.76959312,-0.64172518,0.90342963,0.52424425,-0.42108777,-1.93006897,-0.68910778,-0.38524881,-0.43949115,-1.12690675,0.97272348,0.88302708,-0.50502104,1.86815894,0.85944581,1.86578572,-0.03428540,0.11958608
2,0.380000,right,1,1.54217052,1.92876887,-0.87106121,1.32585955,-0.04356620,0.78205544,-0.79947048,-1.27246845,0.43773785,-1.13419819,0.14803292,-0.38681906,-0.92458820,-0.29079083,-0.43686205,-0.06592762,0.52951878,0.13512853,-1.30237615,1.41176987,-1.20279765,-1.21816111
2,0.384000,right,1,-0.12254778,-0.28244233,-1.01412070,1.33348942,0.65843773,0.31841192,-0.13352410,1.18911612,-1.05091214,-0.56650090,-2.59758592,0.07648754,-0.50257492,-0.49597925,0.82656485,1.13571513,-0.60857242,0.83913845,0.73671907,-0.67237872,0.22345831,-0.46013087
2,0.388000,right,1,-0.79214400,0.58675063,1.66301370,-0.25530392,0.25019842,-0.00957408,0.31857717,0.55664098,0.69104284,-0.59891403,0.86371017,1.37578022,-0.82143813,-0.71901160,-0.48804235,-0.02522781,-0.27765694,0.48441896,2.09651041,-1.92675805,0.28412780,-0.06968790
2,0.392000,right,1,0.82287598,1.19068325,-1.03386915,0.15946293,-1.38062096,0.95777607,-1.82389212,0.24467212,-0.85442233,0.38570905,-0.02659129,0.92916691,0.01608822,-0.35356382,0.41556939,-0.57326216,-0.17156911,-1.10134089,-1.39778244,0.88488156,-0.32147136,1.97428513
2,0.396000,right,1,0.98524076,0.37493956,0.73305875,-0.33773872,-0.84973818,-0.36786476,0.90824735,-0.20437650,-0.87088454,-1.11066663,-0.50934947,-0.07151800,-0.19233453,-0.00485523,-0.13317046,-0.88086605,-0.15985829,-0.79368818,-0.75339735,-0.01735003,1.45526695,-0.32102644
2,0.400000,right,1,-0.21190715,1.51440406,-0.15764850,1.67425573,0.82124412,0.43407929,0.38010415,-0.46940440,0.61933935,0.20402642,1.77306616,0.84958678,-0.23513094,-1.90270829,0.64162600,1.19988072,0.14883769,-0.10932709,0.19587179,2.18824220,0.14344916,-0.90245992
2,0.404000,right,1,-0.46078089,1.98756802,-1.08579719,0.69338000,-0.51551300,-0.58048898,0.12675278,0.47062418,-1.40222561,-0.04810067,0.63421041,-1.41204822,0.86334068,0.02531935,-0.31811839,-0.77684546,1.06791830,-1.56806266,-0.70487779,-1.75355947,-0.15616402,-0.29530361
2,0.408000,right,1,-1.02285028,-1.82350171,0.51081514,0.15148570,1.63792050,-0.29946071,1.20128584,0.55383867,-1.76640284,1.03483713,-0.08458278,-2.08358145,1.14571166,0.20341827,0.26112005,-1.09755659,-0.11795072,-0.34763038,0.49107516,-0.22620404,-0.87435383,1.17343712
2,0.412000,right,1,-1.37899804,-0.85312581,1.17380869,-1.50944364,0.44158125,-1.08496082,0.20221990,1.42378592,0.66579080,-0.53965276,-0.25647596,0.14390537,1.52538705,-1.31424105,-0.95459980,0.41943693,-1.01882982,-0.97719508,0.84023970,-0.69161969,0.17090392,-0.84980536
2,0.416000,right,1,0.36063942,-0.55748546,-0.62173146,0.90743554,-0.62728035,0.81676549,-1.57590091,-0.81466562,1.83344555,-0.08636789,1.05410790,-0.27012014,-0.02421164,0.52895528,0.04643720,0.21136230,-2.73428822,-1.26449335,0.03313337,0.32241946,1.60364079,-0.93053377
2,0.420000,right,1,1.15849352,0.20634852,1.58641732,0.74373728,0.47792903,0.60306215,0.94514269,-0.03517817,-0.87387115,-0.35543114,-0.83745086,-2.13630223,1.00594616,1.06920648,0.07026523,0.29105163,1.09374154,0.80234957,0.79292095,0.64782727,-1.78169560,0.12564895
2,0.424000,right,1,0.23578943,-0.80153805,-0.58551431,1.31610131,-0.29061162,0.12021624,0.38491690,-0.04819693,-1.15918291,-0.71262610,0.35113293,-0.08110069,1.55229187,1.23408055,0.17293456,-0.21656455,-0.01822096,-1.55780399,-0.34718779,-1.57652438,-0.10965101,-0.82915342
2,0.428000,right,1,-0.76129770,0.10967652,0.69312429,1.54952478,-0.97051430,0.28388429,1.22290254,2.43969941,-0.09370755,-0.66036916,-0.32247183,0.50610650,-0.34952933,-1.25089002,-0.41514793,-0.51704830,0.23025540,1.15024781,-0.75614607,0.62923688,-1.96535957,0.04642290
2,0.432000,right,1,1.59780324,-1.53787613,-0.70330477,0.56383270,0.44748354,1.19048488,0.37627953,-0.50159556,-0.82350451,2.26424956,1.96756542,-1.17558265,-1.12163973,-0.99021828,1.62735963,-0.65365994,0.43282831,0.23338880,0.91334188,1.06691706,1.18823135,1.10952473
2,0.436000,right,1,0.68275809,0.02529405,-0.68131101,-0.13971215,-1.47913158,-1.05153525,0.22503832,0.83043414,1.25997567,-0.23609003,-1.43055844,-0.24608114,-0.20859236,-1.80417955,0.91411304,1.61114872,-0.00497946,2.13319111,-1.02698290,-1.91379380,-2.35496831,0.24485353
2,0.440000,right,1,0.35521209,-0.99600101,-0.79481673,0.63862079,-1.68629193,0.21005052,-1.49955416,0.19214544,0.65247118,-1.53182280,-1.32535994,0.89079338,-0.95125586,0.08047316,0.27203476,-0.93398029,1.30521929,-0.39681646,0.26802304,-0.68722934,0.46450764,1.33611619
2,0.444000,right,1,-0.86967641,0.39167726,-2.19245195,-0.40545061,0.43597963,-1.81103480,0.76035345,-1.70221949,1.51443493,0.37948871,1.44097161,-1.69691658,-1.18089402,1.09318829,-1.57043433,0.29420257,-0.08872445,1.80437660,-0.15293026,0.39265674,0.14630941,-0.42196968
2,0.448000,right,1,0.67256165,0.30752316,0.72847712,-1.22424912,-0.93077707,0.98750049,0.34650761,0.55004561,-0.33251110,0.80576944,1.04493546,0.84432662,-0.68440717,0.31268591,0.59369588,-0.00752009,-0.99452180,1.23752189,-1.14141095,2.52240968,-0.77015024,0.62043774
2,0.452000,right,1,0.67381895,0.70619160,-1.22321320,-0.43894902,0.00068834,1.65361929,0.60489058,1.19882429,1.42295790,-0.90913767,-0.94160533,0.86382681,0.89976412,1.47912610,1.16868341,0.39052150,-0.34676439,0.09229576,-0.40225124,-2.99678326,1.04205096,1.44353604
2,0.456000,right,1,0.20388129,-2.27738547,0.56929141,1.23710728,-0.60019433,-0.10993139,0.16060372,0.82599288,-0.11378506,-0.07148883,1.49135935,0.50169975,1.50025702,0.68818796,-0.54739761,-0.45832270,-1.15636826,-0.59269327,-0.02151484,-0.22415468,-0.49503708,0.95337886
2,0.460000,right,1,0.00018956,-0.79595417,0.97872168,0.03531403,-0.12197671,0.82001728,-0.57721096,0.45256454,0.01957785,1.75762844,-1.39699423,-0.12404483,0.36200821,-0.23091903,-0.41200563,-0.13546038,-1.29094791,0.60083163,1.88376224,0.17014737,0.19305779,-2.51168370
2,0.464000,right,1,0.27222064,-1.35195220,0.59349477,-0.38448030,-1.75420499,0.74423194,-0.74334729,-2.87144327,-0.02724415,-1.27644336,-1.97330260,-0.78951591,0.24128217,0.48962432,1.12626445,1.20614815,0.47449872,-0.31271875,-0.94544548,1.22212780,-1.34024680,0.70921671
2,0.468000,right,1,0.27923644,-0.33557969,-1.19230688,-0.24789719,1.13104761,1.50231755,0.18542925,-0.01846874,-1.74077952,-0.78529513,-0.88543874,-0.64533079,1.43432200,0.08334198,0.08641422,0.36897874,0.52361935,-0.34067142,-0.36758268,-0.64656556,1.32753563,-1.65510213
2,0.472000,right,1,0.74661696,1.06543493,0.85004264,1.62912261,-0.10343936,0.13923073,0.27413541,-2.39739680,0.01073247,0.06383882,-0.18797411,0.30697411,0.17577703,-1.03727317,0.72064507,1.10697615,-0.24723366,0.00272667,-1.10356915,-0.82553279,0.26720083,1.26706195
2,0.476000,right,1,0.91049051,-1.17322946,-0.59930289,1.66085732,0.04984661,-0.27223668,-0.17376448,0.82935715,-0.97260022,-0.30624563,0.07861078,0.14666924,-0.74420154,0.11477301,-1.80964029,-0.62111390,0.66379511,0.79032308,1.45087206,-0.82394367,1.00827122,1.37687290
2,0.480000,right,1,0.44219056,-0.05667417,-0.94734603,0.10109235,-0.61356920,-0.44062099,-0.77646196,1.84776306,0.65718979,0.69769782,-0.11852726,-0.75615603,0.62288344,2.43745899,-1.51485419,0.46970004,0.56096613,-0.90031016,0.18683597,-1.62755477,0.00847549,0.76593024
2,0.484000,right,1,-0.42594498,0.11410259,-1.23546839,0.03108855,-0.28075710,-0.67515558,-0.44338423,0.47061831,-0.98838800,-0.80185890,-0.15584654,0.00093341,1.55272985,-0.68427122,-0.45026261,1.73653889,0.96112365,1.19635618,-1.39879417,1.80862689,1.03215206,-1.15008557
2,0.488000,right,1,-0.25001624,1.56136179,-0.95689422,-1.63877785,1.14500511,0.38332674,-1.49651396,-1.76674712,0.03084424,-0.86934507,0.18453029,1.49069655,0.54678458,0.25118986,1.05239999,0.32117641,1.96039259,-0.46354374,0.66085428,0.76153964,0.41688576,0.27199593
2,0.492000,right,1,-0.15221602,-0.71091056,-0.48104399,1.42469728,-0.87316817,1.93271768,-1.01008999,-0.58008045,-0.19158076,-0.81246787,1.03714597,0.04595669,-0.08942486,1.22035611,-0.69324291,-0.64424646,-0.29421273,0.95487136,-0.29605305,0.48487833,-0.55997062,-1.16464961
2,0.496000,right,1,0.59878832,1.03244829,-0.59363467,2.12445402,0.05189978,1.19944584,0.29955164,-1.36883867,0.39077020,-0.42919555,0.17567296,0.67747492,0.22174621,1.15387118,0.05317638,-0.80340838,0.05262932,-0.48929244,0.48942366,0.99000371,0.76719683,-0.32128528
2,0.500000,right,1,0.60969251,1.74245751,-0.72348678,1.11722445,1.56658399,0.02921750,0.15987295,-0.23551883,-1.00642979,0.62110001,0.68871593,0.70168245,-0.78717697,-1.76890564,-1.70833707,0.12696341,-2.08195686,-0.62463737,0.15005146,1.52774882,0.13001627,0.09066326
2,0.504000,right,1,-0.87240237,-1.06742811,-0.24353738,0.75060076,0.70425797,0.09739888,0.12227678,-0.32163486,0.00419490,0.45649570,0.11281414,0.80791211,-0.06621252,1.07746255,-0.29951781,0.69380438,-1.97186470,-2.19489717,-1.36010146,-2.07643318,0.84784907,-0.66461730
2,0.508000,right,1,-0.37255263,0.90443009,0.73618501,-1.00737202,-0.18315482,2.15982103,-1.31996477,-1.05553782,2.58005691,0.75861996,0.32159802,0.02540570,0.93948585,-2.54251790,0.64945132,0.94073403,-0.81519330,0.26159379,-0.70429486,1.22830141,-0.17223370,-0.79615802
2,0.512000,right,1,0.95368868,-0.25787574,0.55017686,0.44051716,0.48979717,0.31478503,0.28580320,1.78293550,0.05147280,-0.50192922,2.19397449,0.66595817,0.54529405,-0.40863040,0.14013758,1.30095494,0.36537558,0.64681542,-0.12691554,-0.21233508,0.98537111,-1.84041774
2,0.516000,right,1,-1.24664938,1.28429937,0.54964775,-0.62177062,0.74659050,0.25297421,-0.92322367,0.87391144,1.06562698,1.42657840,-1.01719117,0.63797194,-1.24333179,0.43103957,0.03327306,-0.83752704,-0.24532548,-0.96181685,0.85159725,-0.81595588,-2.03847575,0.55575949
2,0.520000,right,1,1.52446270,0.22050790,-0.48590803,-0.16278297,-0.42072994,0.50973517,0.52155995,-0.25448111,1.92163897,-0.12794197,-0.46840361,-0.37827995,-1.22255898,-0.40439260,-0.70553166,1.16887093,-1.58668375,-2.05659795,0.51446921,-1.51461911,-0.15159892,1.47506559
2,0.524000,right,1,0.32944477,-1.08887553,-0.52325958,0.38002983,-1.62208593,0.12595561,1.60238528,1.31143999,-0.70370120,0.04994164,0.93740642,-0.85484290,0.56994498,-1.41546237,-0.59098655,-0.10915747,-0.13248755,-0.44644058,-0.25641876,0.76434880,-2.26035380,0.98771209
2,0.528000,right,1,1.32733607,0.16028365,-0.02552972,-0.07928603,1.63244116,0.53022337,1.71697760,-0.08719406,-1.45581830,0.88177150,-1.10281670,-0.48402220,1.35334706,1.22858715,-0.62496406,1.64740705,0.65347004,0.93633074,0.97528690,-1.33809853,0.04983190,-1.08090341
2,0.532000,right,1,-1.85145152,1.19062746,-0.15418535,-0.72741002,-1.18323314,-0.13511616,0.72704327,-1.21731234,-0.80685800,0.17416044,0.35256937,0.39973944,0.48238766,-0.27540779,1.45231044,-0.19243355,0.77193493,1.17362952,-0.06389850,0.34430066,-1.01727235,-0.70943677
2,0.536000,right,1,0.87366199,1.41919899,0.26344851,0.93111634,-1.10935891,0.59336740,-0.24055916,0.43741941,1.63227975,-0.17652369,1.83943951,-1.81701636,-0.74314553,-1.97331345,0.88388652,0.39758733,1.82988036,0.76557773,-1.18190742,-0.61921048,0.92141443,-1.42254698
2,0.540000,right,1,0.63678497,1.35560703,-0.92294163,-1.15480626,-0.65613699,-0.87217379,-1.05664039,0.40253043,1.59372735,-0.16443662,0.04024198,0.03922917,1.60672688,-2.51550984,0.95885742,-0.53721899,0.49106732,0.93170911,-0.79271865,1.81702554,-1.47222352,-1.07554173
2,0.544000,right,1,-0.05802950,-0.22115107,-1.04198265,-0.93726563,-0.07091305,-0.98775196,-0.94683689,-1.05305576,-0.94142318,0.26184756,0.76034284,-0.19318363,-0.72639680,-1.00752866,1.43242681,-1.46981728,-1.02344787,0.45733446,1.40973234,-0.96243066,0.07505450,0.14605372
2,0.548000,right,1,-1.14111710,-0.78489166,1.36282182,-1.12046099,3.15644121,0.48575273,1.91338551,-0.17788059,0.91311795,-1.74173677,1.67685509,1.54823327,-0.18606697,0.45691627,-0.64728636,-0.85696459,0.54692274,-0.46782529,1.16753674,-2.05677128,-0.75920194,-0.47626334
2,0.552000,right,1,0.08381321,-0.25778735,0.54900348,0.52060980,0.40998530,0.39469802,1.95693719,0.19958454,-0.10235295,0.43956181,-0.62203139,0.43968844,0.02060067,-0.15042418,1.89281273,0.05274134,-0.66984606,0.13956916,0.25282544,-0.47879952,1.02706850,-0.73040277
2,0.556000,right,1,-1.82870603,-0.07469080,-0.88455760,-0.44629207,1.00083160,1.34874809,0.40406311,-0.06387191,0.09837857,1.40525949,-1.85592985,-0.41055924,1.16161442,1.72869647,-0.88926256,-0.88235134,0.78324443,-1.42264724,0.15322916,-2.01075673,-1.91151571,-0.41487905
2,0.560000,right,1,-1.37775254,-0.09103498,0.23864964,0.72977328,-2.33129978,0.02217541,1.20878053,-0.29477516,-0.00394880,-1.79002690,0.51162785,-0.33791831,0.69617814,0.83525527,-1.81484926,-0.51947719,0.97161460,1.20627308,-1.47552848,-1.18194497,-0.41223294,-0.34352112
2,0.564000,right,1,0.09975503,-0.14184931,-0.84380180,-0.60085660,-0.26121289,0.62568420,-1.98308384,1.42318463,2.11712599,0.80884558,-0.45880049,-0.72591406,2.07099175,-0.80820739,-0.21220505,1.60679126,-1.08294761,-0.76750571,0.03482780,0.80338538,0.98932576,-0.51304334
2,0.568000,right,1,0.65602732,-0.98357028,-1.10360909,0.71201199,-1.59105301,0.62476677,2.16356063,0.22500882,1.52553058,0.94100237,-1.50308669,-0.47953096,0.65520787,-0.45908260,-0.03568575,-1.48595524,-0.25911796,0.26425758,-0.37790594,-2.59322858,1.79758692,-1.29993784
2,0.572000,right,1,0.11594908,0.22456956,-0.20646590,0.25711876,-0.15366678,0.54029083,0.19603156,0.50813383,0.61627924,0.22891116,0.45136869,-1.02169180,-0.67268646,-0.77118582,-2.04239559,-0.02326676,0.26281902,-0.11569199,-0.77850699,-1.50076377,0.20459302,-0.05361032
2,0.576000,right,1,1.77738214,0.26106584,-0.51508129,0.06032078,0.25540537,1.02868783,0.02531062,0.71674842,-1.56237650,-0.44590211,-1.99200106,-0.21113136,0.11151198,-0.57934499,-0.80181384,0.62727803,-0.88887954,0.04065780,0.25159824,0.12736972,-0.08956271,1.07863855
2,0.580000,right,1,0.90249312,-1.39994729,1.38569987,-0.40577459,-0.71701634,0.17453216,0.73818302,-1.84440136,-1.00689995,-0.44812673,0.00888656,0.69410717,-0.75128156,0.12673458,0.98006290,-1.68786919,1.11050141,0.08890966,1.60453653,-1.02465522,1.32719254,-0.95676446
2,0.584000,right,1,1.28087938,-0.67152005,-0.05871305,0.92146069,-0.69094414,1.42032099,1.84669745,-1.80217433,1.82212257,0.56620270,-0.38725600,1.53781557,-0.58374417,-0.59618419,-0.15549940,-0.92084551,-0.25293252,0.19783980,0.53467286,0.41867223,0.32398763,-0.20678851
2,0.588000,right,1,0.47019628,-0.26125368,-0.30064744,-2.81958771,0.94688839,1.31091547,0.61026376,-0.11763283,-1.09060502,-0.22015512,0.90982729,-0.99881059,0.22302170,-0.54807347,1.17440367,-0.58897126,-0.34692934,-1.34775531,-1.39994752,-1.16565657,-0.53687477,-0.81471437
2,0.592000,right,1,-1.01437092,1.51209962,-2.14065194,-1.80105984,1.34991765,-0.55542696,-1.15598273,-0.11684594,-0.02092782,-0.09966397,-1.52651381,0.13110505,0.21707533,0.15528102,-0.49231219,-0.11514360,0.80644250,-0.24440339,-0.91443813,1.77069616,-0.87798816,-2.29975891
2,0.596000,right,1,0.92692149,-0.03993493,0.17537999,-0.19730721,-1.15938067,0.70563233,0.17762271,2.09607577,0.90888357,1.22073948,0.67261249,-0.09193412,0.09509902,0.14780463,1.19714093,0.79895622,0.32647133,-0.12726636,-1.83229780,-0.13466257,0.24072656,1.38390636
2,0.600000,right,1,-0.48897773,-0.74424219,-1.55312586,-0.54491693,0.99644697,0.87871069,1.02073336,0.01222755,-0.48615274,-0.27657026,-0.78664809,1.33442688,0.54090810,0.30351704,-0.06169256,0.63477957,-0.66490644,-0.00764535,-0.78284991,1.30636740,-0.66526991,1.68946695
2,0.604000,right,1,-0.12893556,0.67540210,-0.53024727,0.64076942,0.53953981,0.99900490,1.07976556,-0.44952798,0.56124234,-2.06561971,1.52401710,0.19297594,1.62342381,-0.54334116,0.99546689,-0.62639266,2.02648401,0.27253479,0.79025930,0.22558685,0.21278921,-1.61045825
2,0.608000,right,1,0.18691516,-0.23741534,1.56801569,-1.08675992,1.08568633,0.48404029,1.57504404,2.15672040,0.36997584,-1.39234161,-1.01102209,-0.71263349,-0.71278453,-0.27742276,0.73389161,0.69795150,-1.38093162,1.21166146,0.19156873,0.07257298,0.02127925,0.53442383
2,0.612000,right,1,-0.79591268,1.12460625,-0.56416911,1.37785101,0.09951961,2.18177438,-0.77513868,-1.53302586,-1.70707536,1.47196174,-1.06009340,-0.82340145,-0.97750831,0.89117235,-0.34240475,0.30426642,-0.13169850,-0.34806719,-0.38963476,2.48066497,-0.80676067,-0.68136609
2,0.616000,right,1,-1.25676513,1.33602917,-1.02787137,-2.20982528,-0.10834278,-0.68972456,-1.98673248,-1.05127943,-0.93143725,-0.14802299,-1.40658391,-0.83764184,1.21015179,0.72043902,1.40887642,-0.40281531,-1.00409698,0.84804988,2.51148915,1.55328631,1.04858625,0.01733063
2,0.620000,right,1,-2.06186604,1.07985973,-0.05346505,-1.16609216,-1.13588834,-0.03161191,-0.44072902,1.87800217,-2.52771640,-0.18546651,-0.31156433,1.11443722,0.17958695,0.51399606,0.77738243,-1.05787861,0.40590900,1.44862568,0.48912600,0.49766168,-1.34832561,-1.61280131
2,0.624000,right,1,0.69868135,-0.34375253,-0.57032746,-0.71632200,-0.30943283,1.05788302,-0.86711568,-0.05598896,0.39018160,0.40442738,-0.30919868,0.57205975,0.32202372,-1.21797347,0.84642112,-0.52330667,0.72900468,-1.80997181,-0.65936762,-0.12723532,-0.09621952,0.17166264
2,0.628000,right,1,-0.22533198,-0.96766311,-1.56265819,-0.03838504,0.29358384,0.36060169,-0.17772901,1.36466241,0.04117063,-0.43402019,0.67728549,0.73715156,0.98797214,-0.48545894,-0.68669486,-0.35355306,-1.33465326,-0.27951840,-2.81044197,0.37166217,-0.31672624,0.38861158
2,0.632000,right,1,0.72538364,-0.41327673,-0.56736583,0.69132793,-0.45959973,-0.57484722,0.89002222,0.21691808,0.44696724,0.74812037,-0.39339739,1.14568913,-1.29965055,0.01642372,1.14812243,1.87995362,-1.09411323,0.50762910,0.08039041,-0.68349046,2.67937326,0.28229478
2,0.636000,right,1,-1.02824044,-0.52493304,0.88498944,1.43727911,-2.19958806,-0.57658011,-2.65131688,-0.56643230,-1.13226807,0.08208565,-0.82655448,-0.36195982,1.26666546,0.44159156,0.49482024,-0.68336958,-0.32291216,0.67720991,-0.64386564,0.05891098,1.00572431,-0.96147126
2,0.640000,right,1,0.35410145,-0.30527520,1.75569081,1.42414665,1.34224558,-2.25058985,0.04251267,-0.07004704,-0.62369949,0.07567917,1.27825785,-0.34210402,1.31655669,0.78919590,0.89587694,-0.41409463,0.70151174,0.16751346,-0.95930642,-0.83059984,0.32182822,0.52471840
2,0.644000,right,1,-1.53711247,0.56014675,-0.34219274,-1.24780750,0.66221249,-0.09715433,0.87569684,-1.94175410,-1.53772664,-0.05837079,-0.83082831,-1.48229527,-1.73810410,-0.89998794,-0.77615380,0.26935729,-0.38686427,0.42030254,-0.79555559,-0.55793953,-0.80873698,0.36810240
2,0.648000,right,1,-2.03725076,-1.48316514,-1.44438541,0.15887342,-1.49262166,-1.30486977,0.06703338,-1.17854965,0.79476351,0.82414341,0.63648868,-0.65899557,2.53113580,0.88759816,1.55923319,1.32097292,0.14350049,-0.27674457,-0.37288174,0.52028203,-1.75909281,-0.91559708
2,0.652000,right,1,-0.71291131,1.04216087,0.83953190,-0.08992756,1.40067577,-2.09031200,0.05346766,0.87428743,0.26889098,1.60400295,0.44023407,1.49459779,-0.97780102,-0.61137664,-0.11145470,-1.84942842,1.30788863,1.00313759,-0.72361749,0.61967874,0.55501646,0.31917205
2,0.656000,right,1,0.15033065,0.34784839,-0.59162718,-1.67494130,0.10536899,-0.58089465,1.44829845,-0.32607055,1.98279178,-1.03340292,-0.20161861,2.37106848,-0.04554150,0.95979953,0.89318609,0.10083148,1.13773489,-1.35065770,2.20916891,-0.53627944,-1.11590552,-0.87101704
2,0.660000,right,1,-2.36697078,-0.67580646,0.23741245,-1.68446589,-1.04480970,-1.19802153,-0.28934041,-0.08910581,-1.97529614,-0.15664171,0.82583487,1.39777350,-0.90203226,0.85919929,0.11235197,0.18503520,-0.70300597,0.09526525,-0.33265027,-0.01358127,0.50375795,1.09276664
2,0.664000,right,1,0.18257573,0.60911322,1.07213366,-1.13274717,0.30559567,0.82758915,-0.66390437,-1.87021518,0.58072615,0.14695935,0.88029057,-0.43173483,0.73814845,0.04895869,-0.98004192,0.23460203,-0.54305822,0.66845053,0.44433555,-0.22166909,1.80996907,-0.42290226
2,0.668000,right,1,0.23752135,0.79546630,-1.44576752,-0.77859914,-0.02651820,-0.77062207,0.95764536,1.24543369,0.36650309,-0.24902691,-0.44298342,-1.06121337,1.19226408,-0.83701366,0.75019306,-0.74435300,-1.56544220,1.40635240,-0.79072404,-0.15763746,-0.79173720,0.04549758
2,0.672000,right,1,1.51991236,-0.98813242,0.35261813,0.80581957,0.10862034,-0.84235603,1.24531794,-0.56226808,-1.00931931,0.85018837,-0.66871631,1.59692037,-0.15341078,0.66196090,0.93739665,0.57984895,-0.21951744,0.84873080,0.50903285,-1.45075583,1.52117312,-0.38111746
2,0.676000,right,1,1.25653219,2.29297018,0.38708001,-0.63405699,-1.07471025,0.65849066,1.61496758,-0.52150828,-0.62131286,1.05053234,-0.87482464,-0.80238914,-0.11756568,0.32310393,-1.36381960,1.28724372,-0.59102714,0.88916475,-1.06983030,-0.19437815,-0.02177969,0.05043218
2,0.680000,right,1,-0.16023003,0.58942837,-1.12706244,-0.54820031,-0.56299800,-0.83665192,0.78763837,-0.01835637,1.28505349,-0.77202106,0.66878420,-0.67110008,0.54869187,-0.29271168,-0.29673600,2.15106940,0.03655336,-0.93331701,-1.35003507,0.42286706,-0.91531324,-0.30812344
2,0.684000,right,1,-1.02798772,0.56557101,1.43629253,-1.54037333,0.27157831,-0.30307120,-1.09010482,-0.38367018,-0.00542103,1.50973213,-0.48114553,-0.01547975,-1.99805236,0.27641848,0.49409011,0.44495511,2.36264086,-0.49225396,-0.67547631,-1.81167507,-0.23023589,0.97782642
2,0.688000,right,1,1.02360594,-1.50324428,-0.34854060,0.66596341,0.91498822,-2.24988604,1.01182914,0.26358479,0.13764465,-1.20715773,-0.15875205,-0.55977803,0.20262539,0.92765248,-0.06899793,1.33722234,1.44188404,1.03489864,-0.92148340,-0.28918767,-0.12365819,-0.54491174
2,0.692000,right,1,0.33873007,-0.65654254,-1.42142761,-0.41449046,0.57060283,-0.36099407,1.49545002,0.80654973,0.90124428,0.87132096,-0.88718158,-0.26942971,-0.41785040,-0.37963960,0.58947033,0.00192996,-0.24466111,-0.12163847,0.79610580,0.96717137,-0.27899426,0.33564273
2,0.696000,right,1,-0.96295440,-0.97840697,2.08661366,-0.64663690,0.22779958,-0.63226575,-2.18551040,1.44916165,-0.47718689,2.08035088,0.09613810,-1.13284326,0.42901748,-1.79317820,-1.20137286,0.69805574,-1.77434087,-0.84470129,-0.11512448,-1.83109713,-0.99569321,-0.08700684
2,0.700000,right,1,-0.92694438,3.40338159,-0.00646858,-0.19728020,-0.60772628,1.26074970,-0.12326886,-0.84839004,-0.39427188,-1.10089672,-0.62582928,-0.16106440,0.07193203,-1.22440612,-0.35608652,0.54492402,0.93963021,0.36300063,-0.44101265,0.63744330,-0.69339389,0.20958105
2,0.704000,right,1,-0.76741976,0.62218899,1.10444534,0.01165267,2.12511325,0.84060186,0.06731788,-1.04579079,0.05636951,0.15815362,-0.78352416,0.55292135,0.44565338,-1.07541895,-1.06152439,1.76642251,0.41656482,-0.28384322,-0.06102929,-1.23068595,-0.25388321,-0.75426453
2,0.708000,right,1,0.98979414,-0.17784025,-1.09055519,0.79715884,-0.85565472,1.43973589,-0.24144827,1.08877921,0.31426036,-0.32331702,-0.63878870,-1.46918726,1.27208292,-0.28317127,0.59885424,-0.80693781,1.75329351,-1.43455350,-0.55340099,-0.97722107,-0.48240662,1.82836568
2,0.712000,right,1,-0.50909603,-0.21095690,-0.40437633,0.24166477,-0.68795514,0.38363171,0.73214060,1.04369628,0.03683397,-1.01742518,-0.52963996,-1.34336948,-0.55469429,-1.14430821,0.13545372,-0.05135005,-0.38301989,0.95877087,-0.30334705,0.84002638,-0.22503012,0.76339066
2,0.716000,right,1,-1.01173449,0.56859243,-1.76367939,2.33474851,-0.55458975,0.91871339,1.96175492,-2.81642461,2.05340099,-2.37789583,0.27052802,-0.54991323,-1.63280690,1.07806838,-0.52869189,2.07940626,0.99839342,1.79638934,-0.53525037,-0.31248060,0.09491403,-1.70877707
2,0.720000,right,1,0.93392843,0.63866824,-0.73311055,0.19978668,0.38695827,1.18740094,-1.54144847,-0.47598121,1.36690509,0.60876834,-0.69779038,-0.67847663,0.68001676,1.80920780,-0.66068923,-1.19535363,-0.13877916,0.17142703,-1.63292193,-0.74044716,-1.22997868,0.18129095
2,0.724000,right,1,-0.03992616,0.75817227,-0.54312199,1.73573804,0.14362474,2.57267570,-0.18124032,0.76412076,-0.19251867,-0.53589380,-0.17199552,0.08342263,-1.32797801,1.28674269,-1.27875400,1.09819615,-1.06509268,-0.53531128,0.34075135,0.78946429,-1.50305188,0.04365669
2,0.728000,right,1,1.84277797,-0.54294044,-0.25882155,1.56206465,0.01170405,-0.80372894,0.78488296,-0.36482164,0.28420648,-2.51152897,-0.09284170,0.56862187,-0.85502422,-0.32913345,-1.54224336,0.74817950,1.53062212,1.37195003,1.54879987,-1.29799533,0.10383143,0.46503395
2,0.732000,right,1,0.03123352,-0.35938483,-0.95678067,-2.01116490,-0.39435247,-0.43639776,-0.41777325,-0.09331977,0.69721824,1.52468395,0.50340128,1.39619124,0.07997133,1.16129827,0.58614129,-1.31214154,-0.04038895,0.16107795,-0.24489939,-1.70443964,-0.14814748,0.24679178
2,0.736000,right,1,-0.20405744,1.01573014,-1.26603079,-0.57308060,-0.02616623,1.35037506,0.16558416,-0.56427079,0.94468051,0.29997024,-0.15544996,-1.16346955,-0.74837404,1.47981679,0.17848358,0.05404767,-1.05584359,-0.07230006,1.61362755,-0.91534328,-0.07161215,0.45869315
2,0.740000,right,1,0.08854463,-0.90167880,0.91470307,-1.46509504,0.36799529,0.22462682,1.56911063,0.08922711,0.41890371,1.28111613,0.15849341,-1.11569870,-1.70796990,-1.35775697,-0.44871992,0.56536382,1.13926649,0.94041699,-0.65905046,1.18236387,0.51469159,-0.59721375
2,0.744000,right,1,0.80509442,-0.90233308,1.56598639,-0.55179912,0.93561321,0.31704497,0.63850981,0.80313331,-0.72302365,-0.32318237,0.42043266,-0.65925080,-1.44458914,0.26972780,-0.08837847,0.01201575,2.42637897,-0.07409270,1.09115672,-0.28666890,0.97611320,-0.03135822
2,0.748000,right,1,-1.30146086,-0.69350702,-0.24330798,-1.60448611,0.29390362,-0.26674643,-0.68364292,-0.63826883,0.16537820,1.73425341,2.28178811,2.33460236,-0.25698370,0.29131046,0.90903360,0.58469528,0.87308300,0.45894840,-0.71200925,-0.27436507,0.41707984,0.26579371
2,0.752000,right,1,1.57727170,-1.31211734,1.00477958,-1.15902305,0.44128349,0.49780235,0.18067305,0.62189901,0.78269243,-1.02751648,-0.50707006,-0.53905392,0.75031996,-0.00521098,-0.34953490,-0.35619330,-0.85596770,-0.40313193,-1.21734130,1.25292373,-0.64292705,-0.12141460
2,0.756000,right,1,-1.22191679,0.27165869,1.82634187,-0.72945166,-0.27344316,0.53828579,-0.95883828,0.34888777,-0.60728347,1.46138203,0.12885243,-2.79887843,0.37916788,1.18459237,0.56939703,-0.40230170,0.06541631,-1.31503773,-0.94616640,0.55614448,0.91267282,0.41188490
2,0.760000,right,1,0.64055383,-0.35238844,0.69785684,0.75835049,-1.81006300,-1.44750500,0.42014745,-0.59798104,-1.85365474,0.41562319,-0.91762549,1.04054892,-0.12480348,0.64465046,-0.29909697,-0.44636431,-0.61771858,0.46342966,-0.34955856,-0.55726379,1.32422137,1.54839599
2,0.764000,right,1,0.06179306,-0.23901355,-0.53780562,0.05985670,-0.01528509,1.32301438,-0.15218635,-0.10684695,0.26232743,-0.44453174,-0.23790336,-0.28812599,-0.23022693,2.44244266,0.76526928,0.61659014,-0.66801596,0.26197916,-0.08522282,1.16799927,1.00408912,-0.44684398
2,0.768000,right,1,-2.58518457,1.75553668,0.46971163,-0.73746222,-0.40244457,-0.87364012,-0.51180756,-0.04390588,0.36242059,0.61233455,0.54066372,0.33904198,-0.20193218,0.79888463,0.74879700,0.83889675,0.14902015,1.71375346,-1.47937584,-0.10725453,2.45132923,0.23587404
2,0.772000,right,1,0.04745210,1.96474993,-0.49600464,-0.96941555,-0.09610185,-0.75085366,0.30032668,-0.70314056,0.04441553,0.09192082,-0.61810112,1.04319799,-0.69974273,-0.79026598,-1.86023772,-0.81643313,-0.82513291,-0.27619424,0.16594064,1.23231435,0.63626450,-0.25000495
2,0.776000,right,1,-1.19575977,1.60801232,1.56050944,1.62658501,-1.31337392,-0.54645944,-0.61036605,0.08210141,-1.04515338,0.55093020,0.46734506,0.03794730,-0.38231009,-1.43902111,-0.69010782,-0.01956773,-0.13496682,0.90903133,1.40437627,-0.13592179,2.09245086,-0.92516905
2,0.780000,right,1,0.34714994,0.70655084,0.24290879,-0.22801758,0.47555783,0.66543150,-1.69652510,-0.83778608,1.97440052,-0.99655497,0.77840924,-0.72341758,0.45112944,1.04692113,0.88210392,0.57457441,-0.42774457,-0.16697103,-1.39375007,1.50707841,-0.79182041,-0.01066224
2,0.784000,right,1,0.12844406,-0.23024660,-0.18131760,0.42935413,0.71565080,-0.53163236,0.49887696,0.47699553,-0.88101107,-1.41715252,0.88336915,-0.28718185,0.38567489,-0.52480018,1.01176405,-0.58543432,-2.06582403,0.45966843,-1.48015022,1.40176833,-1.32098949,-0.58739942
2,0.788000,right,1,1.37592256,-0.62551743,0.62150973,-0.41635081,1.00907397,0.23280364,1.06074655,-0.84374523,-1.43923604,1.46872187,-0.50727159,1.84623313,1.37492728,0.05062648,0.50575906,-0.69213408,-1.63399231,-1.01374578,-0.14131029,-1.18935454,-0.86812830,1.02673221
2,0.792000,right,1,0.42606932,-0.45643267,0.81886733,-0.42629024,-1.46284890,0.68120080,1.79396713,1.95891917,-0.19985792,1.49491823,0.82062227,-0.81860512,0.25468594,-1.28289795,0.45469245,0.05481786,1.32709980,-0.43451393,0.49056432,0.79039079,0.25894740,0.80494511
2,0.796000,right,1,-0.06084616,-0.98324758,0.85197949,0.08026196,0.99870783,0.96784800,0.62801343,0.67026871,-0.07312367,-0.95713294,-0.48014015,0.77729791,1.33725262,0.09393674,-1.70704257,-0.33646226,-0.32598251,-0.62590617,0.87068468,1.55984533,-0.18499410,0.40267485
2,0.800000,right,1,1.42033517,0.58744252,0.59270924,0.72789478,1.82917786,2.26809502,-0.87013340,-0.88569635,-0.01100651,0.54292917,0.51556033,-1.91878247,0.04811518,-0.09868988,-0.12095923,1.39404142,-1.96597064,1.02363193,-0.70669448,-1.39990246,0.11553840,0.28440163
2,0.000000,foot,2,-0.34669012,-1.83150434,-0.41684097,0.57998544,0.16857448,0.41899148,0.27752998,2.13382697,-0.03300183,0.25368461,0.38651770,-0.39460480,-0.50133443,-1.25056648,-0.15711880,-1.19478095,-0.20873557,-1.52006006,0.33565906,1.25773537,0.61616307,0.70633835
2,0.004000,foot,2,-1.64807987,0.08628724,1.23143148,-0.63471091,0.18708350,-2.22378922,-0.43646181,0.03313098,0.65034395,-0.18893567,0.36908644,-0.16081101,-0.95251656,0.07407558,1.29996848,0.68853253,0.16190155,0.52316797,0.94122845,-0.60050941,0.41076607,-0.63896435
2,0.008000,foot,2,-0.26774523,-0.69396067,1.53930140,0.77040470,-0.49579570,-1.48816228,1.43356466,-0.47652343,-2.16725087,-1.38304353,-0.16292857,0.38967761,-0.61482567,-0.74139994,-1.05237985,1.20766330,-1.26939011,0.12552202,-2.05592561,0.76615161,-0.93335402,0.46479952
2,0.012000,foot,2,-2.38345313,-0.54373419,-0.47551131,-0.61388236,-0.66558719,0.02823507,1.23701072,1.80259919,-0.33942124,-1.02083921,1.98101938,0.33262375,0.23434027,0.85627890,0.26670292,0.73593849,-0.20154819,-0.05824997,-0.54981256,0.90195179,-0.86187929,0.78504312
2,0.016000,foot,2,0.02808458,1.16384649,0.11451592,1.10883522,-1.21693230,-0.11845067,-1.75926721,-2.33481312,-0.62555748,-0.94196230,0.17152779,0.49598593,-1.95643342,0.31545419,-1.08070576,0.28882080,0.43023682,0.36217234,0.03129628,-0.43958917,0.82578242,-0.39288172
2,0.020000,foot,2,-0.46937346,1.13806164,-0.00995365,0.28072119,1.40780842,-0.27169985,-0.34564710,0.09840722,-0.59264463,-0.65030676,0.55466956,-0.46605620,1.09932125,1.61743295,0.67134535,-0.37877607,0.01218971,2.74874783,2.00367284,-0.07583152,1.12544537,-0.41780376
2,0.024000,foot,2,-1.38678050,0.39765769,-0.26972413,0.08169427,0.11455095,-0.70959598,-0.24883032,-1.22663295,-1.01260269,-2.76727176,0.44948089,-1.28373623,1.00170577,1.43285942,-1.17001307,-0.08421208,-1.69045234,-0.12725787,0.87813312,1.24069762,-1.77966428,-0.22124383
2,0.028000,foot,2,0.73961186,-0.41333425,-2.48205924,-0.47042170,0.72361863,0.71441203,0.82757598,-0.99915487,-0.71266955,-0.71145326,0.63036162,0.62952626,-1.58874094,0.17691161,0.08767676,-0.33025324,0.91549242,0.59199184,-0.90155345,-0.10321331,1.46419466,0.05304266
2,0.032000,foot,2,0.36714119,-0.28239620,0.10322203,-0.84339905,-1.68495250,0.50299019,0.12341654,0.89042115,1.04372561,-0.59440899,0.95677394,-0.08075030,0.71767777,-0.90585029,-0.80455136,0.08851147,0.37950283,0.47972298,0.60474384,-0.12826337,-1.14680791,1.32406282
2,0.036000,foot,2,-0.54936647,0.61987436,0.70590115,-0.07467385,-1.57542944,-0.36548334,0.36696389,1.31149089,-0.11522342,-0.45751444,0.93154109,-0.00049713,-1.68411911,0.68205076,0.62570065,-1.15768278,0.09537321,-0.32145333,-0.54879773,-0.50675726,-1.45342183,2.18502212
2,0.040000,foot,2,0.24583188,-0.54289746,-0.36692843,0.62727439,-0.54356927,0.81184334,-0.32066783,0.65021765,0.42261219,-0.25082323,1.50256157,-0.54255795,-0.81448209,2.38611913,0.44241655,-0.70939451,0.42251235,-2.01680231,1.13351059,0.47816783,-0.72786838,-2.02242303
2,0.044000,foot,2,-0.23781753,0.97247416,-0.86239308,0.47166967,-0.60340184,-0.13123038,0.93349552,-0.21687078,-0.51708567,0.61964190,-0.17202249,-1.38186955,0.09792730,0.31708658,0.51159441,1.57836473,-0.07571816,1.62061477,1.65215373,-0.78866839,-0.77887207,0.70302892
2,0.048000,foot,2,-0.33169061,-0.21173291,0.29346186,0.49657369,-0.93875504,0.05832228,-0.01793463,-0.36289406,-1.23567247,2.07020187,0.55471861,0.38108617,-0.10535627,0.30949813,-1.85694778,0.45923549,0.44002995,0.31466454,-0.56418860,-0.06478998,-0.37261957,0.46337795
2,0.052000,foot,2,1.16456032,0.38003263,0.12460877,-1.60475492,-0.17168303,-0.47534433,-0.35464373,-1.09611118,-0.33861083,0.70089781,1.36243057,-1.04711020,-1.08557141,-0.01010901,-0.46140122,-0.92183280,-0.06839587,-0.52233797,-0.61270130,-0.68013096,0.20752203,-0.78718436
2,0.056000,foot,2,0.72414219,-0.14028636,0.14242174,-2.23475194,-0.02987444,-1.31885672,-0.18841395,0.92152280,0.26400119,0.44604683,0.58288622,0.28161380,-0.97578353,1.34724653,-0.50310206,-0.39270106,-0.34684992,-1.17744303,1.39215624,-0.06312254,-0.02974340,-0.77602595
2,0.060000,foot,2,-0.41137189,1.14928877,-1.35718215,0.34883055,0.22458883,-0.07742438,0.32733163,0.24006279,0.39297777,2.34009027,1.87602270,0.48368689,-0.01239573,1.45776474,2.03538203,-0.09612110,-0.83697742,-2.05469084,1.72571814,0.94912285,0.76108181,-0.18962567
2,0.064000,foot,2,-0.17616954,0.67233175,-0.34028813,0.30722159,-0.33739829,-0.72219509,-0.57249182,-0.66483706,-0.77552211,-0.75491005,0.34190845,-0.44930989,-0.37245125,-0.22385067,0.59667623,-1.42124474,-2.71928048,1.38683558,-0.11427066,-1.52249241,0.18050849,0.55968314
2,0.068000,foot,2,0.29373243,-2.38496232,-1.13876426,-0.30401674,0.72705168,0.74819070,-1.46700120,0.51780409,-0.29084095,1.44076991,-2.28170300,0.03700583,0.80980772,-0.49243718,-1.37276447,-0.88367999,0.92133856,-0.28749034,0.54762268,0.03350758,-1.59020829,-2.86474109
2,0.072000,foot,2,-0.78148770,-0.75587589,0.74257791,0.78496671,0.49596488,0.99972808,0.87476838,0.37842622,-0.95635134,0.79858184,-0.76354313,-0.00026095,0.10468396,-0.83997375,-0.72258866,-0.50722355,-0.86468142,0.64007753,0.16186610,0.20833030,-0.78345698,-0.44013074
2,0.076000,foot,2,-1.02883434,0.23178297,0.38070911,2.31336045,-1.07445121,-0.65335065,-0.25320885,-0.94235861,-0.62658888,0.12882765,0.84310955,-1.20551980,-0.78943664,1.98654747,0.74295968,-0.23911294,-0.00569439,0.39540842,2.38376093,1.11840534,0.84569168,0.92103273
2,0.080000,foot,2,-1.01450169,0.97605139,-0.27879179,-0.71262640,-0.21790475,0.83491492,-0.08074053,-1.03577793,1.14171278,-0.62115377,-0.87994558,0.97837186,1.91105425,1.09916818,0.79431438,-1.50327802,-1.06304538,0.56822675,1.36314452,0.87466258,-0.41403824,0.87305343
2,0.084000,foot,2,1.65425909,-0.05713690,0.54212320,-0.00783220,0.08937445,0.05397510,-0.26728454,-0.16993646,2.10026169,-0.97294360,-1.06779361,0.09411548,1.95931184,-1.62380576,0.54669279,-1.16512775,0.71302700,-0.85672891,-2.06589460,-1.75957763,1.63814843,-0.29238474
2,0.088000,foot,2,-1.68540263,2.20428848,-0.03443812,1.05433738,0.57465035,-0.30024117,1.81085777,-0.81698984,-0.55183417,0.86785269,-0.24171267,0.18417291,-1.03646922,1.68165684,-0.00323899,0.07132030,-1.22196710,0.61833054,0.42262518,-0.68360209,-2.50607347,0.96799910
2,0.092000,foot,2,-0.12316044,0.14927293,0.30054605,-1.40192068,0.00402055,-1.01138759,1.18303919,-0.26772591,2.19382906,0.41913408,-0.22205153,1.09859002,0.01113424,1.20845997,-0.71806365,-2.23843718,1.18908632,-0.00463198,-1.04094946,0.44415399,0.16678846,0.99741185
2,0.096000,foot,2,-0.42169732,0.94278646,0.39796731,-1.58470643,1.45637357,-0.75314820,-1.05881894,-1.03508818,-0.63936800,0.56506568,0.89951354,0.96899712,0.36042097,1.59042037,-1.07147622,-1.46591830,-0.51616597,0.05040922,-0.01075023,1.04741096,-1.44833708,-0.46203327
2,0.100000,foot,2,-1.46406353,1.82932353,-0.89118189,-0.32700467,0.98296720,-0.50643021,1.25921130,-1.34104872,1.76551342,1.24370813,0.35384974,1.44949567,-2.63503003,1.49217868,2.15351510,-1.50870085,0.68501240,-0.77710557,-1.21210527,0.24344431,-0.12760594,-0.35730678
2,0.104000,foot,2,0.77176344,0.21416977,-0.89447296,-0.70534223,0.98027152,-0.98185152,0.27120373,2.35992146,0.32493597,1.73774862,-0.48825324,-0.01252321,-0.86290693,-1.10413468,-0.31725064,-0.25153354,-1.10043836,1.97406912,-0.73653567,-0.99248010,1.01616526,1.55365801
2,0.108000,foot,2,1.55333829,1.08856714,0.33959481,0.97247928,1.52131319,-0.20871240,-0.37677300,-0.86291933,-1.01863527,0.68217307,1.75070548,0.29327294,2.04599094,-0.43251988,-0.69012851,-0.27283683,1.15061772,-1.66095018,-0.10784432,-0.68289477,1.12671745,-0.30306426
2,0.112000,foot,2,-0.52412575,0.04056787,-1.11692429,-1.28664935,-0.62823439,-1.30646789,0.65973693,-0.00609262,-1.41934824,-0.42421561,0.20097831,0.83229244,-0.46707943,0.07042171,0.92136836,-1.99561906,-0.90205282,1.98593295,0.59431678,-0.81460035,0.22137380,-1.64405859
2,0.116000,foot,2,-1.49156857,-0.36147097,1.72489679,-1.24935758,-2.20727658,-0.23471278,-0.90492576,0.26130766,0.01718818,-0.70313942,1.61117494,0.61799896,2.70200825,0.48764336,-0.86777711,0.16016190,-1.42976248,0.72175413,-0.75251037,1.81678736,-0.27542791,2.09350777
2,0.120000,foot,2,0.43497941,0.12975942,-0.97347730,-0.93600208,-1.41060996,1.05140841,-1.07810009,-0.44118166,1.36001110,0.54288304,0.52366298,0.08128650,-0.93829495,1.10258591,1.24760222,-1.27523172,0.06565523,-0.17499158,-0.37545726,-0.37108809,-1.11774671,2.44689131
2,0.124000,foot,2,-0.06928425,0.86630201,0.32843456,-1.05764472,-0.71809554,0.62866139,1.39865839,0.74547046,0.96777982,0.36975923,0.34159398,1.26975918,-0.63294208,1.69317901,-0.10681582,1.69158375,2.27716780,2.54585624,-0.14303064,0.90548384,-0.19671571,0.80922896
2,0.128000,foot,2,2.06200504,0.02984876,1.69855809,1.69151342,1.17394996,0.63796270,0.88483977,-0.20157747,-0.67370105,1.33194745,0.83332109,1.14637017,2.09773231,0.65813738,-2.02007866,-0.59961581,-0.55162811,-0.56357771,0.06052713,1.17539012,-1.20600665,-0.63383251
2,0.132000,foot,2,-0.84391487,-0.44278118,0.46810091,-0.32429194,-0.46339488,2.54265976,0.53494245,-1.01997411,0.39390385,-1.35652220,0.01117671,-0.35816488,-0.05998861,1.61628711,0.91951227,-1.31304479,-0.94122523,-0.93096119,-0.00831118,-0.91463852,0.75837219,1.00321007
2,0.136000,foot,2,-0.41652706,-0.33311701,-0.86376446,-0.33069360,-0.70379037,-0.66815418,0.04136103,-0.80245376,-1.74530351,0.54434693,-0.51746339,-2.71870685,-0.06170422,1.04614913,0.67383003,0.98884469,-0.85108423,0.11961263,2.10652065,2.03728247,0.18084502,0.12009776
2,0.140000,foot,2,0.30212685,-0.78795654,-1.34821272,1.06419516,-0.73254395,0.34580800,-1.05434334,0.22659032,-1.40450525,0.09232081,0.07855985,-0.06165370,0.17747411,-0.75856280,-1.02426445,-0.63335395,0.65641606,0.74299574,0.72768146,1.20664608,-0.13491866,-1.52579105
2,0.144000,foot,2,1.36798072,-1.73607588,-0.63553840,0.50648201,-1.37238097,1.80471563,0.90302062,-0.40418518,0.12328286,0.34392506,0.48035035,1.38413179,0.07047047,0.11861909,-1.29526734,-0.92318887,-0.03762758,-0.63779432,0.13371006,0.65104955,-1.08507061,-1.35660923
2,0.148000,foot,2,0.88944304,-0.53831565,0.55977571,0.98646057,-0.16655737,1.54092646,0.30071399,-0.23271334,0.70607418,0.29981714,-0.18817747,-1.66600585,2.43383265,-1.07924652,-0.77833313,-1.61215770,1.04691339,-0.99248964,-0.11978973,-1.37352383,0.85971934,-1.62874293
2,0.152000,foot,2,-0.72363049,0.31554839,-1.33661067,0.09806444,0.53762168,-1.58768165,-0.00756728,1.10603988,0.64147520,1.24332488,0.43170837,-1.91881657,-0.49407679,-0.39785755,-0.39147228,0.33097988,0.11396738,-0.73038107,-0.56907600,0.24956271,0.44723994,0.14414489
2,0.156000,foot,2,1.52194381,1.02806807,-0.18517759,0.12832725,-0.33865741,0.22972634,-0.29906118,-0.97965795,-0.15442570,-0.84144574,0.07470702,0.64521283,-0.51971942,-0.01680593,-0.63001746,-0.24010050,-0.01504895,-0.79067767,-0.00693109,-0.25254467,1.19578004,1.02444446
2,0.160000,foot,2,-1.20172358,0.62477267,0.43922338,0.10331114,0.21826456,0.87604320,0.37946108,-0.19087860,0.66892689,-0.12162554,-0.11790004,-1.15506327,-0.25404754,-0.96733278,1.39420187,0.65590614,-0.54953068,0.49123403,-0.88973987,-0.78447932,1.32091069,1.06282115
2,0.164000,foot,2,0.79637092,1.78880644,0.10472210,-0.20876098,-0.93464404,-0.95865726,0.76957655,0.11516340,0.95643753,0.69593465,-0.35159993,0.29523960,0.97595859,-0.76469415,0.10117532,0.36891392,0.16859517,1.70176828,-0.29466212,-1.74165428,-1.43684506,-0.93059778
2,0.168000,foot,2,-1.84679997,-1.18960130,-1.27285051,0.71770120,1.22991824,1.50434697,0.82508278,0.35844991,-0.78205848,-1.71334243,1.43742037,-0.05496147,0.12746069,-0.19786614,-1.35959876,-0.06217462,-1.27750051,1.33802795,-1.93111169,0.62979001,0.80128139,0.51998955
2,0.172000,foot,2,-1.31839669,-0.87732095,0.43808597,-1.13530433,-1.08326495,-0.80398804,-0.97520745,-1.27158129,-1.58166754,-0.12552527,1.23041582,-0.28851378,0.97418249,0.04190952,-0.74272662,-0.06929829,0.47668990,-0.37672797,0.00312775,-1.21819437,-0.05233938,-0.57596499
2,0.176000,foot,2,0.23660013,-0.07473359,0.26637828,0.15525232,2.08849239,0.60542363,-0.54251707,0.58875155,-0.29371834,-0.07858057,-1.62619245,-0.24971847,0.06437144,-1.44085908,0.97714990,-1.91552341,2.93729234,-0.14726213,-1.96208894,0.33752945,0.72985458,-0.62314153
2,0.180000,foot,2,1.18261826,-0.17944743,-0.92863542,1.13225329,0.55229169,2.02213645,0.65552074,-1.12620223,1.37997961,1.36761117,-1.69721425,-1.45705950,0.28547338,1.00009608,0.63273060,-0.61171860,-1.15461385,-0.51078665,-0.54370236,-1.35843313,-1.24974871,1.89785063
2,0.184000,foot,2,-0.30972964,1.45281148,1.17222536,0.15610860,-2.51615572,0.29374903,1.83859849,2.27197480,0.57433730,-1.30668938,-0.71390057,-0.01553493,-0.34226421,-0.22209965,0.90733314,0.97337943,0.95565557,-0.51974928,0.16254222,0.11838051,-0.74056906,-1.87718296
2,0.188000,foot,2,0.17330979,-0.82184935,1.76317191,0.49897322,-0.84806591,-1.13490522,1.07332873,-1.00923669,0.13700493,-0.19740145,-0.31473213,1.62265003,-0.74571490,0.35479653,-0.50301456,-0.44627225,0.61418796,-1.76731217,-0.61890829,0.74858886,0.59743273,0.13536063
2,0.192000,foot,2,-1.23588455,0.52274442,-0.16649778,-0.45885384,-0.26404795,0.65251052,-2.03624415,0.76915032,0.04868142,0.90104848,0.75802583,-0.41002196,-0.01995216,-2.45921850,0.18610090,-1.01334417,-0.19839357,0.20760098,-0.49067250,0.62772089,0.43791834,-0.75788039
2,0.196000,foot,2,0.43368185,0.92941397,-1.06699729,0.41575047,-0.14964411,-0.61486632,-1.10925651,0.65472943,-0.45339718,-1.18032157,-0.22235294,0.79339868,0.39938077,-1.10083210,-0.89724255,-1.33655071,0.41193953,0.17887172,-0.10485495,-0.40244696,-0.30047673,-0.65558040
2,0.200000,foot,2,0.41587636,0.06349210,0.33600748,1.38740921,-0.48956189,1.08079541,1.34257650,1.03748214,-0.28671479,-1.20298588,-0.14339511,-0.92730129,-0.04864725,1.76025748,-1.10311055,0.91466522,-0.02007168,0.10490235,-0.50937563,0.66052699,0.10584745,-0.38859424
2,0.204000,foot,2,3.11442184,-0.51038653,1.63507259,0.05362424,1.07438421,-0.38071817,-1.34900582,1.41952646,-0.29229474,0.95803541,-0.60402298,0.90163600,-1.20495212,-1.10769439,-0.25941241,-0.15245605,0.34735250,0.46215117,-1.94024682,-1.12671220,1.57354295,-1.13610411
2,0.208000,foot,2,-0.06341358,-0.79913753,2.01904058,-0.70298868,1.05750608,-0.25678226,0.55795693,0.29443926,-0.99379575,-0.48664668,0.25636193,-0.27257380,0.46091685,0.22351247,0.88819319,0.79321682,-0.53532642,0.67106682,-1.50777209,1.76110601,2.69720316,-0.18110281
2,0.212000,foot,2,0.77478498,0.40985027,-0.70988673,0.69711959,-0.28596625,-0.37235424,-0.58890122,0.09384888,-0.12186214,0.27442160,1.81646872,-0.45427173,-1.64038587,-0.94734132,0.75412881,-1.52646983,0.79198742,-0.76353568,0.27077579,0.37994307,-0.83175677,-0.21794543
2,0.216000,foot,2,0.34941971,1.10269630,-2.23676825,0.26402649,-0.58609229,0.09420136,-1.12885535,0.30781931,0.23742525,1.47085845,0.02835549,-0.01548742,1.73725569,-0.36728823,-0.20966998,0.10767291,0.71471864,-2.17223692,-0.32614443,0.00359936,-0.69511324,0.46759585
2,0.220000,foot,2,-1.48179364,1.56741858,1.03078079,-2.02036738,-0.23733781,-2.21055460,-1.29771471,-1.35235560,-0.07077275,1.23351538,1.85709894,2.32565904,0.13436596,1.53666925,-0.89321166,-0.60546774,-0.65573370,-0.42867148,-0.03216600,0.33661273,-0.23752983,-0.48303738
2,0.224000,foot,2,0.78001368,0.33198151,0.71252441,-2.43788886,-0.00811340,1.08331645,-1.61283481,-1.16952229,-0.32408342,0.93844151,-0.52861041,-0.60631084,-0.37691015,-0.65946031,0.31646761,-1.45231152,1.24227750,1.87403488,-1.32121027,1.37497032,0.19188336,-0.84164476
2,0.228000,foot,2,-0.95793521,-0.00015322,-0.51860529,0.38922662,0.58589494,-1.97145319,0.54546791,0.69013304,0.27045658,-0.14330669,2.31832194,-1.31675637,1.07205355,-0.41815975,0.93133283,0.32250029,1.37181664,0.08260521,-2.16231441,0.04309221,0.17955609,-1.29766834
2,0.232000,foot,2,-0.57027799,-0.77481413,-0.86054891,-0.34226099,0.61317599,0.66177559,0.79707289,-0.16683939,0.66412401,1.55179155,1.90794694,-0.26121756,0.81731272,-0.36083105,1.69169271,-0.94657463,2.06451106,0.09452163,0.34549594,-2.21259046,-2.02488542,0.29476869
2,0.236000,foot,2,0.44428772,-2.20466948,0.89320976,-0.27026787,-0.48439255,0.78645027,-0.31548494,-0.17432594,2.64820743,0.74756968,-1.00283933,-0.76539123,-1.13211656,-0.08391347,-0.65613997,0.35162634,-0.07363363,-1.26477182,2.08133149,0.67397106,0.01613048,1.07093942
2,0.240000,foot,2,1.25491083,0.33590227,-2.63759303,-0.28566584,1.40555894,-0.90642071,-1.18623233,0.58232647,2.08760142,-0.14426149,-0.55997539,0.75445276,0.63993055,-1.66768026,0.22283027,1.11540222,-0.91971093,1.84653497,-1.15673888,1.39204204,1.20846546,-1.69484735
2,0.244000,foot,2,0.40616709,0.41303450,0.14092782,2.93259358,0.45995167,0.76864994,-0.61192155,-0.75892842,-1.09189487,-0.40087119,0.45490929,-2.02253699,-0.43076912,0.23316762,-0.50318074,0.53854179,-0.27377424,-0.45450330,0.36274624,0.67348903,-0.42810026,0.80328131
2,0.248000,foot,2,0.59168112,-2.21995997,0.93283737,0.16689089,0.02501497,-1.44568741,0.90582222,1.06658590,0.85000885,1.04370761,0.80687386,1.48995531,0.51339573,0.24612615,-0.87558198,0.69510227,2.41169453,-0.95148689,0.18494049,-1.70164442,-1.54158092,1.55470622
2,0.252000,foot,2,-1.21431196,-0.84854782,0.78219044,1.18568516,-1.22151327,-1.74972403,0.74573225,-1.34367180,1.07952797,-1.51642799,0.97751552,-2.23631620,0.32004553,1.15425873,-0.47418466,0.07594647,-0.49579179,0.14324349,1.43998265,-0.32583940,-0.06710120,-0.32068759
2,0.256000,foot,2,-0.12081118,-0.54508245,-1.49762511,-1.06619895,0.57382220,-0.43295658,-1.21346426,1.42483330,0.43797144,-0.64077812,1.34291363,0.70902222,-0.01090229,1.02380347,1.49439907,-0.66860139,-2.23484898,0.90131450,-1.32998598,-0.95282894,0.02920083,0.55414659
2,0.260000,foot,2,2.40706158,0.07028856,0.23079498,0.09862147,-0.24398661,0.96549749,-2.09302640,-1.14121294,1.64009893,-0.12551761,-0.36535820,0.10438098,0.80085033,-0.59898710,-0.62739503,-1.08390880,0.17086427,0.33280221,-0.45700023,-1.80286407,0.38543218,-0.07181251
2,0.264000,foot,2,-0.25571305,0.28327408,-1.68717039,0.61705077,0.79927522,0.45306638,1.29527330,0.18965267,-0.79896218,0.99329633,1.45401657,1.50207412,-0.48353347,0.51188922,-0.63729823,0.23458281,-0.79594094,-0.37079695,-0.72543788,0.13987714,-1.17512119,-1.74919462
2,0.268000,foot,2,-0.09706221,0.36839879,-2.51761150,0.91324282,0.51676136,0.18453357,1.62335944,-0.60232842,-0.34088117,0.35372394,-0.25370911,1.02315176,-1.49852824,0.22016031,-0.20594932,-1.12903035,0.08227834,-0.50102329,-0.56575090,0.45665216,-0.31119123,-0.38249242
2,0.272000,foot,2,-0.93869776,-0.77591860,-1.18167913,0.23411442,-0.93239295,-1.10748374,-0.43921623,-0.14879239,-0.91405189,1.03213227,-1.57209182,-0.37793010,0.12660927,0.52778620,-0.47504133,0.36839995,-0.22429635,0.06699077,2.24762630,0.76609427,1.11445749,-1.58945072
2,0.276000,foot,2,0.06669762,-0.43785048,0.63279468,0.44087741,-0.15748771,1.13918400,1.60771930,-0.14894775,-0.37628680,1.69717145,-0.89639717,-0.36199534,-0.08461867,-0.22795585,0.14332774,-1.06015158,-0.51945049,0.29544583,0.79219919,0.18439977,-1.05112195,0.36438495
2,0.280000,foot,2,-0.79621750,0.85873961,0.25799042,-2.00138855,-0.94093072,-0.79099011,-0.78927892,-0.32853958,-0.34345871,0.96819615,-0.41624510,-0.40787482,-2.18304586,0.03560431,0.21353829,1.12036347,-0.67332542,-1.24284887,0.50097018,-0.53875029,1.05678809,1.36752629
2,0.284000,foot,2,1.02605820,0.88970470,0.49116355,-1.89959657,-0.33293054,1.85671401,-1.20924973,1.31698287,-0.47854835,-0.39146557,0.71971357,0.12952055,-0.52865088,-1.40520322,-1.22610509,-0.15265276,1.89570057,-1.36391187,-0.17509593,0.23450017,-1.51114559,-0.99045551
2,0.288000,foot,2,-0.21687728,0.78519911,1.18132651,-0.72119689,-1.14580965,-2.35739946,0.99830312,0.25331479,-0.02989381,-0.32661077,0.33583486,-0.31037113,-0.48691377,-1.34170091,2.62303495,0.76773268,-1.59415126,-0.03540686,-0.39628163,-0.43036908,-0.67546117,0.71625501
2,0.292000,foot,2,0.27246144,0.02472059,1.12181842,0.66289812,-0.53313881,-0.88760769,-1.37870049,0.82993716,-0.02348206,1.40592289,-0.10591583,0.82004708,0.07692596,-0.36277720,-0.27085131,0.29496145,-0.23205473,-0.52815044,-0.43707523,-1.34394336,1.79702818,-0.21287674
2,0.296000,foot,2,-1.53323889,0.30821624,0.33054388,0.32227555,0.34353212,-2.01456690,0.16632792,-1.39568901,-0.06525352,-0.67969763,1.11829698,1.48156381,1.64212763,0.32671890,1.31891739,-0.08238480,0.43449506,-0.05345819,-0.57898968,1.68893111,0.20247468,-0.65217644
2,0.300000,foot,2,-0.29741323,0.46618089,1.44989204,0.86988330,-0.61729854,0.69118685,-0.52197391,-0.42427179,-0.05439992,-1.85838985,0.03420959,0.50621301,0.25208071,-0.15202616,1.21270669,0.40257254,-0.13404636,0.88618857,-0.75192422,-0.68512291,-0.31782666,0.58516151
2,0.304000,foot,2,-0.57875443,-0.09246214,0.15690175,-1.05558133,-0.20656019,-0.55757147,0.66231644,0.17402492,-0.59495187,0.38109300,0.10993610,0.24717294,-0.34032845,-1.28024900,0.00258012,-0.15462060,0.31232697,-1.96035075,-0.19977413,0.42872697,0.65084553,1.20551312
2,0.308000,foot,2,0.23960198,-0.64637816,-0.05473591,-0.21348704,-1.30297995,1.56419384,-0.33756769,-0.73202473,0.45170194,-0.91590822,1.36024177,-0.41283587,2.52130461,0.62842619,1.29207683,0.61198229,0.39952120,-0.61154932,1.25427878,0.00891962,-0.32581082,-0.62960845
2,0.312000,foot,2,-0.38522074,1.12407899,-1.74620330,2.29517770,-0.77459908,-0.38647568,-0.07341413,-2.10795403,-0.51664639,-1.04957581,-1.32347965,0.09141523,-0.28013158,-1.32784045,0.39224803,2.00288010,1.33966660,1.66919863,0.41736382,-0.13542111,0.79467160,-0.73723459
2,0.316000,foot,2,0.53085029,0.07586937,-1.09860599,-2.39554071,-0.12793460,-0.69667101,-0.68343532,0.61865854,0.84808111,-0.35658473,0.75446069,0.69668329,0.87100780,1.39040673,-1.45770514,-1.81922615,0.51013368,-0.78012919,-0.07900357,0.19185051,-0.42138827,-0.96921504
2,0.320000,foot,2,-0.06542560,0.79322690,0.01760809,-1.11196923,0.05880892,-2.17344475,0.70865345,-0.96409386,-1.94977760,-0.67613542,0.25943092,-1.56984377,-0.87425262,0.84766394,0.43213570,0.33449864,-0.36992723,1.21363449,-0.22644839,-0.65442955,-0.59440547,-0.57443380
2,0.324000,foot,2,0.72085834,-0.29552409,1.21331561,1.04603577,-0.89006025,-0.60875130,-0.91736352,-0.10127817,1.37527609,0.60757941,-1.11093688,-0.01274093,-0.81718528,-0.83423197,-0.10094220,-0.11990765,1.22023368,0.62744904,1.03733468,1.22625864,1.36011946,0.03183249
2,0.328000,foot,2,1.55044162,-0.08376846,1.26625228,0.13112831,0.21356860,-0.25757995,0.33176875,1.14347327,0.47234568,0.37514874,1.10569632,-0.80707550,-1.62623656,1.61746454,0.53956819,-1.80455494,-2.93125343,-2.44227266,-0.15445182,-0.34246424,-0.45002314,-1.45564997
2,0.332000,foot,2,1.99588954,2.99834490,-1.60528958,0.16620381,-1.34856594,-1.42988110,0.70724326,0.04862778,-0.95779699,0.18243204,-0.57483411,1.21427715,0.37549186,1.31088078,2.14798713,0.86498481,-0.15694170,-0.73463148,-0.53160560,-1.00716650,-0.44036326,-0.30429062
2,0.336000,foot,2,0.09517156,1.21705496,0.99708003,1.14437759,-0.22859810,0.45844859,0.17369096,-0.82179171,-0.06122579,-1.57810128,-0.80272496,-0.33271372,-0.44972730,-0.58158040,-0.83994943,0.02860778,-0.06281585,0.13958557,-2.39297557,-0.54674715,-0.84826064,0.49090809
2,0.340000,foot,2,0.20439738,-0.02806128,-2.60616970,-1.44174099,0.93433750,-2.83770347,1.10405517,0.75594407,-3.34194136,-0.00343515,2.39520097,0.28894699,-2.38952589,0.07996581,0.52659333,-1.92194498,0.70912915,-1.34618521,-0.95896447,0.99338692,0.24450147,0.23408693
2,0.344000,foot,2,2.07913685,1.16650689,0.80207771,-1.22499382,0.60846800,-0.12314013,1.35369372,-1.92658150,1.36769974,0.16466920,1.13659608,0.14327285,-0.24417657,-1.02364624,-1.00985062,-1.05539072,1.43197095,-0.27325538,-1.10087824,-2.23054981,0.28385362,0.82729340
2,0.348000,foot,2,0.55140662,-1.03066826,-2.18269610,-0.71211022,-1.90187919,0.02043244,-0.67565471,-0.10936627,0.40371609,-0.07819055,-0.29122141,-1.47000635,-0.01058659,-2.05394006,0.22473547,-0.90848452,-0.09399781,-1.64591718,-1.61190212,0.51123023,0.23377764,0.19454342
2,0.352000,foot,2,-0.21114962,-0.16209573,-1.26632905,-0.09392291,0.46621096,1.13750958,1.13362014,0.47970912,-0.24066195,-0.16584830,-0.59941113,-0.14061633,-1.87418270,0.09456448,0.02838173,-1.91687894,1.44092023,-0.26259333,-1.18459249,0.31970716,0.52233696,0.58657956
2,0.356000,foot,2,-1.01863062,-1.06107545,-0.36523315,-0.04648316,-0.69699603,0.35334393,1.06107199,-0.18017110,-0.45668975,-2.45602107,-1.06186366,2.27891374,0.20641480,0.44721892,-0.81430364,1.16022277,0.00301344,-0.13894616,0.80492502,-0.20483381,-0.33599696,0.88778782
2,0.360000,foot,2,0.08379655,0.62300342,-0.77322519,0.88938504,0.52207774,1.79245949,0.19820380,1.63402116,-0.01271849,0.32034555,0.11523573,2.26384211,-0.81910586,0.58197051,-0.36803094,0.23635757,-0.13043511,0.31210151,0.76731110,0.36108753,-0.01249366,-0.93653911
2,0.364000,foot,2,0.47079894,0.48120484,-0.12959521,-0.29340029,0.26607746,-0.38417661,-0.59270424,1.25613010,-1.48928988,1.55999494,0.34147981,1.03062308,-0.26374778,0.13545017,-0.31982517,0.85864276,1.40803611,0.89369106,-0.69985116,1.18963492,-0.13665362,0.58503139
2,0.368000,foot,2,-1.06963193,0.38058537,1.61923599,0.28901798,0.83800685,-1.09315991,0.77855217,0.92639041,-1.56655753,-0.52956134,0.54840618,0.13727391,0.42521203,0.74696684,1.47955835,1.39288807,0.37817919,-0.76030165,-0.33890545,0.77914172,-0.07768112,0.14022897
2,0.372000,foot,2,-0.43254918,0.39264855,2.41111112,-1.41860986,-0.17045093,0.78913587,-0.98887360,0.88906407,2.02196455,-0.29368937,1.04628980,0.56338221,0.12101219,-0.88929033,-1.89895129,0.09145124,-0.79291964,0.26017854,0.67681807,0.57178348,-0.06884263,-0.13705049
2,0.376000,foot,2,0.31212381,-1.09437275,0.64504302,0.39009702,-0.34813508,-0.73806870,-1.06342721,-0.40789947,1.23179746,-0.95425791,-1.09890485,-0.71420860,-1.22193050,-1.64862323,-0.91638952,1.26249337,-1.38220632,-0.13287844,1.00089002,-0.52629769,0.89212108,-0.03072102
2,0.380000,foot,2,-0.75933111,0.79378170,0.86699700,0.76301640,-1.23533928,1.00031316,-0.69707936,0.92100805,-0.35393724,-0.04964304,-2.23372054,0.15966892,0.09797905,0.97720945,-0.35259253,-1.24336946,-1.83585835,0.22541744,-0.05288795,-0.56627393,-0.22492161,-1.70769024
2,0.384000,foot,2,0.60148382,1.70607054,-0.70559549,2.08309603,0.46745864,0.15649724,-0.85175020,0.46144667,1.45220006,0.22750141,-0.09344295,-1.92562091,0.36147815,-0.19553931,-1.05072820,-0.19525170,0.20642893,-2.27982521,0.66359246,-0.50090587,0.62289762,0.60763466
2,0.388000,foot,2,-0.64416295,-0.28407902,0.27942380,2.10898256,-1.19627583,0.39221379,2.21227407,0.73623818,0.23412460,-0.33076093,-1.31064296,-0.85504496,0.82036531,1.46109164,1.31883502,-0.06338362,-0.79677951,-0.33044267,-0.35850278,-1.84580815,-0.86344749,-0.68137962
2,0.392000,foot,2,-1.95345581,-0.28824732,0.98395711,-2.48928452,1.23791051,-0.72726738,-1.66064084,0.39105511,-0.94787902,1.28514051,0.45674276,0.40115914,-1.00612307,-1.17257154,0.24412739,0.19105840,1.22709835,-0.71621668,0.55216062,1.04727590,1.92439985,-2.71214914
2,0.396000,foot,2,-2.59682202,-1.90583658,0.80913848,0.04594786,1.24798810,-0.46716586,0.81299829,-1.12345719,-0.00092550,-0.10102864,0.78158468,-1.02309561,0.87720680,-2.03501701,0.47044888,-0.20863582,-0.60652709,1.39549601,-2.03370070,0.70669675,-1.52189624,-0.83280355
2,0.400000,foot,2,1.25919974,0.90715998,0.63507533,0.03369130,0.63504505,2.76827550,0.26585165,-0.52502042,-2.55189943,-1.12050354,1.41671312,-0.43308234,-0.61248738,2.56575441,0.03651810,0.49880552,-0.35427755,-0.44907904,0.63770747,1.09137607,-0.32538787,-0.02581356
2,0.404000,foot,2,0.35464233,0.42127141,1.26802790,-0.41187409,1.94425964,2.14338088,0.86316282,1.00104523,-0.82463425,0.21571818,0.18139589,-0.62181860,-1.06594586,0.33249941,-0.53571159,-0.80434084,0.11500777,-0.50205648,-0.45703939,-0.25824431,-0.44021565,1.08891833
2,0.408000,foot,2,-0.50158602,0.69652081,-0.40723389,1.40650141,-0.27534834,1.27278042,0.20715764,-1.09426451,-1.37080014,1.11739767,0.33946735,0.90800411,1.52167988,1.25646389,-1.21364403,-1.86584163,-1.55015528,-0.62594652,0.25998139,0.34475547,1.22346497,0.87488657
2,0.412000,foot,2,1.11165357,-0.80597287,1.47582686,-1.88004422,-1.48914468,-1.28156650,-0.24101965,1.36785781,0.43337804,0.19346958,-1.19513977,1.99808514,0.46582040,0.32601210,-0.05180997,0.63830346,-0.05260503,1.30366802,0.76424336,-0.86494213,1.35490227,1.15968370
2,0.416000,foot,2,-0.16010915,-0.09047843,-0.23092467,-0.60938323,1.00000024,0.06817186,0.11549526,0.54732525,-1.23252058,0.18943575,-0.83352906,1.72366893,0.95978022,-0.72967553,-0.42471021,-0.05356882,0.34165430,0.01925200,0.70258874,0.65466458,1.28083992,-2.36514568
2,0.420000,foot,2,0.47025025,0.52626634,1.57744575,-0.39868322,-0.98946321,0.56914794,-0.85445368,0.19558839,1.89643526,1.10548007,-1.90821803,-0.04089717,0.06412999,-0.10123263,-0.21021719,-1.70732808,0.95706588,-0.69263673,1.07281280,-0.91975492,-0.32760394,1.50502682
2,0.424000,foot,2,0.83436298,0.22020593,-0.11196280,-0.70970911,-0.08749301,0.80189633,0.84093589,-0.08601674,0.60146511,0.58923078,-1.40020633,0.13187714,1.31783342,-0.06530713,0.19352338,0.46761104,-0.11353725,0.44030502,-1.08930635,-0.75317454,1.09507763,-0.24050941
2,0.428000,foot,2,0.12923048,-1.84970570,-0.20683625,-1.48217332,0.21215552,-1.72075081,-1.03047144,-0.06490291,0.81919855,-1.32092440,0.20214818,0.83249444,0.61386383,-0.39984301,-0.77835870,-1.19598901,0.03028445,0.12614426,-1.33372760,1.28890061,2.09431076,2.03416967
2,0.432000,foot,2,0.15206522,0.52499646,-1.22508597,0.20884107,-1.35777390,1.13313222,-0.69398689,-0.14999099,-0.36710748,0.61637843,1.16572118,0.31570569,0.60284299,-0.02511524,-0.11240453,0.78423679,-0.15789111,-1.27665007,-0.51582056,-0.80308706,2.37954545,0.11762659
2,0.436000,foot,2,-1.68632066,1.18539643,0.45063239,-1.08892632,-0.07560113,-0.48542675,-0.06814890,1.31807590,-0.94226807,-0.62509388,-0.23913439,0.13722526,1.33572757,-1.90340030,-0.17790610,-2.37520647,1.76491416,-0.63611913,-0.50369227,-0.78325486,-1.42366016,0.16956958
2,0.440000,foot,2,-0.06258537,2.74075651,-1.15660894,-1.46231723,1.50077403,1.56195235,0.45526612,0.96934301,1.77657509,-0.02321605,-1.34988439,-0.82051271,1.54027295,-0.57514083,1.30697823,-1.22855747,2.19540143,1.17650008,-0.51156199,-1.03600180,-1.61396575,-0.20993154
2,0.444000,foot,2,0.10039346,2.10889268,0.43173379,-0.68046594,-0.58730859,1.21573567,-0.98730642,2.06896210,-0.51462656,0.20560208,1.14181602,1.77516389,-0.00303083,0.87619025,0.59537357,-0.64916170,-0.77613187,-1.18394744,0.03356454,-2.99216604,2.12916875,-0.50587898
2,0.448000,foot,2,-0.36561823,0.96812373,-1.57142389,0.90510786,0.42274693,0.11942938,-0.57280183,0.58870924,0.91686088,0.82879937,-0.10165406,0.06020188,0.13920999,0.93269449,-0.23726131,-0.97746307,-0.10089286,-1.80897272,-0.05555574,0.29428428,1.23795831,-0.71583462
2,0.452000,foot,2,-1.19410765,1.02797174,-0.02919768,-1.81149709,-0.20882840,-2.42424488,0.62093216,2.16431642,-1.04488003,-1.71614313,1.00187111,-0.03894848,-0.97354066,-0.20724484,0.62803400,-0.99463695,-1.02164257,-0.21457081,0.39814901,-0.54843974,0.73959190,0.20045111
2,0.456000,foot,2,-0.51314992,-1.60338843,0.77728415,1.19377196,-0.18899566,2.46604061,0.52855897,0.15779054,-1.48702073,0.84270251,0.06821229,0.84806997,-0.16134866,0.99468321,0.25390404,2.55305529,-0.41414422,1.82496083,-0.26325208,-0.09431036,0.02800032,-0.10335194
2,0.460000,foot,2,-1.01077509,-0.18550004,-1.19097137,1.34080637,-0.65377051,0.39214292,0.29457697,0.68096232,1.18564212,0.50503093,1.13747144,-0.30401030,-1.88063490,1.32431626,-0.19937281,2.07561016,1.08482206,1.07674956,-1.07347167,1.29962397,-0.44757923,0.17723291
2,0.464000,foot,2,0.47567087,-0.79728884,-0.85019153,-0.29921427,1.25801873,2.09007335,0.18961644,-0.47898328,-0.56435633,-2.43248129,1.40922427,-0.96232229,-0.51738703,0.70147705,-0.17261729,0.11344995,0.07909033,0.38440484,-1.17687178,-0.52323949,0.48562723,0.12199869
2,0.468000,foot,2,0.49357519,0.85040319,0.70080054,0.64082652,-1.20155871,0.33830747,0.87600505,0.18465798,-1.81275392,-0.14722104,0.14041658,-0.19126795,-0.06283893,1.79444313,0.17835099,-2.32354975,0.12767605,-0.15281290,-0.55504906,0.69646239,-1.83927143,-0.09928473
2,0.472000,foot,2,-0.33953974,-0.30027616,-1.41180873,-0.28078318,-0.59870446,-0.94675839,-0.83850545,1.23235357,-2.76080942,1.64506876,0.86353773,-0.73065197,0.54101652,-0.67110384,-1.18762958,1.20539320,0.95881575,-0.67529202,-0.37505180,-0.26197746,-0.22727767,0.05478191
2,0.476000,foot,2,0.60173494,0.87061006,-0.96872741,1.07629800,-0.06214825,-1.16119969,0.74246591,1.59165347,-0.31950614,-0.48308828,-1.52237642,0.08926543,-0.09466870,1.45732164,-2.41983676,0.03385429,-0.92251557,-0.14619118,-0.86585981,-0.54574114,0.12921818,0.37192574
2,0.480000,foot,2,-0.03853007,0.15105481,-0.44104666,0.33520302,0.26638860,-0.58766776,-2.49520493,-1.25572526,2.44198155,-0.82950950,-0.81713945,0.71631157,0.93968987,0.41190451,-1.47957647,-1.09353125,-0.11740068,3.14964318,0.95311075,-1.56334376,-0.82634574,-0.83284712
2,0.484000,foot,2,1.10897720,1.74947369,0.08880917,-0.43224347,0.91090214,-0.47499529,-1.76152802,1.19698966,-2.03535056,-1.17131054,-1.11831355,0.77996069,-0.77345562,0.72342873,-0.59370363,1.92885900,1.21404552,-0.83352047,1.06578183,1.23843682,-0.79306644,1.09908426
2,0.488000,foot,2,1.16288984,1.69113433,1.27233231,-0.30773911,-0.66502464,0.79690623,-0.08174119,-0.43950462,0.83095163,-1.02076387,-0.32111511,1.45915949,1.61653304,-0.03508763,0.80954260,-1.81710649,-0.45848912,-3.01049089,-0.63642526,-2.39930010,0.96983677,-0.34891000
2,0.492000,foot,2,-0.45337826,-2.04291058,0.37221256,2.20878243,0.88301098,-0.96432751,-0.05159403,-0.35961273,-0.98401099,-0.19334279,0.79147941,0.77515942,0.11153439,0.55443627,0.39306563,-1.03633440,0.78625733,-1.01114249,0.24432816,0.92840260,0.07138266,-0.47668195
2,0.496000,foot,2,0.60050827,-1.02525127,-0.00854272,-0.14705192,2.66045046,0.11565237,1.06073773,0.54964930,-0.76984763,1.02608490,1.25988352,-0.20146681,-0.94022542,0.12004756,1.93206573,1.38213921,0.12342195,0.11482918,-1.18929267,-1.38942838,0.02995812,-1.13990700
2,0.500000,foot,2,0.92190570,0.05289387,-0.03084836,-0.23367135,-0.42825100,-0.98134768,-1.14912176,0.06543961,1.08458018,0.29113787,-0.14061503,0.32958034,0.90986776,-1.46542966,0.02218180,-2.10693169,0.22787970,-0.46601984,-0.24246758,1.01163149,0.99269795,1.18914831
2,0.504000,foot,2,1.41007924,-0.50432426,0.31182796,0.52152997,-0.72324312,-0.65428704,1.12175310,-0.96751469,-0.46786356,-0.49329069,0.79275256,-1.00314653,0.23869541,0.53631943,-1.98639047,-1.52216506,-0.00978969,-2.08146000,-0.05879818,1.84766603,-0.33279410,0.21064666
2,0.508000,foot,2,0.51362914,1.45310760,1.80077922,-0.85359573,-1.56009459,-2.00293827,2.07315612,-0.55249453,1.27875423,-0.97172314,1.14433873,-0.34096247,0.44904301,-1.25287545,2.71501017,0.33028296,1.87190938,-0.27170154,-0.28698805,-1.83358395,0.36385727,0.17639568
2,0.512000,foot,2,0.52191544,-0.83536768,2.24379754,-1.55780864,-1.93387675,0.53197891,0.39153281,1.25069714,0.44343367,-0.92939758,0.15507381,0.07211775,-0.59449857,0.47845578,0.69228017,-0.59740734,-1.18622792,0.26681226,0.11916025,-0.99560750,-1.60008597,0.46526691
2,0.516000,foot,2,0.21805328,-1.31647134,-0.57455283,-0.81043667,-0.28481343,-1.40531540,-1.38174927,0.32403660,-0.09141801,0.40326667,-0.20156254,1.55657101,-1.75365222,-0.43830228,-0.29677758,0.85666728,-0.72440106,2.12977624,-0.25934258,-2.04473925,-0.25554588,0.00660831
2,0.520000,foot,2,-0.69242567,0.52385461,-0.32709417,-0.46520561,1.54382741,-1.38581562,-0.64201164,0.20463231,1.48982441,0.98820955,0.66629201,0.22319101,0.24327075,-0.69813317,-1.69236398,0.53379387,0.13857742,1.41065204,0.85888165,0.85977733,-1.24697435,0.11855365
2,0.524000,foot,2,-1.09798968,-0.97304624,0.35825792,-1.83524096,0.88454872,-1.09672546,0.57646459,-0.32247746,-0.49820480,-0.32724616,-0.34238109,-0.48383883,-0.14886883,0.73357856,-1.77775729,-0.17350531,-0.73723507,-0.26982725,-1.92347050,-0.36059386,0.81329900,-0.48876983
2,0.528000,foot,2,0.85333687,0.18262893,2.10643935,-0.87533873,-1.02200902,0.51283860,-0.68123049,-0.67280084,-0.27294007,-0.21569340,-0.60009223,-0.11717757,0.79480189,-0.25030449,0.52447659,-0.17397921,-0.06762049,-0.77121896,1.23817134,0.51367539,1.75370419,0.09524490
2,0.532000,foot,2,2.60448360,1.86385930,-0.76668924,-0.23784147,0.61324173,0.60337317,0.62731504,0.85776234,-1.19560242,0.05825024,-0.52064401,-0.18232301,0.13544822,-0.03224536,-1.49765491,0.63484907,-0.32215282,-1.25532460,-1.82925785,0.88430607,0.07879879,1.25916445
2,0.536000,foot,2,-0.07063018,-0.78488135,0.24819538,-1.21518469,-0.27695370,-0.53414035,1.63920462,0.81178916,1.43740904,0.28971365,-0.02847625,0.93142563,0.98414028,-0.33460113,0.45011222,2.22034836,-2.27338743,1.19911480,0.74307966,0.89484143,1.36715245,-0.66898346
2,0.540000,foot,2,-0.65392697,-0.37531561,1.15473044,-0.94388193,-0.31051257,0.20090644,0.46690944,1.51275170,0.23253955,0.79216999,0.30902067,-0.33593100,-0.42796430,-0.70426124,2.01283646,-0.54487091,-0.50803232,-0.59441215,0.78386456,0.56724095,-1.03897750,0.29868779
2,0.544000,foot,2,-0.05723915,-0.30021748,-0.11592691,-0.65320516,-0.63040996,1.44119680,0.60626268,0.64072818,0.35217255,2.61787844,0.13633099,0.05343877,-0.68440282,-1.99001145,0.77617973,-0.44395006,1.03686488,0.23341729,0.45399746,-0.00065950,-0.96432132,1.74210334
2,0.548000,foot,2,-0.95976901,0.12398162,0.14947544,-0.07269202,-0.46876469,-0.97250324,0.51013196,-0.94077164,0.71176797,-0.55531162,0.81127316,-0.64332044,0.60083729,2.17367458,-1.09564936,-0.83539569,0.72613311,0.23952082,-0.52004862,-0.43085551,0.31166905,0.76700342
2,0.552000,foot,2,-0.13820408,0.50639701,-0.24475101,0.55811161,-0.32280448,0.35124201,0.98124081,0.84749806,0.68850130,1.28500760,0.55875289,-0.58625537,-1.92194319,-0.25778350,2.19800949,1.53696835,0.28912440,-1.33733809,-1.07942772,0.50504220,1.79073250,-0.82721907
2,0.556000,foot,2,1.17312193,-0.63299161,-0.06075660,0.92944628,-2.16497612,0.62717211,0.08830695,0.98522532,-0.48782858,-0.14158821,-2.23354101,-1.11209786,0.63062549,2.20930648,0.40826559,0.01263241,0.03124568,0.64059490,-0.59256035,1.40687335,0.82463288,-0.32308432
2,0.560000,foot,2,0.13528480,0.87336445,-1.41576719,-1.18119276,-0.89541501,0.85835111,2.33370328,0.25580293,-1.19418859,0.90983385,0.68532348,-0.20799941,-2.04043269,-0.08560182,0.91112602,1.21141195,1.26066279,0.49740666,-0.05708561,-0.78184175,-0.76121122,-0.23549700
2,0.564000,foot,2,-0.23210524,0.34095058,-0.10836511,-1.11021602,-1.14023995,0.58866495,0.80032086,0.48557714,-1.01924765,0.39726120,-0.89562368,-0.41682154,-2.59437084,0.84728938,1.75884521,1.51713896,-1.13740981,-1.35920334,-0.07116701,-0.18177770,-1.00699985,0.18683109
2,0.568000,foot,2,0.63419425,0.14595762,-1.84718275,0.45548981,-0.40015602,0.33604091,-1.43641281,-1.38137352,-0.73801786,0.04698198,0.07584564,-0.30871493,0.34179655,0.54016894,-1.17811644,-0.32083994,-0.41714910,1.46370924,1.14511430,-0.73375630,-1.13915801,-0.98983634
2,0.572000,foot,2,-0.84478837,-0.92024273,-1.61374986,-0.00607986,-0.30637974,0.16420160,-0.06585492,-0.60844189,0.37910897,0.75580227,-0.39310557,0.68328744,-0.31237340,-0.89954209,1.22950578,1.86897004,-1.02972341,-0.32327074,-0.37353516,0.21663852,-1.71535003,-0.19721471
2,0.576000,foot,2,0.88061631,-1.11319578,0.57139641,0.31695050,-0.28450528,0.10617744,-1.36145532,0.16565560,-0.89562064,0.58598697,0.20570000,-0.65211803,-0.83386445,-1.09452653,1.28945792,-0.01496101,1.05217707,-0.54281795,-0.94035876,1.29454887,-1.30049944,-0.32585436
2,0.580000,foot,2,0.35203400,0.90905911,-0.07974652,1.16712773,-0.61904687,0.85223502,0.82910305,-0.04561938,0.41675222,-0.12463988,0.52363330,-1.17189348,-0.36442542,0.53836173,1.09622085,0.27826408,-1.48582113,-1.95722687,-0.07793125,-0.77509218,0.58731979,-1.40357125
2,0.584000,foot,2,-1.13767934,1.15456522,-0.83682752,1.10703218,0.11387297,-1.73382640,0.56795651,-0.45444712,-0.93202507,-1.08334088,-0.11340011,-0.80229598,-0.37179679,-0.84049463,-1.00994670,0.62294739,-2.25212312,1.30935514,0.83005077,0.01034059,0.87500823,0.45921600
2,0.588000,foot,2,-0.39526305,-2.65362883,1.02516198,-0.02822295,0.63030839,-0.11548190,1.60322273,-0.02381389,-0.40186551,-0.52619511,-0.13869536,0.66385061,-1.76712370,-0.35330129,0.14178309,1.71301556,-0.82133025,-0.37658846,0.09049854,1.20384955,-0.18229564,0.03116684
2,0.592000,foot,2,0.31333894,0.25095749,0.34266776,1.02404201,-0.13947640,-0.81474036,-1.23130095,-0.21619390,-1.03463113,-1.57376528,0.67409146,-0.01657371,-0.40149349,-1.39245701,1.72996175,-1.20654166,-0.34277582,0.05588924,0.05641573,0.30390009,1.58309925,-0.39756516
2,0.596000,foot,2,1.63374746,0.64526069,1.12466490,2.29684424,-0.25574097,-0.46894702,-1.90569305,1.01460361,0.06043491,-1.83004212,1.41938078,0.46507043,-0.91234243,-0.13654117,-2.08294749,0.47526500,-1.48265100,-0.40893447,-0.99355102,1.43765843,-0.49559239,0.18979813
2,0.600000,foot,2,3.38096404,-0.84490746,0.75013834,0.22343835,-1.39860332,-1.59886110,-0.86951089,-0.01620051,1.29903579,-0.04522215,-1.27325320,1.54905081,-2.22294784,-1.59122694,-0.08615375,-0.08796079,0.28374189,0.57370448,0.16011706,-0.58090281,0.06960094,-0.64657420
2,0.604000,foot,2,0.75775814,0.57271421,0.52803922,-0.51978117,-0.09418203,1.02103460,0.29945543,-0.84317118,0.07734676,0.81579071,-2.42047024,0.15970737,-1.26142263,1.08768189,0.04402474,-1.74625683,1.02917385,0.54683906,1.26837969,0.08736534,0.35528508,0.27689415
2,0.608000,foot,2,-0.39326450,0.33064967,1.09088695,-1.26733565,0.55404413,1.56421065,-0.12222960,-0.68947041,0.23854089,-1.07135701,-2.87702155,-0.15055224,-0.36863899,0.60806966,0.50121695,0.80438387,-0.28262144,-0.18737052,1.06192744,0.14837605,0.43645966,0.45501631
2,0.612000,foot,2,1.36333370,-1.91558814,-0.99833310,-0.94030428,1.81273055,-0.43843424,0.21329382,0.29406071,0.15227143,-1.45540202,0.86349547,-0.22215906,-0.63181686,-1.39170003,0.62339199,0.32202542,-0.63333577,-1.94834971,0.55189532,0.57651019,0.12817340,-0.69641536
2,0.616000,foot,2,-1.49866819,-0.59029472,1.44042647,-0.81905466,0.37646770,2.14403272,-1.29694152,-1.08270669,-1.03864932,0.82822919,-0.81049860,-0.88303232,-0.64521194,0.69008917,-0.12480056,-2.04075670,0.00835020,-1.68442965,1.90651286,-0.55242151,-0.48674452,0.99295139
2,0.620000,foot,2,1.15882695,-0.41391554,-1.28939342,0.81223404,-0.16848689,0.51181865,-0.64057112,0.17143162,-0.85006469,2.14863849,0.95306832,1.27016830,0.70039290,-0.94155532,-1.75183606,-1.06274045,-0.20592837,1.19421303,-0.59107858,-0.34828082,0.11307035,1.71981227
2,0.624000,foot,2,-1.07861030,1.85829055,1.40270030,-1.24706721,0.35222745,0.67114776,-1.31836128,-0.89308333,-1.54942036,-0.58549726,1.03235579,0.16909170,1.86871922,-1.52359200,1.21038675,0.49119076,0.19618306,2.13692188,1.81155491,0.78020668,0.68322062,-1.70003068
2,0.628000,foot,2,0.26942903,-1.27083564,0.17750329,-0.35124809,0.64305437,0.34507227,-1.21054506,-1.45781064,0.47438592,1.36948955,-1.19365561,1.45293868,0.93334192,1.91582823,0.02567907,-1.09936643,-0.87920910,-0.96956903,1.81269407,0.01778665,-0.12471700,-1.32396662
2,0.632000,foot,2,-0.22843993,-0.62670749,2.00105786,0.08094553,-0.11650428,1.08451104,0.25792137,-1.04990590,-1.51722622,1.62824023,-0.34269384,0.13714847,0.44677818,1.46589637,-0.69636679,-1.63165784,0.57521045,-0.05663622,-0.37592882,3.19263339,-1.38082278,0.47586799
2,0.636000,foot,2,0.57579458,0.12172893,0.83136654,-1.59343243,-0.41291234,1.01748359,-0.87079972,0.74623692,0.64447165,-0.94396108,1.44816089,-1.04655778,0.62019354,2.60045218,0.58812982,-3.34961700,0.15268385,1.23481011,-0.08867764,1.21572924,-0.55157989,1.46290731
2,0.640000,foot,2,0.04310772,-0.36131853,-0.13722821,-0.63330364,-1.17388451,-1.22651839,0.35217890,-0.18324567,1.38020205,-0.18156238,1.03757393,0.35995722,-1.01037550,-0.50035876,0.52977949,1.09573162,-0.42564449,0.82487452,0.48977858,1.77165294,0.22591916,0.18954787
2,0.644000,foot,2,-1.03062928,0.60407221,1.15006042,0.44270685,-1.76073503,1.67330050,0.15211764,0.21319662,-0.40562066,-0.69810069,0.45825866,1.25252903,-0.36074483,1.23286128,1.32072794,-0.31102097,-1.44691145,1.43969309,-1.74373198,1.15372920,0.21206950,-1.77309883
2,0.648000,foot,2,1.72921145,0.12950993,-1.28076589,-0.14917827,0.15341751,-0.05456891,-1.44124496,-0.03983388,0.67855042,1.05029857,-0.90629035,0.98162460,-0.21714547,-0.47917891,1.22461903,-1.07215512,0.30946854,0.53146541,0.28088677,0.61488801,0.68026757,-2.02851987
2,0.652000,foot,2,1.56829393,0.04322340,1.20716465,-1.77734840,-0.62720245,0.07304785,0.08769509,0.40458360,0.11044900,1.36436760,-1.20938873,-1.18615651,-0.96646816,-0.44879627,-0.99932134,1.42777228,2.27146935,-1.87950671,-0.06090502,-0.94943351,0.27811927,-0.03844646
2,0.656000,foot,2,1.32983303,1.23086369,-1.79093802,-0.58566791,-0.54105204,-0.55232203,-1.22696233,-0.62879288,1.05118024,-0.97774506,-0.20104164,0.87460363,0.16485713,0.86425281,0.04996798,1.32868302,1.01814818,0.52673453,-0.08115390,-0.25619572,-1.16554737,-0.85851842
2,0.660000,foot,2,-1.72861278,0.86102498,-0.30344003,0.60572761,0.08503452,0.70158285,-0.00398539,-1.25688088,1.70538235,-1.06874704,-1.39937639,-0.10878561,-0.69716299,1.59663022,-0.95687860,-1.19635725,-2.19728494,-0.98454034,-1.75507116,0.63565767,0.69827431,0.65589392
2,0.664000,foot,2,1.88168788,0.21365726,-1.03083360,-0.53083551,0.22200473,0.49752334,-1.60176539,-1.33701348,1.73200500,0.58731526,0.33283108,0.18653619,-0.55307239,-0.23322649,-0.40912807,-1.39839923,-1.98831367,-0.71748286,-1.69936538,-0.66864777,-0.70439583,1.04664791
2,0.668000,foot,2,0.18220979,-0.67267698,0.54165387,0.95329696,-0.60437691,1.16492665,0.49510020,0.29184592,-0.07662570,0.33730111,0.21727782,-0.16984451,-0.97968733,-0.45580196,-0.39890164,-0.81736052,-2.28111887,-0.95793331,-1.35362387,1.93142855,0.09978452,-0.17368454
2,0.672000,foot,2,0.16549681,0.39699668,0.04252706,-0.21602413,-0.29679310,1.14546633,-1.15212703,0.14174828,-0.53701967,0.04896351,-0.69436252,1.12199843,1.96315515,0.97670829,1.99792051,-1.68249822,-0.47701550,0.05463944,2.81158233,0.65046036,-1.66003728,1.32221067
2,0.676000,foot,2,0.31464750,0.62233734,0.02330343,1.42531526,-0.52397615,1.31360805,-1.38298273,-1.27902472,2.35462999,0.53417176,1.33595991,1.06948030,0.15225649,0.68531716,0.86936617,-0.99601066,0.04940368,-1.16624379,0.39561006,0.49856788,0.58807659,2.21378040
2,0.680000,foot,2,-1.67564428,0.08750308,2.45077896,-0.20533247,0.54885983,-0.06929448,-0.07381776,0.84391117,-0.74060017,1.37099731,-0.61280322,-0.42758101,-1.76639533,-0.50043297,-0.29893160,-0.73690557,-0.56744879,1.05730093,-0.00960865,-1.17808712,-0.40336674,0.87355554
2,0.684000,foot,2,0.23537484,0.71823627,1.25122619,0.30283561,0.18070588,-0.82919908,-1.54214609,1.02534199,-0.42408895,-1.87085295,-0.81711936,-0.33503455,0.29610488,0.91446018,-1.77161586,-0.61384189,-0.81861418,-0.63020933,1.54422355,0.52986783,-0.05840118,0.71429604
2,0.688000,foot,2,-0.84509981,0.00872015,1.65891564,-0.32104883,-1.31360626,-0.44666409,1.52319515,1.05020452,-0.87547445,0.50951660,-0.15756392,-1.27466357,1.29323792,1.21300733,-1.06081045,-0.25916094,0.55606848,-0.43863547,-0.66174567,0.14177454,0.06534163,-1.23864162
2,0.692000,foot,2,0.22498408,1.04893303,-1.84599495,-0.15649568,-0.39322737,-0.71326178,1.77087057,0.24602439,0.38599861,-0.32206422,-2.62473702,0.87429869,1.31508863,-0.18686767,0.68683302,0.58316886,-0.05176678,-0.05730937,-1.47058249,0.80346406,1.49923360,0.19752666
2,0.696000,foot,2,-0.66010058,0.66325849,0.12416035,0.14969270,-0.90330958,0.34717232,0.06519989,-0.92987329,0.52431476,-0.29927927,-0.02881472,-0.10872355,-0.44590139,-1.58268547,-1.82558310,-0.97000629,-1.84448588,1.54368174,-1.25061917,-0.86022949,0.82555455,-0.91067070
2,0.700000,foot,2,0.38998413,0.12030543,1.69700241,-1.48568130,-0.53112179,-0.09443837,0.68655151,0.52957249,-1.10416698,-0.08518830,-0.15020466,-2.42806864,0.12522195,-1.48033321,0.57715201,0.26829368,-0.02416256,-0.30571672,0.78924918,1.12943673,-0.75078762,-0.87182045
2,0.704000,foot,2,0.91507727,-0.58788842,1.08762634,-1.09319925,-1.19546199,-1.24410117,-1.21303391,0.79260534,0.94899184,-0.28919327,-0.40272442,-0.45043951,-0.06660928,-0.25876862,-1.81983984,2.53877902,0.37794235,0.47786447,-0.11435603,-0.28849491,0.45179957,1.17480767
2,0.708000,foot,2,-0.42447942,0.24391112,0.71231544,-0.10189404,0.87039417,0.35184571,0.32025334,1.03729177,-1.44318616,0.49076563,-1.22833943,1.11851907,-1.50521863,1.30006444,0.97025025,0.74815744,-0.49199817,-0.17705773,-2.42107439,1.49060965,0.00614722,-1.58406365
2,0.712000,foot,2,-1.97276950,0.10115339,0.57167637,-1.27479136,-0.70348454,1.95134008,-1.02670991,0.79400855,0.18493843,-1.55662465,0.13491651,-1.14858472,-1.12155068,0.95043164,-1.61805415,0.59730572,3.15673852,0.70206320,-0.59026527,-0.73284817,0.57136458,-0.65187776
2,0.716000,foot,2,-0.39376447,1.05455196,-0.50252825,0.21980509,0.31948608,1.24049377,0.36495632,-0.84331036,0.38887924,-0.26313931,-0.66790205,-1.17023671,-1.69277847,0.62594283,-0.10292010,-0.07191731,0.33004096,-0.38766983,-0.98378354,-0.53482926,-0.29609492,1.04067552
2,0.720000,foot,2,-0.90224659,-0.81877160,0.60817415,0.08356561,1.17744899,1.19468915,2.13186526,-0.09588289,0.13493666,-0.53854692,0.21245319,-1.61462557,-1.70196366,-1.27673984,0.50790864,3.27407718,-0.56865370,-1.53278673,-0.98588341,0.49302077,0.26764321,1.37954342
2,0.724000,foot,2,0.61574298,-0.47492439,-0.26360670,0.05866878,1.35288012,0.31904888,-1.00310838,0.19861788,-0.44534135,0.76692849,0.49378181,-0.23564614,-0.44845024,-0.49468288,0.58959872,-0.80149245,-0.19364592,1.42028725,0.87378860,-0.57346821,1.39196193,-0.93332046
2,0.728000,foot,2,-0.19029886,2.46861482,0.18334478,1.07903445,-0.66693932,0.72380888,0.15530461,0.10054310,-0.46538132,0.00366137,1.33645606,-2.28229904,0.67971128,1.02476203,1.64018893,0.81495059,-0.07136562,0.94750196,-0.43722874,0.77544087,1.67117465,-1.00747228
2,0.732000,foot,2,-0.04138396,0.44915783,-0.14497586,-1.03090894,-0.05344532,-0.27798066,-0.26568520,0.02327340,-0.28963125,-0.39988413,0.02510929,0.10558692,-0.71430200,0.06131186,-1.10335982,0.49721104,0.15927364,-1.53426492,-0.39194185,-0.16021636,-0.00209055,0.40071219
2,0.736000,foot,2,-0.80755585,-0.02629837,-0.86744756,-1.07895172,2.04101300,-1.56877351,-1.04309404,-0.13804723,2.31372213,-0.60574985,0.23278825,0.10804649,2.39190817,-0.33176389,-0.71249413,-0.83252072,0.46335933,0.89848989,1.69797027,0.03946008,1.93025875,0.54651839
2,0.740000,foot,2,-1.84299016,-0.11290174,0.81063545,-1.44991565,1.52484596,1.16968405,-1.23272634,-0.82139516,-0.88118112,1.97025204,-1.78332424,0.70595086,0.10986502,-1.73462248,-1.05812347,-0.51625389,-0.69069546,0.67598760,-1.26729369,-0.38768712,0.61419880,-0.96086580
2,0.744000,foot,2,1.84601390,-0.96788287,-1.73251843,-0.23680511,-0.59961450,1.30494523,-1.31799328,-0.45525491,0.91627723,0.76306319,0.57095343,-0.98642606,-0.29202631,-3.03779984,-2.01078153,-1.13338351,-0.88830960,-1.73862648,-2.32643270,0.27634287,1.19672906,-0.00412475
2,0.748000,foot,2,-0.08671093,0.51231790,-0.42655358,0.00283015,-0.38770157,2.95731640,1.53622246,-0.24085343,-0.33864090,0.49095008,-1.94305801,0.99286604,-0.24437812,-2.32629251,2.25752163,-1.56961775,-0.52247256,0.72344053,0.37912488,1.50783587,-2.68095779,-0.02954910
2,0.752000,foot,2,1.83202112,0.65473527,0.71506125,2.37750578,-0.22001210,-0.76501679,0.78670990,1.04741585,-0.63250500,0.33207640,-1.11936212,-1.34064877,-0.84960258,0.51065183,-0.10525537,-0.45974207,0.32954574,-0.14454396,-0.85492671,-0.72162902,-1.49079752,-0.79242396
2,0.756000,foot,2,2.07990932,-0.75713187,0.03574912,-1.31629229,0.42196837,0.36473575,-1.83024526,1.29306948,-0.98540181,-0.15092330,-0.06056082,-0.57499200,0.65260601,0.10043137,-0.53709334,-0.51540840,-0.43631470,-1.42356503,0.90047085,-0.86496538,0.80534583,0.80741519
2,0.760000,foot,2,-0.48676142,0.67253238,-0.41652223,-0.08015604,-0.62854058,0.78365886,0.82032460,0.05111313,2.22246408,1.02850413,0.16250570,0.48032093,-0.00202780,1.84262252,-0.41388866,-0.39103454,1.79092741,-0.02827912,-0.24795675,-0.18070188,1.36828291,0.23991947
2,0.764000,foot,2,1.12189627,-0.15038110,1.49226034,0.30333123,-1.60428071,-0.49745166,-1.30457270,-1.17194164,-0.83502930,1.20754147,1.23681164,0.66002202,-0.03803996,0.39645013,0.26522380,-1.35648525,0.66408151,1.74194074,-1.51697075,0.66155744,0.01698742,0.11486948
2,0.768000,foot,2,-0.22406617,-0.12636848,0.33847958,-1.98139656,-0.06941977,-1.27037275,0.33136758,1.61671281,1.32453823,-2.03104210,-0.17128012,0.83799797,0.70804209,-0.16422576,0.85668015,-1.16646922,-1.37507069,-0.69166917,-2.57781267,0.45903158,0.12067086,0.91774428
2,0.772000,foot,2,-0.10648298,0.98421210,-0.20840514,-1.57059729,0.51692200,-1.63495398,-0.74005580,0.84681612,-1.03292608,-0.37037879,-0.24478158,0.91874498,0.62567222,0.80522799,-0.08924283,-0.17631459,-0.22946794,-0.50837350,-0.12136844,0.41097078,0.52293056,-1.46274364
2,0.776000,foot,2,-0.98725915,-1.53129029,-0.22517352,0.77808106,-0.62536311,-0.54023778,-1.33392143,0.13846764,1.58635378,0.13891561,-0.26171753,0.28207043,2.62230730,-1.04332161,0.77026063,0.37352964,-1.10085213,1.49338901,-0.50344515,-1.51691818,0.21976079,0.82960927
2,0.780000,foot,2,0.09750047,0.78629637,-1.64566004,1.24796367,0.21745422,1.28594422,-0.39606014,1.87324464,-0.53309399,-0.36325812,-1.02183604,-0.61059654,0.49618769,-1.39550936,-0.97115815,0.37639597,-0.78105909,-0.08844340,0.10987579,-1.07826257,0.87600237,-0.69088727
2,0.784000,foot,2,0.76393950,0.17928371,-1.82312465,-0.61298388,-0.55604273,-1.32469237,-0.37356561,0.05489365,-0.33697155,-0.22860800,-0.98229784,-0.13323683,-0.02360254,-1.34223235,-0.30531445,-0.27284500,0.70083654,1.83987987,-0.54995424,-0.42762214,0.79148346,-0.99835032
2,0.788000,foot,2,-0.79687274,0.51542050,0.65680552,0.00343233,1.12797236,0.58631808,-1.40841019,0.43142328,-0.75601894,-0.08322726,0.49233860,-1.92127240,-0.09744692,0.33821985,0.78921741,-0.10674751,-0.00425049,0.89330000,-0.20794727,-0.30101237,-1.66289127,0.83650881
2,0.792000,foot,2,-0.80886030,-0.68838960,-0.72229242,-0.78188711,1.82514620,2.09593511,0.62603223,-0.89025503,-1.38257742,-0.39183524,1.26124156,0.62730640,-0.07750095,0.81807876,-0.84540880,-1.46534312,1.84237874,-0.08462261,0.47550413,-0.79464334,0.62096679,0.61096263
2,0.796000,foot,2,0.02106087,-0.78511554,-0.00392830,-2.04132438,0.98487055,0.55158806,0.16922843,0.34885180,-0.00832711,0.37710536,2.77519250,-1.15882444,0.48164263,0.21386248,-0.19794369,1.51253998,-0.23944840,0.62427312,-1.11890781,-1.65945292,0.53513032,0.64706218
2,0.800000,foot,2,1.31541526,-1.81059682,0.16463868,-0.18929817,-1.04364526,1.60725689,0.31844687,-2.39283228,-1.90298498,-0.99657184,-0.29458958,1.11733687,-0.46887466,-0.27691674,0.33057266,0.82021892,0.16814391,-0.58732826,-1.43982852,0.04759762,-0.37685642,1.18237579
2,0.000000,tongue,3,0.82258618,-0.93485624,0.51413727,-0.67493510,-1.22413671,0.23762967,1.89779675,-0.73765254,-0.59517705,0.31994033,0.74300885,-0.61390764,1.03430343,-0.14228690,1.54511201,0.90934014,0.53023714,0.16472045,-0.78964615,0.10747182,0.93382466,0.55028045
2,0.004000,tongue,3,0.00036735,0.63240993,-0.13787484,-0.31954837,0.20052728,-0.79857206,-0.98514664,0.19760472,-0.00747091,-0.57166952,-0.28294933,-0.37196049,-1.81278932,0.10809161,-0.25223249,0.63336647,-1.28376019,0.17040548,-0.74441195,0.28940541,0.87007862,1.18909991
2,0.008000,tongue,3,-0.68039989,-2.69227529,-2.37660909,1.23284781,0.23514873,-3.42755318,-0.59670722,2.27515149,-0.05704632,0.26038682,-0.16840738,-0.40670979,-0.45580652,1.45739293,-1.41279089,0.49560499,-0.60767657,-0.34070098,2.11441302,-0.12561011,-0.82865238,-0.00967791
2,0.012000,tongue,3,-2.20409560,1.38422191,0.33025661,0.58577609,-0.47760528,0.87167645,0.44292867,-0.90660888,2.21654248,1.43919277,-0.87293577,0.10547538,0.30823037,0.05686526,-1.11202490,0.94978434,0.25518778,0.20217942,0.42727444,-0.99254334,-0.36607957,-0.28938711
2,0.016000,tongue,3,-1.21897185,1.93135214,-1.22041357,0.22280058,-0.89595538,0.43252465,-0.20707111,-0.15758806,-0.45563072,-0.51836205,-0.39829916,-1.69564641,-0.76448935,-0.97634488,0.71707511,0.70958209,0.20768692,-0.66325569,-0.19786310,1.05030048,0.12210541,-0.99247861
2,0.020000,tongue,3,0.63110822,0.11029279,-1.25555539,-0.40531650,0.46290877,-0.28392446,-2.40992212,-0.25705612,-0.62869716,0.25048292,-0.45847186,-0.42484501,0.88073564,-0.71359283,0.19772184,-0.06108153,1.10835862,-0.62561196,-1.28135192,-0.10961157,0.62132329,-0.32372129
2,0.024000,tongue,3,0.93099457,-0.96809155,-0.04347218,0.20070235,0.71454364,1.18491435,-1.26437557,-0.99395514,1.02906692,0.60040081,-0.20723046,-0.82627553,0.61390424,1.65907884,0.02256547,-0.10596178,0.42900383,-0.94602191,1.78309846,-1.63400257,0.47551516,2.12651944
2,0.028000,tongue,3,-0.48389751,-0.21687092,0.08746850,0.08303609,-0.92516792,-0.25053126,-0.74084175,0.11355926,-1.49939680,-0.07501174,-0.52895236,-0.73236465,-1.91119134,-0.34691656,0.33336911,0.45026609,-1.90761209,0.83719480,-0.78696162,0.73096061,-0.33904889,0.84361297
2,0.032000,tongue,3,0.72558814,0.07295495,2.21366382,-0.50391573,-0.98755175,1.01404917,0.92580283,-0.67158246,-0.92078370,-0.19993255,-1.63232887,-1.63770449,0.83722442,-0.47515881,-0.57257426,-0.23269193,-1.37111211,1.30967247,2.38610983,-0.11864372,-0.22145337,1.16989374
2,0.036000,tongue,3,1.16886055,1.21023047,0.17992768,1.01658714,-1.06312442,-0.29521582,-0.70494866,-0.05839370,0.50744367,-0.56441629,-0.96820968,-0.99984914,0.31504869,0.67043179,1.31284070,-0.67263013,0.99745417,0.21961074,-0.09049959,0.35879421,0.09896873,-0.42491469
2,0.040000,tongue,3,-0.32883847,-0.66093725,1.15253019,0.37543601,-0.72897011,-0.99311006,-0.14328715,1.55313826,0.27001473,0.73053867,-0.03641261,0.14474030,-0.87436479,1.24225652,-0.48836622,-0.03168262,0.01533611,0.40459979,-0.69082618,-1.09676433,-1.05354536,-2.04352522
2,0.044000,tongue,3,0.11952516,0.72889078,0.85217929,-0.07575775,-0.81073642,-0.65808702,0.56844610,0.38499060,0.04788849,-1.49217534,-0.26177019,1.00209415,-1.94862640,-0.62774229,0.71229970,-0.33191746,0.68111587,0.07442395,-0.27667400,0.01856043,-1.00335538,0.22401203
2,0.048000,tongue,3,1.17367864,-0.75124353,0.00081813,-1.17186689,1.00221944,-0.85225737,0.56998074,-0.10000458,0.74063253,-0.03187421,-0.06397749,-0.62043947,-1.10870481,-0.22385490,0.04931767,0.84554273,-3.62353563,1.54598963,1.15235174,0.72393125,-1.34077084,-0.11824770
2,0.052000,tongue,3,0.62453121,-0.20367207,0.70206696,-0.42860726,1.17444932,1.46295297,0.41932961,0.18763189,-0.55112284,1.52152729,0.56964707,-0.58724248,0.63997006,-0.51057011,-0.08566951,1.56724715,-0.71515989,1.61493421,-0.60271811,0.54556447,-0.93013525,-0.55904210
2,0.056000,tongue,3,1.10051811,-2.20969391,-0.32646638,0.78671402,0.06116884,-0.75265408,-2.34198213,0.42463234,0.69476146,0.31526417,-0.20618941,0.17459162,0.71042550,1.46281302,-0.55348682,1.68535233,-0.01535482,-0.07193509,1.41821647,-1.41652679,1.60524046,1.97726440
2,0.060000,tongue,3,1.05158877,0.14948961,-1.07903028,-1.07482135,0.61867732,0.39600617,-0.60894215,1.37676537,0.70697469,0.53456187,-0.25454444,-2.25743556,2.15410542,0.20911396,0.38864478,-0.45456988,0.25444388,-0.40833610,1.21787310,1.23926413,-0.89251935,0.77651733
2,0.064000,tongue,3,-0.03042469,0.76434326,-0.18201357,-1.48045635,-0.21797615,3.44325495,1.16909015,2.36535978,0.56691796,0.35696477,0.13808608,1.45669353,-1.72245491,-0.93028557,1.24772859,0.46493131,-0.25421071,-0.34332749,-1.67142916,0.59422541,1.03062475,-1.03037667
2,0.068000,tongue,3,-0.07404954,-0.50806820,0.15875421,0.40864426,-0.98328429,-0.01578771,1.83675051,-2.23167205,1.50641763,0.08037113,1.66844177,0.09374594,0.39783463,0.62158906,0.82481909,-0.45444587,-0.57470030,-0.41574511,-2.72659087,-0.35965317,1.55885351,1.02371895
2,0.072000,tongue,3,2.09897733,-0.23080967,-1.21637690,-0.36563727,-1.21832156,-1.36773276,-0.13678166,-1.39825547,-0.56178641,0.46848056,-0.84544849,-0.70896697,-0.81773275,0.30784795,0.95129699,0.65666443,0.37668443,-0.07361031,-0.28108084,-0.72493339,-0.22413555,-0.87766182
2,0.076000,tongue,3,-0.52242547,-1.47634327,0.68186873,0.11198547,0.98736846,-0.20593117,0.21528196,1.80997729,1.20663548,-0.93108541,-1.18494475,0.31501919,0.99513209,-1.89249218,-0.03140087,0.09168770,-1.32350397,1.43186772,-0.69449115,0.61921698,0.65476656,-0.66787022
2,0.080000,tongue,3,-0.61627901,0.26118138,2.06302428,-0.21037462,1.43145394,0.22236413,0.04255174,-0.05950676,1.79123163,0.78167075,-0.45012581,-0.01758406,0.73245829,-0.36382303,-0.26647604,-0.45726469,-0.00895441,0.37560102,0.69152087,0.57838744,1.37861514,1.66470563
2,0.084000,tongue,3,1.04497659,0.40874690,-0.34554294,0.40346080,0.22155373,-0.14358050,-0.22244908,-1.17904305,-0.40756184,-0.96687329,-0.03841267,-0.70574349,1.37967980,0.60695666,-0.87888861,0.23282582,-1.26438785,-0.90279108,-1.18255401,0.77634674,-1.70965767,-1.67877543
2,0.088000,tongue,3,-1.50375950,-1.38798225,0.05978394,-1.13031948,1.01014578,0.58926743,-0.15372090,-0.53939790,-0.46749604,0.90960664,0.11433744,-0.28864905,0.37755585,0.36363757,0.96252722,-1.00277507,0.58566284,1.67115116,-0.82289344,0.30865580,0.52830100,-0.57470691
2,0.092000,tongue,3,1.01634264,-0.44681826,2.68044448,0.16316473,2.07825613,0.59356976,-0.91890019,-0.41933563,-0.34805545,0.73014480,-0.41184041,0.95705515,-0.86797625,-0.91029733,-0.54671013,1.33353364,0.34814724,1.55183029,-0.43856880,0.15118162,-2.13718915,1.85183954
2,0.096000,tongue,3,0.39796945,2.19698215,-0.14803699,-0.61784571,0.03378015,-0.75178272,0.91039246,0.31875592,0.67078429,1.65853107,0.31267858,0.33529609,0.95264804,-0.23803903,1.24838364,1.03512657,0.09608789,0.61148548,-0.50458252,-1.08000910,-0.55805922,0.09859872
2,0.100000,tongue,3,0.49072081,-0.22661015,-1.43536425,-0.07847627,0.39814690,-0.77291864,-1.86488664,0.85976088,0.21418300,-0.85454446,-2.57346249,-0.18938102,-1.30259585,-0.62781525,-1.61114240,0.72152907,-1.14488173,0.01823999,-0.91094589,-0.64700627,-0.55489057,-0.84458435
2,0.104000,tongue,3,-1.47725320,-1.53711367,-2.06686759,1.45546329,0.41828698,1.07768500,-0.96989113,0.57201457,-0.20985542,0.02769026,0.15805733,-0.18535621,-0.59478027,0.18216002,-0.23231846,0.60871965,-0.66603702,-0.27640510,-0.34192696,0.19904163,0.49148947,-0.97938251
2,0.108000,tongue,3,-1.51123691,-1.86952448,-0.39918023,0.08264935,-0.20517269,0.37707955,-1.21010387,0.02169136,-0.24853270,-0.07120513,-0.96588796,0.50265211,0.78731942,-0.71372437,2.05457258,1.21306193,0.70589972,0.53913784,-0.74202925,-1.41939449,-0.20167264,1.28744924
2,0.112000,tongue,3,-0.89507675,-0.60251588,1.47516298,-1.78870833,-1.76827776,0.61799026,-0.11853109,-0.25109297,-0.44309026,-1.36639655,0.74013609,0.42418787,1.30984271,0.09349680,-2.69054103,-0.01727299,1.37564158,1.45807922,-0.84241754,-0.51738930,-1.15992904,-0.27535492
2,0.116000,tongue,3,-0.21305062,-0.70875746,-0.35927778,1.56300855,-1.36300218,-0.85281891,1.22969198,0.37029198,0.09483925,0.28140423,0.91879410,1.51384687,0.58166730,0.10126912,-1.24523556,-0.87022239,0.32614309,0.10740458,-0.66175514,-1.35879302,-1.20735860,0.02760675
2,0.120000,tongue,3,0.92886847,-1.33853686,-0.06197342,-0.86572492,-1.45093369,-1.23315334,1.36182988,1.25099015,-0.11118582,0.21786042,-0.39591271,-1.36058462,-1.18116534,-0.06130967,0.18560566,-0.15628438,0.31413275,-0.31554249,-0.99099690,-2.24949574,0.65072894,-1.02308249
2,0.124000,tongue,3,-0.25607127,-0.11794619,-0.80911911,2.40144134,0.55294114,1.46628404,-0.83316016,0.45688662,0.30765367,0.15491585,-2.26426315,-1.39230216,0.82786649,-1.44090366,-1.47450817,-0.67372358,0.02384697,0.35443664,-1.40519619,-0.50424021,-1.25782430,0.06691113
2,0.128000,tongue,3,-1.33019972,0.24116868,-1.09610641,0.04987725,-0.45340264,-1.68245959,-1.28625584,0.97787750,1.82408023,-0.91372263,2.54318833,1.96523023,-0.38567871,1.10401118,1.74130332,-1.43505263,1.32144248,1.81219053,0.50770146,0.99885362,0.69766980,0.61741871
2,0.132000,tongue,3,0.63070112,-0.40258244,1.05138516,0.36612010,-0.99856716,0.46374193,2.06419206,0.57774413,0.04439140,-0.96894813,0.35898709,-0.25535783,-2.68580437,-0.11284997,1.69454980,-0.00885256,-1.00253630,-0.90251464,1.21938562,0.15539254,1.27321684,-0.91060120
2,0.136000,tongue,3,-0.88469857,-1.75566113,0.35454819,-0.69492209,0.18357347,-1.49765313,-0.52094388,-0.22101097,0.46939462,-1.57323956,-1.85674560,-0.96622795,-0.08661846,0.12060776,0.31499776,-1.67358363,-0.90687031,0.05012652,0.96112794,1.03477085,1.04962897,-0.84752530
2,0.140000,tongue,3,0.15226690,-0.03405847,0.21271105,0.04245439,-0.01709453,0.18362907,-0.46368194,0.42182374,-0.81724644,0.26940367,-0.08157374,-0.24850877,-0.18746659,1.27361846,0.74202728,2.89942455,1.13474822,0.91273379,-0.35763022,0.69767290,-1.46982145,0.62318677
2,0.144000,tongue,3,0.64969009,-0.22136389,0.49555379,-0.56593263,1.91756642,2.59969997,1.37019002,2.05105019,1.96597314,1.85082459,-0.93251491,1.61005223,-0.03647728,0.75536096,1.17458081,-0.96353829,-0.94209421,0.85530323,-0.00525777,-1.41774321,0.77912784,0.27588582
2,0.148000,tongue,3,1.32047105,-2.46297002,0.83110631,-0.06360391,-1.16543269,0.97432733,0.92333651,-1.51229799,-0.23730856,0.85345352,0.46121424,1.85554528,1.25939870,0.11335918,-1.27735758,-1.13936818,-0.88803732,0.05944509,1.24041104,0.41760603,-1.72583985,0.33332846
2,0.152000,tongue,3,-1.30778897,-1.32771194,-0.42803603,-1.47918320,-1.88316512,-1.79503465,0.13578483,0.48242724,-0.47835904,1.21709621,0.75805146,1.21182775,-1.40912485,1.58703279,0.41783181,1.28475487,-0.04222035,0.92487365,-0.60315925,0.32789001,1.45740831,0.57461548
2,0.156000,tongue,3,-0.05577477,1.15819550,-1.24841785,0.28178996,0.30839851,1.49595034,-0.84291309,0.12904398,0.19755736,-0.89586961,-0.45485786,-0.43922171,-0.12487505,0.76945513,0.43852663,-0.33708915,-0.21667273,0.45711645,0.93960112,0.98360312,-1.93532324,0.82859361
2,0.160000,tongue,3,-0.15344797,0.51912504,-1.39312637,-0.39704502,1.12450433,-1.27093935,1.18852544,1.45933402,0.54246670,0.56495851,-0.15476224,1.75033462,-0.76094532,-0.13990189,-0.39226374,-0.44501173,-0.65891474,0.58366823,-0.83945292,0.75405759,-1.13083720,0.44144619
2,0.164000,tongue,3,-1.49973369,-0.61349946,-0.47863746,-0.22883388,0.18817449,0.86991286,0.29707107,-0.02533319,-0.31114748,0.44649395,-0.80700725,-0.62940717,2.24288678,-2.82380080,0.12764075,0.90061629,-0.36678228,-1.50702763,0.11682547,1.46499085,0.12121469,0.88309872
2,0.168000,tongue,3,0.68982357,-0.17404591,0.44024265,-1.12398636,-0.15732636,0.59005570,-1.95507026,0.15541461,-1.40779245,0.46858057,-0.46351290,2.39611864,1.00261176,0.71435994,0.18506135,-0.32823786,-0.68271363,-0.26589012,-0.70089048,-1.07006836,0.87142402,-0.85858732
2,0.172000,tongue,3,1.49197710,-2.01556158,-1.27936983,0.91790468,-0.00846021,1.38547528,1.07957351,-0.35843876,0.29925188,0.53968036,0.13521658,0.44116294,0.04992750,0.29400399,-0.20844702,-0.46038523,-0.20886791,0.06098843,-0.43382338,0.72839946,-0.15732071,0.03946936
2,0.176000,tongue,3,2.03179049,-0.38002324,-1.89800084,1.30017829,-0.37580314,-1.02443552,0.70062196,-2.60812330,0.88840544,-1.57329559,0.29355866,-0.72262579,0.29739258,-0.31684545,-0.68188924,0.17375782,0.18295024,1.96255267,-0.50592935,-0.02452498,0.58474892,2.34170151
2,0.180000,tongue,3,-1.12433338,0.00199103,-0.35042182,-0.97278243,-0.20262967,-1.09296668,1.05770373,-1.27322996,0.83666247,0.73068285,0.31408495,0.08552504,-0.25931555,-0.76737654,0.08532739,-0.39524060,0.85318446,-0.34311333,1.40566385,-1.65343750,0.43391010,-1.89342916
2,0.184000,tongue,3,0.21728560,-0.12674281,-1.90227056,1.01836014,-0.58725637,1.28025115,-2.29095674,-0.37619227,-0.45754224,-1.05739808,-0.84917533,0.33926222,-0.48518047,1.93576145,-0.48601514,1.21129942,-0.06206902,0.87349701,-1.59655070,-0.02429261,-1.35901630,0.68277395
2,0.188000,tongue,3,-0.53710991,-1.03865445,-1.23959243,-0.00243455,-1.10132158,-0.65474784,0.02170340,-0.80697173,1.16125858,-1.24843943,-0.30625948,-0.28145003,-0.10412432,0.56789726,0.96122909,0.01412908,0.21581560,-1.60596406,-0.68002802,-0.58118367,0.06990614,-0.12236343
2,0.192000,tongue,3,-0.09522867,-0.24514748,0.14344761,-1.40675879,0.23449638,0.33863980,1.14881659,-0.53457588,-0.71106100,0.44713950,-0.85555500,-1.00561202,-0.24792862,-0.17426914,1.21677971,-0.48161638,-0.42641506,2.29234743,1.16219974,-0.27099586,-0.14694856,-0.38175467
2,0.196000,tongue,3,-0.62326223,1.12438393,-0.58375704,0.84732485,0.24948727,0.97016895,-1.38490462,0.90139639,-0.38869315,1.17019272,-0.28079578,0.34445250,0.18406972,-0.48051533,-0.92544729,0.04349707,0.03018956,1.35286188,1.13916004,-0.21397538,2.52513647,-1.16358101
2,0.200000,tongue,3,-1.82730258,1.30595863,-0.54346979,-1.33256650,-0.76999301,-0.54108810,0.90108299,0.97053146,0.48015237,0.99419665,0.58541960,-0.77500051,-0.33944651,0.54966807,1.09461999,1.70509851,0.08118379,-0.70647699,-0.80887693,-0.09874760,-0.94992828,-0.48228458
2,0.204000,tongue,3,1.88169003,1.62172246,-0.05750934,0.90492761,-0.04605529,0.41703227,1.19303453,-0.34185690,-0.68067914,-0.21078366,0.95671791,-0.64968842,0.31065387,1.58487904,1.07706034,0.41485238,0.90187365,-2.13157892,-0.40042436,-0.03503546,1.59260249,1.29056692
2,0.208000,tongue,3,1.11734009,-0.82626981,0.42926899,0.46651804,0.19587259,0.88174164,-0.68483090,-0.25793388,-0.46808124,1.87933218,-0.61712438,1.01952243,-1.60135531,1.13535953,0.60441577,0.15978724,2.05635500,0.25709152,0.43849176,1.62761533,-0.48414275,0.30473554
2,0.212000,tongue,3,-1.84635437,0.00496994,-0.23007491,0.38158041,-0.96138036,1.06829810,-1.26339257,-0.23966007,-2.10411668,-0.76076323,-0.71525580,0.56281704,0.84326535,0.96033007,-0.04454426,-1.20935893,-0.17169617,1.08876872,0.38178214,0.39420134,-1.52753186,-1.88686740
2,0.216000,tongue,3,-0.51760697,-1.43452096,0.36354882,-1.10751104,-0.00900338,0.39363900,-0.62538332,0.26415145,1.74637020,-1.60226846,-0.18993184,1.11124957,-0.91272813,-0.60819298,2.11375809,-0.01535550,-1.21824610,-0.79182768,-0.12889539,0.48432344,-0.92535836,-0.20334588
2,0.220000,tongue,3,0.47997460,-2.03218532,0.21423449,-0.21712454,-0.48994190,-1.69474375,0.41012648,-1.05546796,-0.45212176,-0.38584593,-1.18237638,-0.05332758,-2.47758293,-0.97782230,-0.79185653,0.25348747,0.19528110,-0.40169969,0.44768718,-0.59853727,0.61123556,-0.25890228
2,0.224000,tongue,3,1.45588338,0.25738093,-1.08232737,-0.12772332,-1.43193710,-0.70894152,1.32643914,-0.86724323,-1.48371005,0.88843054,-0.51295972,0.83985740,-0.40643016,-1.66554904,-2.32537818,1.03321707,-0.65341437,-0.10720473,-2.16534209,2.09174323,1.24514174,0.02457355
2,0.228000,tongue,3,-0.85355955,-0.81851000,1.25499761,1.09776807,-0.55999362,-0.44913307,0.52364331,-0.18871588,-1.17810035,-0.15931877,0.42644918,-2.29944587,-0.15242578,-0.43652302,0.53340298,-0.60391062,1.19422865,-1.24825096,-0.56192160,-0.66072172,1.62213397,-1.50566196
2,0.232000,tongue,3,1.71825981,0.56937903,0.74575824,0.30389059,0.77447408,0.89198989,-0.18042447,0.47218746,-0.70672584,-0.76266408,1.42376304,0.11788056,0.44828737,2.51478219,1.12947631,-0.67770106,0.70200622,1.71860945,0.91481441,-1.12113237,-0.96793193,-0.35961235
2,0.236000,tongue,3,-0.45518908,0.25974602,-1.19713831,-1.40822959,0.50512284,-1.74093664,-0.30297491,0.40302208,-1.24831188,0.01060531,1.82862043,0.71907014,0.28665793,1.69022608,1.36086380,-0.93298775,1.29644823,-0.35767138,0.15356597,0.46562243,-0.81158096,-0.17045286
2,0.240000,tongue,3,0.55038351,1.17298865,0.77915448,-0.85319912,-0.24721256,1.27130365,-0.67249000,0.03274214,0.47293508,-0.10540012,-0.06389491,-0.19673383,1.53778720,0.54728168,0.79420602,0.29146147,-0.05345872,0.70337820,2.77724433,0.79775512,-0.84183550,-0.39715934
2,0.244000,tongue,3,0.75369239,1.20057511,-0.33196276,-0.66294730,-0.00423022,0.05876160,1.39931631,-0.67389405,-0.28282928,-0.74064797,1.15696573,0.29624289,-0.30616945,0.98115152,0.11592641,-2.89291644,-0.12019930,1.53998220,-0.46128958,-0.32788089,1.35237932,-0.10332326
2,0.248000,tongue,3,0.93776554,0.19207923,0.44528654,2.95780969,-0.21966061,1.46271288,1.48586595,-0.15245798,-0.96533763,0.90235364,1.05987036,-0.38401520,1.33607602,0.80426294,0.11512345,-1.16802073,-1.15707099,-0.18826964,-0.44567394,0.83244652,-0.45837656,-0.66374820
2,0.252000,tongue,3,0.10704035,-1.17653215,1.82733738,2.44129491,-0.09766444,0.19387157,-0.26086628,-0.00081327,1.76819396,-1.03936446,0.47012231,0.36470550,0.34057549,-1.94873691,-0.80483991,-1.15186012,0.85596287,0.01983571,-1.49979126,-1.28182197,0.85490304,-0.69101328
2,0.256000,tongue,3,-0.55134934,0.92800379,1.30293036,-0.64228636,0.78495312,-1.45347679,-1.10380757,-1.07301617,1.52530384,1.41853273,-0.06425065,-0.03233640,-0.17510396,1.32867217,1.21751368,-0.28814518,0.03674457,-0.33095023,0.40328059,-0.85595417,-0.10515051,0.44399729
2,0.260000,tongue,3,-0.40026608,-0.43963426,-0.76227838,-1.25785112,-0.08812054,-0.14948469,-0.17333861,0.91663700,0.07160833,1.22163415,0.94637704,0.53832716,1.89928067,0.43676320,0.35159516,-2.00767350,-0.52817154,0.84304553,-0.21114929,-0.26926523,-0.85187137,0.39674908
2,0.264000,tongue,3,-1.81187868,-0.98695403,-3.22000647,-0.47104248,-1.75595427,-0.93715918,-0.69990516,-0.64338785,-1.69332516,1.31685603,1.13556278,0.65667152,-1.79783428,0.91006058,0.47170034,-1.68072975,1.27550244,-0.90441972,-1.82197773,-0.35089120,-0.02613390,0.76709175
2,0.268000,tongue,3,1.07735741,0.92341346,0.34578705,-0.80731469,0.62697577,0.04191168,-1.09654510,-0.08375658,0.89193171,0.55231190,-0.33397841,-0.41804910,-0.16097164,0.03711547,-1.05260980,-1.30476785,-0.07148412,0.31466448,0.01844369,-0.54154557,1.09551883,-1.76083195
2,0.272000,tongue,3,-0.04398644,0.07318833,0.20662300,0.75137550,0.23114412,-1.06657147,0.41164920,-0.88375270,-1.97051120,-0.24222618,-0.71222001,0.29762065,0.68202227,-2.05909061,0.35237080,-0.06983897,-0.43689486,0.08871915,-2.04169130,0.39385700,0.71502310,0.61660928
2,0.276000,tongue,3,-0.03260608,0.46325016,1.07516909,-1.60875142,-0.00391410,-0.00389841,0.16029720,1.58856893,0.69879735,-0.53740132,-0.99650258,1.82963622,-0.98503280,1.08759212,0.26665971,0.23849522,-0.55730039,0.44740650,-0.12853901,-0.66939229,-1.42892849,1.11689126
2,0.280000,tongue,3,1.06149626,0.56616205,0.99733782,-1.62096429,0.96502316,0.36873251,0.21076596,-0.56266177,-0.64688444,-0.45271781,-1.21999133,-0.39447576,0.17649163,-1.26231122,-0.90742856,0.46304446,-0.70637453,0.76235515,0.20517811,0.74921876,1.38955009,0.79247302
2,0.284000,tongue,3,-0.38617292,-1.16438699,1.87663877,-0.05842109,-1.11891866,0.28727323,-0.74711901,1.86834621,0.22458655,0.49595711,-0.59397572,0.08194122,-0.37718216,1.63572156,0.25798503,-0.99362087,-1.45930147,-1.78109694,0.81822377,-1.50405085,0.08034132,0.05870238
2,0.288000,tongue,3,-1.05652738,-0.95428640,1.02178502,-0.78282452,1.06501174,0.10351917,0.91745812,-0.72165668,0.58646524,-1.69044864,-0.97834134,-0.59214592,0.10248140,0.42757732,-0.32599097,0.12781790,-0.60381031,-1.55387664,0.12292413,0.47893322,0.82869482,0.91352016
2,0.292000,tongue,3,-0.38133889,-1.16057384,1.08594894,-1.15995455,0.56472027,-1.61619413,0.77451384,-0.31264952,0.95598662,0.68674296,-1.67159343,1.58033299,2.04403496,0.06874479,0.61361426,-1.21168292,-0.41353697,1.10091007,0.35010961,1.24328279,-0.68672997,-0.37792942
2,0.296000,tongue,3,-2.04335046,-0.55396968,1.04971933,2.38845801,0.90960163,-1.80062771,1.17303681,-1.43535268,-0.76223040,-0.36885837,-0.52046549,1.05477548,-1.02234805,-0.68586922,0.76073825,0.39027146,-0.36492413,0.24868384,-1.71954572,-0.70708865,2.30844498,-1.06192863
2,0.300000,tongue,3,-0.37491369,-1.30784988,-0.04477692,-0.59220433,-0.55717528,-0.75821739,1.46129942,-0.43903884,0.57523048,0.94135517,-0.29559913,-0.57161516,-0.24806833,-0.18996459,-0.74746150,-0.44844902,-0.50155252,-2.17424870,1.03714180,0.36393291,0.36139885,-1.49359477
2,0.304000,tongue,3,-0.96624619,-0.12662818,-0.71760356,-0.22705157,-1.75323522,0.58695918,0.32269669,-1.56201792,-0.43564650,-0.07798834,0.86429143,0.86353511,-0.40473041,2.33151412,-0.33033359,0.55364823,-0.72643727,0.49120030,-0.82441032,-0.36506301,-0.37837493,-1.20789874
2,0.308000,tongue,3,-1.65995085,0.83843476,0.02202181,0.72084469,-1.88602233,-1.09215391,-0.49167415,-0.62948918,0.31779334,1.51946938,1.58138621,0.37539980,-0.94622976,-1.04845917,-0.19629507,-1.22487307,-0.07300482,-1.20911014,-0.55887473,0.67819655,-0.38167787,-0.73400486
2,0.312000,tongue,3,-0.36705872,0.29570651,-0.24027964,0.39500719,1.61210358,0.39358327,0.64255065,-2.13609815,0.11019328,0.89572096,0.32449314,-1.53051972,1.00742769,-0.70437551,-1.36458492,1.22197425,0.22513326,-0.73971927,-0.22975081,-1.75047398,-0.29574060,-1.48576319
2,0.316000,tongue,3,-0.01458954,0.07289724,-1.35567582,-0.08521818,0.27021730,-0.16101283,1.35005248,2.07759714,-0.76921064,-0.95506340,0.83618248,-0.06093494,-1.21162307,0.87266302,-0.15418912,1.08571410,-1.38655078,1.20307612,-1.40672898,-0.00349572,-0.91864860,0.28130376
2,0.320000,tongue,3,0.26053536,-2.07370329,-0.31605899,2.40580177,0.35392427,-0.36880013,-1.51941776,2.39430523,-0.52736801,0.79513949,0.19535957,0.20894760,0.08501706,1.00464797,-0.18312845,-0.51754302,-0.74052525,1.56490266,1.58928955,0.61526537,0.07599433,0.20850475
2,0.324000,tongue,3,-0.91177106,0.20018016,-1.04742432,-1.16762221,0.67575955,-0.42106137,-1.08195424,-1.12270761,1.02171648,0.67574042,0.08403632,-0.68052179,-0.30509561,0.05901527,0.07885518,0.74844646,-1.79747176,-0.19747926,-0.32388154,1.45733368,-0.33097267,-0.41181692
2,0.328000,tongue,3,0.97917783,-1.25081325,-0.26428351,1.20100915,0.37185678,0.86895907,1.06563389,0.15237434,0.49087104,-1.65966034,1.23300493,0.26966289,-0.00869983,-0.40918159,1.44481826,-0.95815843,-0.67577380,0.12401107,0.18248759,0.66284865,-0.52715904,1.17180192
2,0.332000,tongue,3,-0.13110408,0.51212764,0.91089058,-0.13969296,-0.74459499,-0.43444970,1.13173819,0.83661425,-0.19465251,0.98001856,-0.62716961,-0.55789477,0.43578428,1.08262026,0.11410245,-0.49842632,-0.42150328,0.35351565,0.61374694,-0.25332123,0.56168556,-0.45578429
2,0.336000,tongue,3,-0.11772943,-0.30732322,-1.01583123,-0.28377336,0.97663641,-0.34260517,-0.73833919,1.62271905,-0.67270583,0.15536240,0.92071533,-1.63871229,0.78636122,-0.54335779,-0.40990236,-1.00825310,1.33664274,2.08542085,-1.08891225,-0.45350832,0.20526834,1.07749724
2,0.340000,tongue,3,-0.94462335,1.55929649,-0.48493779,1.37363529,0.91144276,1.54172599,-0.25058982,0.11445377,0.53334445,0.37748942,-0.08314690,-0.55583459,-1.12452829,1.82780337,-0.03231703,-0.85520303,-0.98062551,0.94779599,0.01483161,1.01276588,0.45537719,0.38271224
2,0.344000,tongue,3,-0.06177799,0.17931974,-0.93378359,-1.01242745,0.63794523,-0.04759492,1.32442260,0.57329899,-0.37057859,0.82732797,0.62338191,0.30455610,0.98544228,-3.10455275,0.87448442,-1.17089224,0.21538343,1.85038877,0.09508254,0.37013295,0.86012441,-0.40539393
2,0.348000,tongue,3,0.24859039,2.64103055,0.36250657,-0.53191388,-0.65026408,0.41795900,-0.76317304,0.49012968,-1.02520967,1.03439999,-0.95739448,-1.31744695,2.08730435,0.04602415,0.66792852,-0.27118248,-0.77363634,-0.65928853,-0.01478492,0.00554131,-1.27823615,-1.10359359
2,0.352000,tongue,3,-0.05018492,1.11799753,1.17202318,0.29600284,0.31370240,-0.80720443,0.05732841,0.15339082,-0.56194359,-0.43187165,0.17880556,-0.42288852,0.62135446,-1.25334370,0.52855182,0.04083145,-0.66128683,-1.21645689,-1.12830198,-0.51711082,-0.45681903,0.07911103
2,0.356000,tongue,3,0.31784040,0.29519904,0.18448977,0.93072778,0.25961789,0.28849280,-0.55561674,-0.39902687,0.79755723,0.01114659,0.33408087,0.23388118,-0.50961202,1.53137743,0.86541039,1.92645562,-1.90075266,0.03737459,-0.58267295,0.32110235,-1.20652413,0.76883918
2,0.360000,tongue,3,0.42295536,1.86836529,0.14822246,-0.65535420,0.72773522,-0.26443332,0.59403557,1.34246409,-1.38980567,-0.41106001,0.55857605,0.76743722,0.48858044,-0.34666586,-0.03454877,0.47987160,-0.45090035,-1.40441775,-1.16342223,0.12156671,-0.41791099,0.08907777
2,0.364000,tongue,3,-0.37395382,1.59174383,0.43656832,-1.32843828,0.94314361,-0.71206772,1.26377320,0.69853550,1.03494525,0.70803529,1.68005610,-1.27037179,0.06250633,0.17346351,-1.65740848,0.24908076,-0.47721511,0.77248889,1.25257158,1.61187077,0.16392672,1.02017999
2,0.368000,tongue,3,-0.18280008,-0.29236796,2.26573539,-2.16415691,-1.65099990,0.35884947,-1.37405622,-1.11008894,-0.15451495,-2.02422452,0.27550399,1.86409700,-0.76766235,-1.14168477,0.01111026,-0.27951548,-0.83992904,0.89002043,-0.86485648,1.58602118,-0.21435019,0.80828071
2,0.372000,tongue,3,0.77059555,0.37565133,-0.67688167,0.60503697,-0.55562538,0.90650022,1.77396333,0.69649237,0.37312219,-0.23661715,-0.53923416,1.01621723,-1.34649813,-0.02691076,-0.32273620,0.61645520,-0.14974368,-0.79140639,-1.63178122,-1.16291380,-0.29648063,-0.34651777
2,0.376000,tongue,3,1.21596611,-0.43994969,0.38012773,-1.01349878,-1.23104072,-0.12963165,0.87833446,0.89953375,-0.41886118,-0.21221325,0.28601080,0.37066633,-0.20400298,-1.78414690,0.16215689,-0.65878117,-0.40470240,1.53075552,0.55986011,-1.22480881,1.23921692,0.85588157
2,0.380000,tongue,3,1.66803586,0.54176033,-2.00582647,1.00079072,-1.94300127,-0.36930025,0.10499071,-1.07388842,1.04473186,-0.78956223,-1.11910248,-0.17723884,-1.66418493,-0.40006799,0.82486498,-1.27843559,1.30483818,0.56534553,0.20812885,-1.76883447,-0.36675477,0.88130414
2,0.384000,tongue,3,-0.42242333,0.33583811,0.36605927,0.65459496,-1.94328296,0.20566733,-0.84053910,-0.46933058,0.57153744,-2.92138124,-0.42895162,-0.31709379,-0.30938438,1.65491843,-0.76167083,0.02460138,0.42601833,-2.31831241,0.72183007,1.45258725,1.32891202,0.06444404
2,0.388000,tongue,3,-0.32240972,0.49101171,0.59294516,0.41310629,0.20247054,-0.60607541,-0.52695024,-0.87992150,-1.58148110,-0.31578004,-1.57509863,-1.46627820,-0.73546433,-1.02899551,-0.10095362,1.03293121,-1.12396061,0.43629169,-0.09908383,0.28393236,0.52419889,-0.04300426
2,0.392000,tongue,3,-0.25969926,-1.91120458,-3.88064027,-0.46068648,-0.63362026,0.02671505,0.39480865,0.78354436,0.96866000,0.92128032,0.24509765,-0.36089244,-0.06297787,0.78305608,1.36146832,-0.94485074,-0.55576754,-1.50607610,-0.26338056,0.97681272,-0.53137243,-0.51676673
2,0.396000,tongue,3,-0.35107416,1.12114751,-0.70368099,0.78224605,0.42800021,-0.77335882,0.51853925,-0.51799417,0.76863110,0.68491662,1.22115517,0.24141109,0.14244066,-0.38708025,-0.96206290,-0.35747069,0.76042402,0.58862364,0.71765339,-1.03833330,0.82038653,1.17759824
2,0.400000,tongue,3,1.01618350,0.20399973,-1.36319721,-3.13954449,-1.31983984,-0.37242317,1.65610504,0.57481360,-0.63621831,0.11482772,-1.14811361,-0.25172243,0.35010970,0.31709754,-1.78418231,-0.34721088,-0.50969744,-0.23311922,0.42546695,-1.02776766,-0.68450123,-0.88157761
2,0.404000,tongue,3,1.97259533,0.34137028,-1.17501593,1.05131495,0.78770649,-0.03470151,0.19000304,0.70278519,-0.99374527,-0.15240936,-0.69686115,-0.89982194,0.81251657,-0.41760367,-1.33458388,0.17305073,-0.91944712,-1.03751409,2.17361546,-1.09417939,-0.71440506,-0.85292429
2,0.408000,tongue,3,-0.89885861,0.35608977,-0.45829061,-0.72740072,-0.83779925,1.26134622,-0.57500410,2.18940067,0.01547392,-0.06335665,1.39873457,-0.23189096,0.81180072,-0.77144545,0.56070292,1.03425372,-0.50544477,2.01490903,-3.59880137,-0.74019760,-0.72271615,-1.36767590
2,0.412000,tongue,3,-2.88774467,0.99197310,-0.65997559,-0.05912217,0.69791532,2.18813610,-0.27008650,-0.26434287,1.76041842,0.53784382,0.79832637,1.23055744,-0.69711286,-0.48330459,0.71904415,-0.49249050,-2.72092485,2.05702853,-2.57495975,0.34155318,-0.86365730,1.32042325
2,0.416000,tongue,3,1.35433602,-0.13320123,0.57968837,-0.53340548,0.36246717,0.83648819,-1.98469245,0.48913306,0.61318594,0.41555673,0.00307368,0.30706805,0.90964776,-0.01426381,0.62995410,-1.35797787,-1.74016774,-0.01182586,0.54148328,-0.32600224,0.78337097,1.57309866
2,0.420000,tongue,3,1.06872725,-0.10483080,-1.34644210,-1.45234275,0.51487702,-0.69110686,-0.20848332,-0.24213102,1.37299526,0.41907039,0.12336816,0.88087022,0.70011026,-0.04185683,0.31815013,0.44239575,-0.15591927,-0.52700680,-1.60631323,-0.92594475,0.25230098,0.42170879
2,0.424000,tongue,3,1.19522262,1.20942247,-0.59037948,0.68479300,0.41528463,1.21683753,1.25409198,-1.29230928,1.56744254,-0.02817593,-0.75787711,1.02656770,-0.06521756,0.93051469,1.30831051,0.91237086,0.14910918,-0.83130616,0.38037154,1.26208103,-0.20988634,1.47180009
2,0.428000,tongue,3,-0.30504668,0.03967529,-1.02445531,0.98907870,-0.45850390,-0.01871883,0.17206475,0.45544919,0.06012926,-0.72741914,-0.59935838,-0.43156558,1.10143459,0.32663369,-1.62800252,0.37955213,0.62513983,0.78599316,-0.58597922,0.60699463,-0.17544119,2.27209473
2,0.432000,tongue,3,-2.22058964,0.23035316,-2.56459427,0.47413024,-0.85368532,0.98534679,0.35095742,1.46971083,0.22690821,-0.17435323,-0.10954415,0.20075148,-2.56550646,1.34472287,-0.65903491,-0.63876313,-1.59330535,-0.45189080,-0.09387621,-1.56352997,-0.56132966,-1.42003369
2,0.436000,tongue,3,-1.27314889,1.12280846,-1.51882732,0.20104095,-0.11307670,0.69964236,-1.14885700,0.04922532,-1.18439949,1.64894354,-1.24895656,0.53420663,-0.53731143,0.41197991,-0.28389430,1.50637639,-1.11112595,-1.10021830,0.60008395,1.13490033,0.51401246,1.67145228
2,0.440000,tongue,3,0.03579531,0.01234458,-1.82859480,-0.03650269,1.94162667,-0.44844782,0.33783138,-0.35860124,-0.73807895,-0.03152892,1.32963002,1.94321907,-1.17891705,0.38114125,0.26094940,0.35818517,-0.24999818,-1.02175248,0.45495465,-1.84995210,1.58408713,-0.32361642
2,0.444000,tongue,3,1.37391531,1.22650564,-0.91010809,-0.16249867,-1.95398641,0.27855504,0.43026519,-1.33322394,0.35067576,1.87548065,0.08472470,1.57930648,1.21822965,-1.93626642,0.39204240,-0.97011703,0.86560237,-1.38550079,-1.82345426,0.50899923,-0.02263247,0.24709646
2,0.448000,tongue,3,-0.39480197,0.55587345,0.20975809,0.77438122,0.31816837,-0.91152960,-0.38386425,-1.44163632,-1.08517671,0.24097681,1.96316314,-0.45951414,-1.87289381,-0.55333591,1.44316304,-0.28740865,0.17102991,0.09626914,0.00398109,-1.89708638,0.41742033,-1.78969741
2,0.452000,tongue,3,-1.17380714,-1.52409351,0.59708118,1.18872821,1.43917489,0.04093879,-0.47671780,-1.11754680,-0.64176518,-0.37185138,0.97524387,-0.53013295,0.26302886,-0.05603119,2.29691434,-0.35088423,0.48318693,-0.47593009,1.76088691,1.15128505,-1.35235083,-1.19478583
2,0.456000,tongue,3,1.38226438,-1.55096030,-0.52571172,-0.34203181,1.09473932,-0.19703600,-1.16189432,-1.43642247,0.63996822,-1.34277594,-0.55157983,-0.35596734,-0.24932784,0.32516247,-1.78832519,0.46910453,1.32873678,0.28383827,-0.10922457,-0.69408482,0.48425609,-1.09060943
2,0.460000,tongue,3,1.14147723,1.11360157,0.62912703,0.13634786,2.17222905,0.39116803,0.06668305,-1.77839255,-0.89717847,0.03122159,-0.58864939,0.08068378,1.70078325,-0.29277539,0.76636612,-0.62352377,-0.41520491,0.04356188,1.37686682,0.29167509,-1.04108191,0.67455304
2,0.464000,tongue,3,-0.07943420,-0.83234125,-1.31686020,0.01855202,-3.41669679,0.01409519,0.00234557,-0.45769051,-0.80647957,2.49431467,1.24803650,-0.62989169,0.00539515,0.63643980,1.29378510,-0.19329445,0.24223612,-0.39232033,0.56449586,0.62618369,-0.26937094,0.87468666
2,0.468000,tongue,3,0.60672766,-1.15171409,0.05803767,2.06516480,0.97723961,-1.69711185,-1.31184745,-0.50354302,-1.00427485,0.47476715,-1.11568272,-0.18871292,0.65079945,2.09651113,0.69072956,-0.13129456,-1.46123147,0.27045435,-0.19776066,-1.29082823,1.03186560,-1.66470122
2,0.472000,tongue,3,0.03300214,-1.57712293,-2.19534898,-0.40154400,0.46615484,0.15724123,0.35505933,-1.00149870,-1.41181624,0.30597451,-0.74675041,-1.63959002,1.17295301,-1.02968097,0.76521689,-0.93052489,0.63343513,0.32931435,0.41297385,-1.73867762,1.06513536,0.48748478
2,0.476000,tongue,3,-0.21952972,-1.32568693,-1.37218130,-0.17789334,-0.93045300,0.98613727,-0.43875247,1.21675527,-0.16243914,-1.31886840,-0.17343280,1.35901165,-0.08263826,0.40489361,-0.31740481,-0.74000549,-1.25763464,0.06966275,-1.25630677,-1.85249424,1.10252607,-0.09507482
2,0.480000,tongue,3,1.82989788,-1.15963876,0.29768777,-0.27754956,0.98362219,0.67459255,1.16767561,0.70655978,-0.72123581,1.67482436,-0.17553355,-0.98367530,-0.41237843,-0.70724195,0.49073240,-0.45835671,1.00937760,-0.37278676,-0.99164647,1.28676879,1.69988334,-0.69674885
2,0.484000,tongue,3,0.08692384,-0.75377780,-0.56366760,-0.30686295,-2.82999945,-1.20575821,2.56941390,-0.35886186,-1.09589398,-0.29366180,-1.74777639,1.13583446,2.27252364,0.86326057,-0.88111115,-0.67721742,-1.71524453,0.79830909,-0.83156043,0.18293077,1.33687210,-0.31604427
2,0.488000,tongue,3,-0.85702205,0.67554510,0.47483841,0.13192296,-0.44678986,0.33380580,-1.23413992,-0.16196550,-0.27353990,-0.61481380,-1.42926860,0.74528027,-0.70737809,0.38439202,-2.76365471,0.82945132,-0.19489883,0.50621796,1.13033378,-0.94575876,-0.46665367,0.67339122
2,0.492000,tongue,3,1.78519511,-1.52386439,0.79004967,0.07226504,1.22219872,-0.64689118,-1.67153227,-0.26418656,1.39968765,0.79224348,0.91039377,-0.62926584,-0.74799120,1.35196042,-1.34304655,-1.56722343,0.03704269,0.41336617,-0.82265759,0.91294777,0.12187327,2.09762859
2,0.496000,tongue,3,-0.77661979,1.52727616,-0.49225152,2.89113379,-0.17327300,0.73696500,-0.03067955,-1.39574707,0.93416721,0.77576238,0.83845317,0.43153355,-1.07220471,-0.78386223,-0.61126101,1.83566642,-0.73656684,-0.27179387,0.34131059,0.00225890,-0.17468938,-1.00075543
2,0.500000,tongue,3,2.85389996,1.10541439,-0.32971114,-0.68776113,1.62045658,0.54454935,-0.43191671,-1.79015374,0.09716163,0.03348690,-0.86658061,0.75993913,0.17942750,0.78221214,-1.00172627,0.90154916,1.57909250,0.76738143,0.46126175,-0.97787935,-0.21668722,0.32098079
2,0.504000,tongue,3,-0.03213993,-0.17198609,-0.89003104,-1.37431645,1.51703000,0.10099651,-0.54131866,-0.45845264,-0.14967479,-0.09143730,-0.62051719,-1.14208961,0.48945475,-0.18194291,-1.62338400,-0.71292371,2.06077266,1.09013879,0.12827303,2.17693901,-0.30160958,-0.00636513
2,0.508000,tongue,3,0.61092603,-1.13136816,-0.43395868,-1.38234651,-1.79993570,0.66150963,-1.01317453,0.51092440,-0.76688939,1.04311836,-0.74156821,0.35774103,2.02489305,1.07637131,-1.31418288,0.49528539,-0.60516566,1.03767264,-0.49017248,-0.36487478,-1.22754109,-0.25144261
2,0.512000,tongue,3,-0.54018831,-0.93240529,-0.45825559,1.91493928,0.91961521,-0.14608251,0.20372090,-0.52840567,1.40189171,-0.49426880,-0.18963501,1.23250091,-0.64690500,-1.47286940,0.16999266,0.30293956,-0.40736970,0.73899817,-1.90253508,0.21199267,-0.03430260,0.22017138
2,0.516000,tongue,3,0.61369449,-0.16453035,0.90121174,-1.40495229,-0.26268077,0.16367558,-0.15707657,1.74540961,-1.19112778,-1.22001863,0.55443507,0.27226621,-0.68310708,0.31696746,-0.44245896,0.91626006,-0.43219963,-1.74475038,-0.81177777,1.27767062,0.86071086,0.55170071
2,0.520000,tongue,3,-0.52603465,-1.52389097,1.75575292,1.57729125,-1.38209105,1.07460260,1.34556687,0.87492269,0.62823570,0.22281489,0.58190954,0.79475552,2.15576315,-0.27344301,-0.23096827,-0.01037747,1.40466774,-0.13482353,0.53514314,-0.19492505,0.27294171,-0.02274178
2,0.524000,tongue,3,-1.95056486,0.01149786,1.12239850,-1.64911747,-0.47966340,1.31310356,-0.04316440,-0.31682366,0.91662037,-2.27583647,0.99267715,-0.12713021,2.36839008,0.24766596,1.40044260,-1.87300730,0.62448668,0.11264027,-0.74202347,-0.64518487,-0.25728115,-0.19365269
2,0.528000,tongue,3,1.18898523,0.30435228,-0.09833919,-1.08234096,1.55503321,1.01578093,-1.47053337,-0.61389667,-0.82951295,-1.33327651,0.77183247,0.92499179,-0.54636121,-1.97499943,-0.25750434,0.09453245,1.80320036,-0.29373950,0.45495722,-0.87603235,-1.10113466,0.39796689
2,0.532000,tongue,3,0.34033161,0.12363740,-0.66012639,-0.33873889,-0.39641583,0.75216860,0.27570063,0.17202461,1.26711571,0.36464068,-0.52763796,-0.95530909,-0.04678464,-0.98472184,0.36123294,0.16073994,-0.34411931,0.28300294,0.21302912,-2.02941728,-0.80381632,-0.77929807
2,0.536000,tongue,3,1.80965364,-0.45801568,-1.92839622,0.15942815,-0.05952952,-0.74048805,0.85991716,0.01857699,-0.56782645,-1.25033724,-0.83747488,-1.59686065,0.34599432,-1.04404747,-0.29285723,0.45832953,0.06590317,-0.40303046,-2.01518369,-0.85794073,-0.65576392,1.45764315
2,0.540000,tongue,3,-0.43278202,-1.34840000,0.50703013,-1.03611696,-0.37416211,-0.02078516,-1.29385626,0.02656169,0.91777927,0.46776956,-1.57167709,-0.91630721,0.41812205,0.18348789,-0.65253830,-1.93529642,-0.46865547,-1.39619958,1.92710102,0.70642102,0.01781292,-0.68028378
2,0.544000,tongue,3,-0.71460354,0.83798736,-1.16024256,-0.21235523,-0.97008193,0.48092005,-1.00138581,-0.40036696,-0.73222202,-0.84465152,-0.08609157,1.36144483,0.93109882,1.63222241,-1.04438245,-0.41786122,1.89236093,0.86698031,-1.58240426,0.09461991,-0.29738399,-1.95393586
2,0.548000,tongue,3,-0.64181811,-0.12042437,2.16467571,0.12311351,0.08522607,-0.67684984,-0.02429754,-0.17555039,1.84902406,-0.12101839,-1.28984356,-0.71089637,-0.60803962,-0.85265064,0.93848580,-0.77848971,0.28354543,-0.04687384,-0.30510840,-0.48021370,0.80330223,-0.27839172
2,0.552000,tongue,3,-0.49099219,-0.26253602,-1.08980620,0.27889666,-0.52307278,-0.46372941,-0.12471310,-1.22597516,0.36453885,0.47809204,-1.82888091,-0.70897698,-1.07447493,-0.45499873,0.18936841,-0.04780600,1.51286221,-0.62520927,-0.72907215,0.64174139,-1.25843012,-0.50935149
2,0.556000,tongue,3,-0.31831923,0.37545058,0.16757675,1.16470754,0.85303921,0.90408242,0.12839302,-0.15672676,-1.81810200,-0.44877118,0.11639540,0.79034197,0.28051314,0.32881552,-0.55808318,-0.28455374,-0.22890878,-0.25085586,-0.93873841,1.14339566,-0.83129519,1.01923323
2,0.560000,tongue,3,0.75727940,0.99986577,-1.30383384,0.70346487,-0.18343551,1.77329969,1.19909680,0.82224923,-0.16531678,0.11457976,1.34070992,0.25693250,-0.33438215,-0.92355847,1.92582130,-0.45436764,-0.60404426,-0.10735124,-0.31651682,0.55463284,-1.50233698,1.36113596
2,0.564000,tongue,3,0.30954298,-1.55106354,-0.04767475,-0.37705684,-0.06423435,0.16439618,0.93735182,-2.46801639,0.09846755,-1.13737261,-0.73126894,0.50401556,-1.14633524,0.32361341,-1.23961186,0.64697438,-0.86900622,0.61819774,1.31929660,-0.03814374,-0.30315527,0.55216420
2,0.568000,tongue,3,-0.01223407,0.31595707,-0.56026036,-0.19355069,0.23058356,0.92174125,-1.43851054,-1.76771700,0.75928879,-0.84635293,-1.28816497,0.03928608,0.97182608,0.21357268,-0.70646524,1.26345932,0.19026685,0.15379368,0.40555096,-0.21069622,-0.40836519,0.02125960
2,0.572000,tongue,3,-1.19246948,-0.25296044,1.47331953,-2.47039795,-1.09844434,0.63007271,-0.77999532,-1.69719267,0.73090410,1.20708001,-0.69565165,0.83435845,0.31991547,-0.51851666,-0.48113659,1.85142374,0.38181546,0.00560859,-1.21731305,0.32641059,-0.42608532,-0.66638917
2,0.576000,tongue,3,-1.71349680,-0.49117482,1.57713711,0.85434133,0.50528920,1.69121242,0.31387761,0.25029203,-0.14525048,0.36462784,0.33697027,-0.12295745,0.30568099,-1.36992717,0.08976939,-1.18590379,-1.15940237,-1.71619987,0.66624916,1.77725160,-0.08208825,-2.48327947
2,0.580000,tongue,3,0.50903612,0.00819533,-0.27943125,0.53169048,0.35062933,-0.88151932,-0.38988042,-0.71289361,-0.60912222,-0.57985771,-0.40128550,-1.31474316,-0.22127523,2.03877878,-0.20881851,-0.58234471,-1.74161017,-0.53440988,-0.96140844,-0.02525141,-0.68860000,-0.51179761
2,0.584000,tongue,3,-0.14442044,0.20151076,-1.39967489,-0.34486678,1.57880676,0.54664481,-0.18272161,-1.98241365,-0.80217797,0.77448714,1.61608863,-2.32134461,-1.53004014,-0.75473064,0.14073882,-0.52013189,0.44995272,0.24962378,-0.01755245,-0.31307244,1.82564569,-0.05458180
2,0.588000,tongue,3,0.81434035,-1.05730927,-0.41929841,0.83483011,-0.99857986,0.43998343,0.33595923,2.06980062,0.15069282,-0.13526748,-0.70223635,1.11988306,-0.78209311,0.97046071,0.12420518,0.69183874,-1.09796894,-1.10484087,-1.98069417,-1.94754624,-2.40220380,0.48089322
2,0.592000,tongue,3,-1.63992274,-2.00264668,-0.96001345,0.03785826,-0.01237619,-1.78326595,0.29865706,0.18582705,-0.50294679,1.46422660,0.41845220,1.51924920,0.01289951,-0.54443365,-0.53303963,-0.35574824,0.85976332,1.30565250,0.28614655,-0.51047003,-0.13679470,0.63198465
2,0.596000,tongue,3,0.64143324,0.83604789,-0.07677513,0.58714736,-1.81459391,0.16319072,0.81775761,-0.10881692,0.57795489,0.18942469,2.90973258,-2.67718244,-1.37307501,-0.80565560,0.13555729,-0.11085714,-0.45373729,0.46174520,0.59738231,-0.40800303,-0.94616562,-0.68382120
2,0.600000,tongue,3,0.95833665,0.10519781,-0.20000504,0.77491146,-0.60972857,0.58547956,-0.82521319,0.34925091,0.56046748,0.48535827,-0.49893129,1.05666244,-0.46613389,0.27328223,0.14493790,-1.77292955,0.56526655,0.88144195,-0.33127427,0.78833622,0.66866845,0.26391444
2,0.604000,tongue,3,-0.66828626,-1.14099276,0.60223937,1.83767271,0.15760079,-0.24740823,-0.83013505,1.30890083,0.66459322,-0.30693746,-0.12756623,0.12520954,0.96825731,-0.13325103,-0.50788260,-2.46930027,0.07915579,0.45622760,-0.18393312,1.34839725,-1.85462987,-0.43499368
2,0.608000,tongue,3,-0.92955625,0.28897747,-0.67563212,-0.64345413,-0.68193197,0.34799773,-0.32309717,-0.67640042,0.84724391,1.59380352,-1.69641507,0.65238541,-2.23338199,-0.59396881,-2.02150488,0.37076074,-2.17296481,0.47178161,1.81637406,0.99430066,-0.54589671,-0.46742439
2,0.612000,tongue,3,-0.91385168,1.39905906,-0.25517571,-0.32678097,1.91314125,1.04421210,-1.00414693,0.95608526,-0.51172692,0.05888213,-0.07451916,-0.97990322,1.67959070,0.70781970,0.73728383,-0.48402178,-2.22792625,-0.41067177,0.76360959,2.10693884,0.24581322,0.26139227
2,0.616000,tongue,3,-0.87175471,0.49051052,-0.18725081,-0.84836620,-1.39593387,0.21529558,-0.53774703,-0.64882880,0.46632785,0.71786684,0.18145522,-0.78014910,2.50305367,1.63445807,-2.52373195,0.08556214,-0.65724331,-0.64394540,0.24933277,1.66820300,0.55528003,-1.20164680
2,0.620000,tongue,3,-1.04509139,-0.16532218,0.44099915,0.85106188,0.80549341,1.28036273,0.10068743,0.20404826,1.20700264,-0.99470061,1.23856699,-1.59419215,-0.57584953,-0.69528955,-1.04868555,-1.74625039,0.03629305,-0.58350992,-1.30665672,0.65833807,-0.31432012,0.79273415
2,0.624000,tongue,3,0.75696439,0.14100079,0.53672665,-1.20084512,-1.90513623,-1.75671124,0.20860484,-1.03989315,-1.44205594,-0.47412637,0.39154211,-0.09973729,-0.13586839,0.95218670,0.29544646,0.25644171,0.76200420,-0.65015024,0.38598663,-0.34119800,1.36400938,-0.06679319
2,0.628000,tongue,3,0.04247804,0.57678550,0.34870291,-0.38260549,0.34936616,0.87101728,1.00600934,0.75050938,-1.04936862,-1.90517879,1.07418752,-0.46103343,1.37119234,0.85310864,1.06865311,0.07836860,0.33914292,-0.90894842,1.44224000,-0.71038413,1.68377733,0.67597598
2,0.632000,tongue,3,0.04875536,0.77900934,0.31949511,-1.09557450,-0.42153579,-0.24226691,0.08160117,0.35976949,-1.16807914,1.47019994,-1.13665462,-0.09387118,1.54733896,-0.05093712,0.43391556,0.67790824,-0.58511865,-0.46310413,0.08871371,-1.01272738,0.96523851,1.58595300
2,0.636000,tongue,3,-1.56589818,-1.77768767,-0.21333805,-0.45737192,-0.56753391,-0.26004893,0.72895926,0.27003640,-1.07034111,1.07512617,1.45055461,-0.70172572,0.35502332,-1.22970736,1.11102915,-0.51918083,-0.74663246,0.26219326,1.32013702,-0.28023025,-1.11155319,-1.98063195
2,0.640000,tongue,3,0.28665769,0.28602520,-1.09425175,0.39177442,0.91302723,-0.47894320,0.57540160,0.76095849,0.76787114,-0.63895744,-0.48410094,-0.90985703,-0.25625020,-0.50991642,-0.10251145,0.62289643,1.53340900,0.99263358,1.41251659,2.20520353,-1.54361379,-0.41988730
2,0.644000,tongue,3,0.60167003,0.64936328,-1.21421242,-1.58629501,-0.24152470,0.03672749,-0.43370664,0.60399044,-1.24175322,1.15952921,-0.08637871,-1.29263389,1.14600360,-0.28405464,0.34229863,1.29043913,0.15268640,0.44239882,-1.77721727,-0.44498733,0.50885886,0.72150230
2,0.648000,tongue,3,-0.34186572,2.98658919,0.62829924,1.49795878,-0.49832198,-1.04826474,2.55409884,-0.27406594,0.00108648,-0.03931982,-0.53411233,0.47811770,0.95340520,-1.23420215,-0.93022454,-0.27483097,-0.27943805,-1.14274693,0.88990217,-0.59726733,-1.05758214,-0.74043787
2,0.652000,tongue,3,0.82911193,0.32356369,1.92286050,-0.00922111,0.27759808,-0.70811224,-0.05066976,-0.00760356,2.12098098,1.04420722,-0.24703465,1.06057358,0.63146466,0.67469186,-0.93659347,1.13733816,-0.53038698,-0.09890645,0.13210328,-1.48376155,-0.03764210,0.22557026
2,0.656000,tongue,3,1.08782506,0.15776165,-2.30868769,-1.23943520,0.26259339,1.70714045,-0.43027425,0.42847967,1.55341876,-0.66236234,-0.27141491,-0.98452324,0.91948980,-1.10241115,0.05534821,1.50886989,-0.62133807,-0.37846947,1.00211334,-0.88669646,-0.78874242,1.14763880
2,0.660000,tongue,3,0.97331595,-0.86531913,1.17666388,0.28345630,0.73097336,-1.69402945,-0.70278382,-0.20920908,-1.01530516,0.11745405,-1.02090728,0.85543042,0.40666443,-0.93452102,-0.08361246,-0.45351395,2.23759818,0.30443153,2.03589010,-1.55789661,-0.02818566,-0.18372343
2,0.664000,tongue,3,-1.29531646,1.40660381,0.66935802,-0.44931367,0.48323578,2.17100739,0.63263839,-0.95150471,-0.45850313,0.08853087,1.93193460,2.19845271,1.20609438,-0.75898957,0.22639391,1.11143339,0.57993174,0.54348868,-1.62547803,-1.09419727,-0.69965613,1.21366847
2,0.668000,tongue,3,-0.64549959,-0.25513971,-2.46931958,2.25742912,0.05128851,-1.05800056,-0.00497971,-0.11530810,1.02123070,-0.85450482,-0.10669010,1.44336331,-0.35315996,-0.62939018,2.11437488,-0.47872898,-1.27418876,1.49270070,-0.12991844,-1.60227263,1.39901423,-1.65466142
2,0.672000,tongue,3,1.08253527,-0.83914214,0.37894791,0.66193181,-1.99028921,-1.61380553,-0.78174984,-0.25040078,1.48422182,0.24309969,1.10335505,-0.43434778,0.45202714,0.03063386,-0.60149223,-0.88200289,1.94143736,0.27891171,0.04823120,-1.01341283,-1.18882704,-1.28539765
2,0.676000,tongue,3,-0.33516428,-2.84355283,0.65179121,-1.53986931,-2.39899993,-0.09341703,-0.54225934,1.07365680,0.87329149,0.16948341,-0.05753500,1.26730776,-0.29550812,-0.94271469,0.27389321,1.32394195,0.75836092,0.88310087,-1.46468055,-0.52746081,2.38888550,-0.16292605
2,0.680000,tongue,3,0.62749302,-2.09998655,0.82454860,-1.84622061,-1.44191289,-0.17766581,-0.34507325,1.20558369,-0.98287868,1.78616095,1.68389487,-0.61170918,-0.09077410,-0.62164152,0.40151742,-0.61485469,-1.28123772,0.64570898,0.16329819,0.16284493,1.27951896,-1.27746880
2,0.684000,tongue,3,-1.03588045,-1.77709150,-0.94648856,-1.44670463,0.45074826,-0.82777911,0.43765068,0.50942481,0.70594913,-1.60202527,-1.79199755,0.98032314,-0.37307233,0.99765897,1.76743627,-0.51892728,0.73427063,0.02663953,-0.27117974,2.61000347,-0.11265941,0.66276836
2,0.688000,tongue,3,0.70097208,-2.14505625,-0.28380534,0.35055760,-0.87270772,1.17146552,-0.65184438,-0.11966595,-0.15636681,-0.54112482,0.67899144,0.31363779,0.40199447,0.25521505,-0.28025338,0.60665017,0.16098543,-1.22245741,-0.71438926,-1.12089586,0.08351575,0.20240316
2,0.692000,tongue,3,0.38373131,-0.81218433,0.47767735,-0.50207466,0.15857726,-0.25923866,0.09036750,0.46213943,-0.68206000,0.46868780,-1.26242936,0.91631943,0.91114533,-1.18224180,1.09551430,0.04641116,0.06452662,1.53043520,-0.36578181,0.47090608,-0.38707215,1.63557267
2,0.696000,tongue,3,-0.52278656,-0.85164136,-0.70697480,0.46581522,-0.49347439,1.49768043,0.27021751,-0.99181879,0.53263795,0.22692549,-0.75427043,-0.68121624,-0.40786448,1.29639697,1.17435515,0.44936013,-0.96317816,0.71723288,-0.52764136,-0.77123404,0.30037948,-1.04952466
2,0.700000,tongue,3,-1.65982258,2.30313063,1.08708978,1.23362935,0.93839812,-0.07694079,-1.19989443,-0.50355166,-0.16173473,-1.88964415,-0.08449706,0.11886644,0.64073235,1.17001510,-1.30284214,1.82318354,0.20640731,-0.43157569,-0.34831613,1.14901841,-1.02730906,-0.33949080
2,0.704000,tongue,3,0.96302176,-0.35132718,1.14477420,2.59133506,-1.29026282,-1.22606242,-0.10835793,0.14674859,-1.35254014,-0.27010432,0.98786539,0.63640016,0.49156761,1.32227349,-1.32904255,-1.58023763,0.42368138,-1.25878656,-0.76015854,-0.25834885,-1.50610530,1.89508259
2,0.708000,tongue,3,0.91420925,-0.87274730,1.69024062,1.29706919,1.45745349,-0.33718136,0.23109144,0.30109775,1.03544688,1.20704830,0.69374835,-0.52122247,-0.54850268,0.01062114,0.15720823,-1.23051691,0.37668455,0.34026581,-0.66047949,0.35585505,-0.93950152,-0.21227242
2,0.712000,tongue,3,0.48729238,2.20133376,-0.95913941,-0.05383853,-1.31615508,0.69762635,-0.42246822,-1.45197713,-0.58388495,0.03490958,-0.62078393,1.32002199,0.70742065,-1.17506480,0.40280506,0.11753469,3.84432840,0.52346778,-0.01127743,-0.87945682,2.35387850,0.53457719
2,0.716000,tongue,3,0.06788407,0.09232401,-2.04701042,-0.81232888,0.34453166,-0.84714115,0.94379401,1.32325029,-0.31719607,0.01992366,-1.40888977,-0.43655723,1.54532468,-0.74854761,-0.98635954,-0.71166515,0.40453672,-0.23230419,-0.92392898,-0.62720418,-1.07643580,-1.73323619
2,0.720000,tongue,3,0.96195495,0.25885594,-2.43622684,-0.98167586,1.77199805,0.61471647,-1.58650959,-0.27833918,0.86735690,0.17554510,0.87005585,-0.03842476,-0.31535640,-0.83608317,1.08101654,-0.42344800,0.30486766,0.80116737,-1.10070717,1.24114144,-0.78501534,0.72973579
2,0.724000,tongue,3,0.40430841,1.29692018,0.70338911,-0.79571962,-2.09020996,0.69723105,0.87321073,-0.11026643,1.58230710,0.52668875,0.73689252,-0.07648627,1.81278002,-0.46970201,0.83873940,0.55354762,0.88947248,0.77346712,-0.09763482,-1.64999545,0.45900881,-0.15161942
2,0.728000,tongue,3,-0.43320912,0.86537045,-0.09444578,0.46635672,-0.39338762,-0.84250176,0.93079627,0.20254388,0.22529873,-1.74692047,0.61577010,-0.41890115,2.99908257,0.55514288,-0.12653387,-0.52262652,-0.28838679,-0.48867670,1.64501035,-1.41372442,-0.66095001,-0.11708345
2,0.732000,tongue,3,0.99808788,0.70212650,-1.05503428,-0.62406641,0.65802151,-1.93503785,0.41534358,-0.10838883,-0.26440418,-1.62826765,-1.35842371,-1.60603011,0.07962124,2.28606915,0.39348215,-0.02825329,-0.80061489,-0.14881212,-0.33164647,0.43792552,-1.08773899,-0.31552297
2,0.736000,tongue,3,-1.85463703,0.53217494,0.29311925,-2.03760362,-0.17623021,-1.68048751,-0.40351439,0.37535346,-0.72206831,-0.24597000,-1.69762957,0.86825871,1.67195320,1.23991787,-0.49330568,1.45110095,1.67472422,-0.24019906,0.07132293,0.62943083,-0.15774709,-0.18918613
2,0.740000,tongue,3,1.97268701,0.84238225,1.52065802,0.04937726,-0.06315283,1.45007849,0.05524198,-0.30548966,-1.42352641,-1.07033360,-0.09845248,0.87860769,-1.25611055,0.29082376,-0.84574598,-0.80903947,-0.18856151,1.24143195,-0.55394787,-0.48430598,1.53464150,0.51823902
2,0.744000,tongue,3,1.47407603,0.26808992,0.12818381,0.10380039,-0.36041781,-1.27297235,1.44372690,1.69406271,0.57278126,0.73589969,0.31984365,-0.45868936,2.19714165,0.07290466,-1.52598584,0.91840911,-1.63811088,1.04433846,-0.30547985,-2.79380488,0.97004282,-0.69568527
2,0.748000,tongue,3,0.36987093,1.36477137,-1.71255779,1.39980435,1.20828426,-1.35703218,0.40227291,0.03959854,0.61918473,-0.16613398,0.82388812,-1.23006666,0.45592126,0.10106046,1.16717327,1.26454878,2.05400467,-0.00874215,-1.57859337,0.56884307,-0.86702657,-1.69400096
2,0.752000,tongue,3,-0.25647509,0.08774164,-0.31921828,0.19344652,-0.42871776,-0.63321525,0.31979769,-0.50011295,2.19536209,1.28336477,-1.80438542,-0.25817171,0.47773269,1.10949504,-0.64905745,-0.40167323,0.92806476,-1.39085519,-1.20472085,-0.84122401,0.71271175,1.24578357
2,0.756000,tongue,3,-0.01175112,-2.36508894,-0.49805582,0.93330014,-1.73365879,-2.19083333,-1.09405243,0.35165912,-0.83501220,0.65327066,-0.24671945,-0.71709013,0.74366534,-2.82723570,0.36201191,-0.55959654,-1.40652263,1.30387807,-0.45200208,-0.69454998,-0.82037365,-0.70039558
2,0.760000,tongue,3,-1.00186396,0.80052167,-0.30534193,-1.19475985,0.73858321,0.21049426,-0.16189352,-1.88893855,-1.17644465,-1.01170707,-0.87322259,0.01622126,0.30556396,0.43228531,-0.21497127,-0.47856009,1.13408506,-1.08489656,-0.62093967,0.00152844,-2.38511491,0.11974993
2,0.764000,tongue,3,-0.25994474,1.11521661,-0.24082232,2.87555957,2.04235482,-0.98895991,1.46665144,-0.92520952,-1.45848715,2.12994146,1.14507496,-1.13270247,1.02815616,-0.68914056,0.23352893,-0.71930629,0.21933694,2.14056730,0.59674460,0.40334666,-2.09448028,-1.31058300
2,0.768000,tongue,3,-0.78702003,0.50346273,0.98145175,-0.91029757,-1.80559838,0.45855018,2.05194855,0.48091328,-0.27959612,-0.56627667,1.31216347,-1.12286460,0.95787340,0.75783765,-0.56824112,0.46892557,0.61216253,-0.58668506,-1.15436244,1.52118003,-0.12757263,0.63123608
2,0.772000,tongue,3,0.85921860,-1.78587270,0.24367197,-0.27319852,1.02487111,-1.17566228,0.39644998,0.34725422,-0.36772355,2.16870308,0.00799747,-0.12769528,0.39234117,-0.75831312,1.39894891,-0.97029442,0.49104524,-1.44199800,-0.11905762,-0.46630761,0.62234771,0.37147349
2,0.776000,tongue,3,-0.12168012,0.98555195,-0.06573328,0.77345288,-1.88808084,0.17487934,-1.00003982,-1.57124007,-1.72590828,-0.42201340,-0.39727268,-0.07685047,-0.28948653,-0.54335111,0.48771188,-0.09908864,-0.16610587,0.03624338,1.78606701,0.40961462,0.61893970,-0.57240963
2,0.780000,tongue,3,0.07008835,-0.63581753,-1.12098777,0.05365871,0.88791388,1.00167894,-0.87356019,-0.60772449,-1.75679028,-0.24903969,-1.25113189,-1.36048365,-0.93289948,-0.08418752,1.67443562,1.93409121,-0.95422822,-0.20971337,-0.97981203,-0.56542307,-0.54769683,0.10164848
2,0.784000,tongue,3,0.81051815,1.97265232,1.92965901,-1.05634844,-0.96226728,-1.30759990,2.28907609,-1.59968686,0.42007664,-0.47146907,-0.83079195,0.45737785,0.09521075,-0.34902740,-1.14763916,0.12075210,-0.11605165,-1.06007850,-0.21670586,0.26327071,1.19697130,-0.39146456
2,0.788000,tongue,3,1.39071715,0.96894455,-0.77979308,0.61709523,1.02979898,0.73212594,-0.32052729,0.38032413,-1.29750144,1.18102896,0.63397998,-0.52335340,-0.76327443,-1.09460008,0.46388415,1.46468687,-0.64781493,0.85211790,-0.16149956,2.49550986,0.75211906,-1.46992111
2,0.792000,tongue,3,0.43710130,0.14026672,-0.74359584,0.49494007,1.26468813,1.09948695,0.05039713,0.22487183,-1.78560507,1.06639135,1.34695303,-0.89908093,0.54545683,1.35935116,0.90182209,0.52894360,2.46269584,0.57678276,0.91597843,-0.60584885,-1.85837448,-0.77773488
2,0.796000,tongue,3,-0.45952690,-0.55185622,1.09381497,-1.15018904,0.46730405,-0.62304610,3.67040110,0.83801031,0.99701416,0.51647353,-0.89831078,-0.18049049,-0.28719985,-0.96680021,-0.83366495,-0.19123879,-1.10572183,0.64885199,1.02224278,0.27361691,-1.65872180,-0.05751742
2,0.800000,tongue,3,-0.86743706,-0.42581317,0.40603086,0.27982545,0.05477879,-0.53783011,0.03674438,1.64439452,-2.95119691,0.43321240,-0.53418279,0.80465525,-0.10060032,0.99022120,1.29839456,0.84409547,1.39648545,-1.03134990,2.07882166,-1.38520825,-0.83963627,-0.88997120
2,0.000000,left,4,0.05221518,1.20561695,0.48047081,-0.54911852,0.29245159,-1.86493409,-1.22307122,0.23848335,-0.53466368,0.51695889,0.62526745,-1.37246919,-0.44514894,0.61350191,0.38902694,1.59326863,0.28046218,-0.25915399,-1.14916468,1.29274642,-0.85596591,1.80711555
2,0.004000,left,4,0.12868255,-0.91124475,0.46605694,0.17462286,-0.36606923,0.06036631,0.20999207,0.70794189,-2.96319962,-0.73126864,0.79948390,0.92421627,1.02742875,0.83707750,-0.28863731,-0.68716836,1.75109017,-0.43440005,0.97314841,-0.62399030,0.23183480,-0.14750576
2,0.008000,left,4,-0.03443006,1.56903756,-0.43341440,-0.16175702,1.53116083,-1.39180005,-0.16234207,0.18807569,1.21920717,0.78179199,-0.82946306,0.53082347,-0.12367020,-1.98625040,0.44904077,-1.17468095,-0.45695919,-0.65800887,-1.55003929,-0.79868138,0.19404119,-1.08151579
2,0.012000,left,4,0.29102331,1.52040148,-0.56310248,-0.14294226,-1.68811762,-2.01300073,0.71221596,-0.22362751,1.89771175,-0.11451608,-2.73088288,-0.68925273,0.68158281,0.54266125,-0.19073026,1.11219656,0.82473755,-0.35176978,1.15169775,-0.00021680,0.60938281,-0.47121328
2,0.016000,left,4,-0.68868697,2.33791685,-1.39095056,-1.11761785,1.14911556,-0.74305046,-0.93655825,-0.37963834,-0.22237965,1.38815045,-1.85092235,-0.26642424,1.03983295,1.25688946,-0.38791904,-0.22650391,0.68802571,-0.58143425,-0.73781288,0.49358818,0.70902729,0.10738786
2,0.020000,left,4,1.78855169,1.15917659,1.79341614,0.63263851,0.13781531,-1.30640054,-0.04754442,0.46891201,0.52462584,-0.29245481,0.53824967,0.26991448,-0.87933570,-0.35670969,1.60863352,0.88128144,1.02086949,-1.32303023,-0.82800847,0.09941550,0.71547461,-0.50184500
2,0.024000,left,4,-1.01288879,-0.80312002,-0.96826416,3.20725274,-1.29232609,0.00454953,-0.51458228,1.41392601,0.24626113,-0.37754786,1.04907656,-0.03144622,1.06985426,0.79226804,-1.18225873,-1.27935648,-1.17249417,0.42135748,-0.73776323,-0.42436516,-0.76542324,0.68917102
2,0.028000,left,4,0.05538730,-0.56811470,-0.52707797,0.06921312,0.02718550,-0.48568726,0.66481602,1.00615990,1.22453749,-1.99048650,-0.20803368,-0.13221286,0.87021166,-0.26585153,0.09219338,-0.70060027,-0.35557321,0.16519094,0.70576185,-0.02478471,0.81360382,0.48816517
2,0.032000,left,4,1.64269590,1.06277394,-1.60957134,2.46799159,0.01885739,-0.89896917,-0.84797609,-1.43644965,-0.26439688,0.66637784,0.44112074,-0.30979505,-1.41070402,0.05007251,-1.42023349,0.26878148,0.66448033,-1.69332409,0.67439342,1.24306250,0.46759027,-0.17182493
2,0.036000,left,4,0.36416128,0.11916025,-2.22934604,0.55618274,0.76993775,-0.79328001,1.86693907,-0.78332245,0.90926003,1.82468474,0.77044338,-2.39195681,0.78578138,0.17885324,-1.41815615,0.06470000,0.80081594,0.15756215,-1.03645182,-0.86349088,0.50906557,0.39354631
2,0.040000,left,4,0.43936574,1.17165184,1.86134279,0.76066494,-0.38151017,-1.35388350,0.00356882,0.09577841,-0.67803222,0.88342947,0.13174672,0.36723882,0.45123631,-0.67580324,-2.22269511,-0.62741303,-0.18135220,-0.08663786,-0.00830750,-0.02974345,-0.30677974,-1.37593806
2,0.044000,left,4,-0.07263772,-1.84031832,1.08924258,-0.47515562,-1.89623189,0.83871049,-0.70637858,0.80514050,0.96110737,-0.05540499,0.86423439,0.12007420,0.95070744,0.97767526,-1.74417484,0.13873136,-0.79706281,0.54083335,0.11191507,1.61541724,-0.35672364,-0.59734046
2,0.048000,left,4,-0.18207458,-1.25328898,1.32171977,-0.41614339,0.27041227,-1.36606407,0.35078561,1.25900149,-1.11945164,0.73811787,-2.00580597,-0.56364578,1.66526091,1.74385667,-0.35688978,0.73231697,0.78905594,-0.90382993,-0.48514900,-0.80786377,-1.96167803,-2.06432176
2,0.052000,left,4,1.08760929,-0.48409122,-0.55102700,-1.13769746,0.43542030,-0.43652445,-0.68537039,0.59801012,0.17938961,0.44440082,0.40634376,-0.30457950,0.12621713,-0.87021363,0.58313090,-0.36442104,1.78636575,-0.81810379,-0.66830683,-0.25398618,0.36512008,1.67983532
2,0.056000,left,4,1.98934364,-0.94829619,-1.15185380,-0.48997372,-0.77991945,-0.82753581,1.55634975,-1.13318396,-0.72462088,1.95886290,-1.20895624,-1.00491774,1.32628262,-0.69013298,-0.46608579,-0.22069380,-0.80190533,1.38392365,0.57088691,-0.02264092,-0.32918003,-1.09585905
2,0.060000,left,4,0.48440933,0.03486498,-0.88293356,-0.53479803,0.49656785,0.12746771,0.14331114,-0.45340684,-0.68706131,-0.42489752,-0.24763606,-0.34193560,0.48512402,-0.75755978,-0.03548139,-0.73188949,1.45619249,-1.13837957,-0.13593963,1.21836448,0.58807576,-1.25862849
2,0.064000,left,4,-0.64088959,0.21837451,-1.04895258,-0.38207665,1.22686958,-0.15765680,-1.17982805,-0.56447238,-1.77855039,-0.58191019,0.85757178,-0.77778828,1.22277689,-0.33499610,0.64089262,1.47208524,0.33774787,1.12323785,2.00880814,0.46185774,-0.25594598,-0.36130986
2,0.068000,left,4,-0.87122196,0.99625695,-1.84748101,-0.23285544,-0.06760092,0.42318609,-1.00318766,0.37434739,0.49950269,1.70659316,-0.95433468,0.80337489,-0.10813931,-1.27656949,-0.32409292,0.20539913,-0.72074997,1.21473575,-2.29616332,0.67553264,-1.23649871,-0.41994572
2,0.072000,left,4,1.56794477,-0.06997976,-0.26562038,0.14487055,1.27008080,0.19213498,1.14643967,2.18443966,1.05580664,0.32259166,0.71838433,0.71579987,-1.69604826,-0.96567559,-1.00568891,-1.85052824,0.58598149,0.68410540,-0.74528301,1.93777823,-0.51818007,0.36618960
2,0.076000,left,4,-0.77988672,0.57490140,-1.13603067,1.27793622,0.71461982,0.92681450,1.82339585,0.49245259,0.63903785,-0.82376659,0.13096070,1.48202193,1.93849623,0.35935771,-0.43268663,-0.70403403,0.21873719,-0.71885103,0.55177677,1.56832659,-0.54072553,-0.47577146
2,0.080000,left,4,-0.12931804,0.68489546,-0.93671227,-0.64067876,-0.23790410,-0.63434994,1.46521640,-0.35798585,-1.25053811,-0.80111128,0.78250736,0.09912717,0.30656353,-2.26468515,-0.25933239,1.21340322,-0.38840702,-0.28502592,0.72906762,-0.34320462,0.49276775,-0.03812929
2,0.084000,left,4,-0.90462184,-1.67344177,0.24236825,1.35325623,-1.08459795,1.13911474,-2.19225264,-0.37745252,0.40810114,-0.17413047,0.17052616,0.56421328,0.83996028,1.36880362,-0.13424721,-0.78938466,0.59890246,-1.16859198,-1.08123028,-0.27297193,1.11988711,0.38638258
2,0.088000,left,4,-0.80013376,0.76013845,-0.41099298,-0.11601483,0.03891742,-1.22066891,-2.73712659,-0.58385122,0.58972096,0.98491263,1.05927789,1.02217245,-1.98824430,-0.28244111,-1.79253531,-1.02585280,1.03512955,-0.77183932,-0.51845711,-1.15536273,0.81694508,-1.66053808
2,0.092000,left,4,-0.61538625,1.07205582,2.12652588,1.28921425,-2.02805996,1.32886052,1.12634349,-0.14637610,-0.22356087,-0.63283479,0.96633124,-0.81095791,1.88327122,-0.87398207,0.83343744,1.75807118,1.08479011,0.75880086,-1.21899879,0.22890191,-0.03724832,-0.39360315
2,0.096000,left,4,-0.36385560,1.39796042,-0.15412664,-1.80241084,-0.61959243,-1.48412335,0.00772512,-1.05961883,-1.50838614,0.51420379,-0.75203598,1.06384611,-0.84203839,0.47576821,0.00743032,-0.61725050,0.34811589,0.25475210,-2.03027153,0.57926917,0.01412293,-0.97533345
2,0.100000,left,4,-0.24602297,-1.15312409,-0.32750365,0.21780318,-0.05917886,-0.36722881,-0.05733737,1.38095057,0.13527937,-1.13392174,-0.01431727,1.04240787,-2.25388336,-1.40192723,-0.86183488,1.74625373,-1.73844182,-1.39497149,-0.06810713,2.40592957,-0.82428813,-0.73004621
2,0.104000,left,4,0.45052290,-1.03635955,1.53775549,-0.06730550,-0.30593979,0.35847047,0.56167418,0.81238937,1.37336421,-1.01222491,1.39419127,0.82075411,-0.00965620,-2.06518149,-0.02261545,-1.21790504,0.67949992,0.10700912,-0.53784347,-0.33109653,-0.27831376,0.86104745
2,0.108000,left,4,-1.38318729,-2.09115005,-0.26146549,2.08007264,-1.66305935,-0.98735690,-0.55299467,0.53838927,-0.63738108,-1.33002758,-0.72379261,0.03938988,0.82399929,-0.20568214,-0.13425173,-0.34117407,-0.02022443,-1.57985294,0.71992028,0.73565799,-0.15577871,-0.81062329
2,0.112000,left,4,0.13143809,0.97840798,-1.12930250,1.29514146,0.62014186,-0.51899433,0.02998793,-0.20148776,0.27922451,-0.98032844,-1.85842788,-1.00430346,-0.37399295,-1.08269560,-0.99773997,0.14862499,-1.09202695,-2.26422691,-0.46144655,-0.91590804,-0.57405055,0.16486232
2,0.116000,left,4,-0.33918566,-1.05174422,-0.36273280,-0.04001344,-0.32197925,1.11594248,0.04388039,0.03954004,-0.04603623,-0.94963390,-0.12408034,0.34209237,0.84393495,1.29500890,1.50791395,-0.49047366,1.76582146,-0.07287113,0.48251301,-0.14951181,1.20544755,0.64423889
2,0.120000,left,4,-3.45343900,0.17611569,0.56169605,2.47955322,-0.02889475,0.29390401,-0.16512835,0.89436722,2.95230341,-0.91321027,1.46245933,-0.68660933,-0.81990480,-0.05265636,-0.34879655,0.36138591,-0.91329515,-0.70808691,0.28564456,0.46010044,-0.67418480,-1.04708958
2,0.124000,left,4,0.14311087,0.46233422,-0.54044348,-0.88403332,-0.04005854,0.33647969,-0.59921771,1.39932740,-1.72389388,2.34855986,-0.84147477,-0.65495610,0.58397520,-0.36459142,2.36771441,0.93141747,0.15217230,-2.42168283,0.24726404,1.06801212,1.77127624,1.65370870
2,0.128000,left,4,-0.32307982,0.64153099,-0.92041051,-1.10849071,1.36105156,-0.89153653,-0.94739693,-1.33303297,-0.44700968,-0.39467582,-0.33784199,-0.15922770,0.71847469,-1.02836239,0.94961762,0.53445804,1.20734954,0.28574604,0.20814674,-1.29743326,1.77028382,-0.40894401
2,0.132000,left,4,0.33727247,0.77987206,-0.05103196,-0.38980877,-0.56121898,-0.09581535,-1.90896726,-0.83546817,-0.57801580,-0.17879046,-0.26486552,1.31703639,-0.25941530,-0.79074204,-0.28960085,-0.47026983,1.48579538,0.19928242,-0.75620347,1.81471896,0.33156878,-0.83160681
2,0.136000,left,4,0.11203002,-0.12716739,-0.15573969,-0.08009953,0.37269577,-0.08266466,0.05158526,0.18552813,-0.21982898,0.44007257,1.42131007,1.35324562,0.28442267,0.07625512,-1.44854033,-0.35657907,2.02332520,1.11360443,-0.29004312,1.02740717,-0.69697511,0.72145259
2,0.140000,left,4,-1.87364304,-0.39480335,1.37645972,0.65249878,0.54956615,1.82846487,0.70126772,-1.20162964,-0.40493497,-1.31664026,2.14825416,-0.55427325,1.06619263,-0.84166223,-0.88753772,-1.79054344,-0.74126458,0.65664446,-1.24416983,0.53765988,0.63751042,1.48177588
2,0.144000,left,4,-0.36819232,0.24940370,1.45926404,-1.94728577,-0.36883509,0.19231637,1.82967842,-0.63991296,0.43352613,0.66724604,-2.52476954,0.50830275,0.47476941,-0.29080883,1.17176604,0.52527380,-1.89757085,0.15847185,-0.36773765,-0.77935731,-0.76137209,0.29064292
2,0.148000,left,4,0.10443133,0.67213476,-0.48116967,-0.78262347,0.35125694,-0.32347858,-0.28195602,0.97535801,0.16957648,-0.43147710,0.03833909,-1.39186680,0.39160830,-0.17922938,0.40104544,-2.63914347,-1.88543284,1.57273364,-0.75236583,-2.03133368,1.28014576,-0.59657294
2,0.152000,left,4,-1.35989606,0.50044268,0.20195468,0.89232844,0.15836184,-1.63944864,1.81857157,-0.70967215,-0.38444424,-0.21595909,-0.45458439,-0.13641335,-0.20991980,1.18465865,0.45518509,1.16211319,1.00950444,-1.84018314,-0.76296949,0.34569806,-0.62879008,-1.05438304
2,0.156000,left,4,0.79019791,-0.25362927,1.23098576,0.42410064,-0.28303802,0.62857455,0.26664984,0.42920077,-2.09403777,3.03693104,-0.80526716,1.35591984,1.21321857,1.55262351,1.39176416,-1.48206198,-0.05210181,-1.48392797,0.16153538,-0.47938561,-1.89347279,-0.78866583
2,0.160000,left,4,-1.15618515,-0.57774234,2.03262305,0.90121704,-0.28334746,-0.56557715,-0.35720617,0.69199330,0.47564933,0.41566125,0.92368346,0.63033843,-0.08913645,0.21568011,0.88769865,-0.76784855,-0.36476344,0.90398866,-0.64779729,0.31727973,0.47533834,0.31573042
2,0.164000,left,4,0.29124403,-0.94070417,-0.11599563,0.11234609,-1.48450136,-0.31249377,0.48886979,-0.26750338,-0.76453167,-0.81978536,-0.55245745,1.02060771,0.93107402,0.16287196,0.02342987,-0.43135720,-1.70590544,-0.24648249,0.13489392,0.42442665,0.38922465,1.48342311
2,0.168000,left,4,-0.24771214,1.57985151,1.03755426,0.34644258,-1.38930225,-0.52900600,0.11626714,-0.05875053,0.62697476,0.44815475,0.69324332,1.82933164,-1.68268466,-1.73656464,-0.93184978,1.31615603,-0.51476878,-0.38696977,-0.64047521,-0.63113832,-0.18029596,1.35290563
2,0.172000,left,4,-1.04131186,0.38768736,1.28490520,0.25207716,-1.35877740,-0.53906083,-0.21176812,-0.25485054,2.19794369,0.22772893,0.35515684,0.29707447,0.13775149,0.68824947,-1.06170607,-0.78671575,2.25672126,-0.19432174,-0.17297557,-0.97944617,-0.14081514,0.22292784
2,0.176000,left,4,0.55756599,-1.70524609,0.78843641,-1.62566209,-0.49718982,-1.30945134,-0.86400163,1.07698894,-1.81770480,1.50827897,0.10701941,-0.36143872,-1.26847386,1.24123299,-0.82844794,0.43673891,0.52264512,0.66570914,-2.05252695,1.82388258,-0.74125707,-0.07023807
2,0.180000,left,4,-1.62387478,-1.23302305,-1.02705359,1.72208190,0.07654174,-0.32635638,0.63933742,1.61609268,0.77852505,-0.08823533,0.33835173,-1.12831509,-0.70784211,-0.13464472,-0.32799867,1.56726110,0.73450810,1.58537197,-0.18540879,-0.05682614,0.72527826,0.52777368
2,0.184000,left,4,1.17172801,-0.69503427,0.75730181,-1.11736977,0.13247980,0.18029992,-0.97971261,-1.11002386,0.02279461,1.17134953,-0.93498045,-0.10280541,1.19613791,-0.77431399,0.16017683,0.82442540,-0.31002846,0.46580279,0.16056782,-0.26524124,-0.32838020,-0.61856151
2,0.188000,left,4,0.71345836,1.15345240,-1.31854784,0.98627192,1.06563771,0.93507671,-0.13469228,-0.28402674,1.34719062,0.68574059,0.25067222,1.10616410,-0.84606868,0.11662893,-0.56604022,1.81676018,-2.02141690,1.04999101,-0.63180053,0.49937236,0.28663468,0.79735190
2,0.192000,left,4,-0.65038419,-0.69953090,0.26626635,0.98839521,2.25866175,0.84655201,-0.66004217,0.46158049,-0.02562843,1.49279356,1.53905880,0.61526883,1.10531175,1.69431293,-0.27939978,-1.32549810,-0.99660420,1.67634964,-0.45843205,1.20448041,0.84984028,0.95747513
2,0.196000,left,4,-0.33437625,-1.51631701,-1.56304014,1.77436566,0.12193647,1.37035763,-1.50522661,1.16902566,-0.98516756,-0.61640793,-1.09934640,0.52753580,1.07588029,-1.00684547,0.26846591,-0.11799424,0.58640164,-0.80965352,0.77865028,-0.50406647,-0.49282297,0.21366850
2,0.200000,left,4,-1.69824827,-1.62958729,-1.13238382,1.20638633,0.55684912,-1.59485209,1.50707030,0.45967132,-1.67617691,-0.09598409,1.00759935,-1.11743414,0.33859879,0.47133014,-1.52600276,-0.80280983,-0.66591179,0.18195267,1.26033318,0.29785830,-0.49015334,0.93463439
2,0.204000,left,4,0.52114803,-0.61233991,2.11102748,-0.58838302,-0.85719568,-0.69399053,-0.42001972,-1.89262927,0.84612578,0.21329941,0.80208528,0.08848390,0.51565433,-0.37082499,-0.38780785,-0.23020937,0.84410906,-1.11121035,-1.06716895,-1.08227706,1.93790901,0.49731785
2,0.208000,left,4,-1.13538778,0.30453160,-1.45199060,-0.07641681,-0.09182843,0.64626217,1.03018987,-0.21528170,0.60071331,0.95989221,-0.44613636,0.67081720,0.27771881,-0.42801735,-0.08463770,-0.52956617,-1.33430648,-0.20513715,-0.15098570,0.00354866,0.79128891,-0.71947503
2,0.212000,left,4,1.15315318,-1.08236444,0.77653772,-0.68073517,-2.55059171,0.55573463,1.05976963,-0.00533347,-0.22038761,0.06235776,-0.04995691,-1.19354284,-0.83745080,-0.63303220,2.30781841,0.42756361,-1.92717123,0.67926335,-1.80265808,1.22630334,1.01393867,1.39521885
2,0.216000,left,4,-0.53272969,0.21594504,0.58367652,-0.69840753,0.32782054,0.76467502,0.74584365,0.13640651,-0.55006969,0.97438061,-0.20314902,-0.16937114,0.13887532,1.68550491,-0.45375344,-0.50498056,-0.90307581,-0.16214310,-2.57098842,1.21780920,0.10384970,-0.64505261
2,0.220000,left,4,-0.25870031,0.48342946,-0.55005497,-0.70613307,-0.97419024,-1.09211969,-1.57229996,1.74254107,1.37890029,0.82945061,0.28838491,2.40937853,0.78275377,-1.88520169,0.06161544,0.62863737,-1.63260305,-2.77701426,1.49454939,0.64400631,-1.71859455,-1.61290789
2,0.224000,left,4,0.46286410,-0.95025206,0.21831661,-0.72463435,-0.43828362,1.62434053,-1.17940736,-0.20688057,-1.25082576,-0.11803675,0.58934832,-1.14757705,1.18221390,0.11490422,-0.79333901,-0.94673449,0.01684460,1.21985948,-0.43269035,0.06539842,1.82802987,-0.18268262
2,0.228000,left,4,1.14858806,0.05661365,0.15985748,-0.87555969,-0.01111306,0.28509864,-0.45513353,0.88663298,1.55695736,-1.60520768,-0.59412187,-0.73508745,0.50488853,0.16243540,-0.92845958,1.33085239,1.85952771,-1.04779136,-0.64404613,1.44417310,0.18315800,-0.72563088
2,0.232000,left,4,-0.39555189,0.42003405,1.11990941,0.52663141,0.54626399,0.58651996,-0.56520492,0.82232928,1.29139674,2.65950990,-1.45931208,1.44408548,-0.21424684,-2.27003217,-0.05501896,0.63813883,-0.02259164,-1.58475244,0.10874122,0.24457090,-0.67784542,-1.45596814
2,0.236000,left,4,1.79946065,0.83220094,-0.62620527,-0.26744324,-1.16917062,0.65584075,0.00946271,-0.90110964,-0.50413978,0.64874154,0.26983598,1.27025223,-0.94853532,-1.57421589,-0.95972127,0.04834323,-0.25485432,-0.41174915,-0.07088679,0.82279027,0.45377141,0.19788626
2,0.240000,left,4,-0.93392998,-0.13754217,-1.14703596,-0.43858641,-1.19709325,1.15188611,-0.00037138,-2.16553092,-3.30907464,0.94456869,0.07219227,0.02493091,0.55399013,0.95852727,-0.49647760,-0.84099275,-0.45747259,0.03703700,0.47973725,1.34637833,-0.09761579,-0.97612399
2,0.244000,left,4,0.04965558,-0.57157975,-0.88283247,0.48272109,0.14385089,-1.68135130,-0.54155785,-0.12183558,1.66299903,1.29211986,0.96287751,2.38958812,-0.12652943,-0.51549000,-0.48997712,0.81680745,-0.26884955,2.25513387,-0.88114059,-1.17685401,-1.19680107,-0.09180325
2,0.248000,left,4,0.57780242,-2.21043015,-1.97078741,-1.71651316,0.89182240,0.09404459,0.25638539,0.35696903,0.13040222,0.27093574,0.89973325,-0.77902895,0.09716567,0.18234780,-0.13085699,0.44757631,0.60269588,-1.01437199,-0.50637317,0.52644491,-0.69422823,-0.50334287
2,0.252000,left,4,1.05311859,1.19863117,-0.46578580,-1.60007095,1.37566006,-0.18074432,-0.07967325,0.41089582,2.71091366,2.01068449,-0.27564880,0.63750970,1.12807286,0.43816686,1.27085173,-0.15607695,0.04692366,1.24097598,-0.91838938,-1.68271077,0.51030338,0.44637313
2,0.256000,left,4,0.83329660,0.07199608,0.79559112,-1.33937883,-0.80512518,-0.63626403,-0.40535632,0.07830743,0.82458532,0.23552108,-0.12758371,-0.51988822,-0.05686792,0.52385557,0.39275405,-0.26608801,-0.88052249,1.42461967,1.32633901,-0.24316299,-0.35789827,-1.65797281
2,0.260000,left,4,0.28052184,-0.00474140,-0.74670738,0.89978915,-0.81123567,1.61891079,0.39498594,-0.58937514,-0.77469754,-0.41104123,1.35213935,-0.30066729,-0.11129632,-0.39540571,0.20596935,1.54352140,-0.46940291,-1.20465827,-0.75915289,1.24696672,0.16615953,1.12666273
2,0.264000,left,4,-0.19840704,1.21297276,0.50535256,-1.48219895,-0.40331528,1.14801431,-0.49560320,1.64671683,-0.59494996,-1.18049574,0.51636744,-0.14473289,1.05344987,-2.28638124,0.45844480,0.36021152,0.91925812,-0.31265110,-0.27264786,-0.78575748,1.54666185,0.28413901
2,0.268000,left,4,0.35237861,-0.65509754,0.42742574,-0.72896284,-1.07909143,-1.57701182,-1.41137147,-0.28482944,-0.03423902,-0.08048396,0.80942720,1.31780076,0.39632469,0.25984532,0.59928340,1.21745098,0.18952858,0.82537222,-0.71381158,-0.25650164,-0.17345761,-0.35249317
2,0.272000,left,4,-0.68390501,-0.11492191,0.59221673,-1.38498890,-1.05179882,-0.03557990,-0.06286091,0.23901269,0.68610036,0.40085626,0.79982579,-0.16507156,-2.59871197,1.93761873,0.49845448,-0.22210266,0.59779388,0.13016479,1.31993878,-0.45073584,0.22798900,-0.06784038
2,0.276000,left,4,-0.19650388,1.78222525,-1.45759642,2.17409587,-0.48355043,-0.43686026,-0.37923497,0.15756279,-0.43289968,0.16165419,0.56038541,-0.59110308,0.26898345,-0.76773793,1.08680499,0.29095775,-0.82220685,0.14048482,-1.86322534,0.65558511,1.10951614,1.01398957
2,0.280000,left,4,0.24580495,1.82441449,-0.96549875,0.20361042,0.65841633,-0.83845973,-1.05463719,-1.11884844,1.51032913,-0.36091778,0.42587247,0.66376519,1.11338329,0.60523134,0.34430641,-1.04280055,-0.34949708,-0.04121387,2.30013347,0.09984364,-1.56316757,1.04683316
2,0.284000,left,4,0.94227570,0.73754954,0.22770262,1.24178743,-0.79548639,0.17912006,-1.65823174,-0.32103682,-1.27125537,-1.86731339,-0.36627412,-0.77304071,0.14875029,0.19701011,-0.03486676,-0.63237059,-0.44269666,0.23404291,0.48074606,1.22390616,-2.67846775,-0.71575338
2,0.288000,left,4,-1.08315802,1.25852346,-0.99552053,-0.21795763,-1.05504644,-0.39199391,-0.29571432,1.98906028,-0.17692743,-1.65924227,-0.38699231,0.14277732,1.84760594,0.32790455,-0.37235436,-1.99802649,0.18851677,-0.94088626,-1.32631016,-0.62635213,2.04920101,1.53252149
2,0.292000,left,4,-0.76787144,1.02675605,-1.57012939,0.04021775,-0.22622904,-0.22353615,-0.76555026,0.95258278,0.12656756,-0.10799561,0.25638014,-1.51192105,-1.59082544,-0.22485591,0.69115359,0.54803872,0.16895327,-0.35023674,-0.29510474,0.43320832,0.87675875,2.09745502
2,0.296000,left,4,-0.28521097,0.63153625,-1.79696846,-1.00195098,1.44457579,2.99264669,-0.23801075,0.61757797,-1.12090361,1.55600834,0.30181256,1.26050961,-0.91882604,-0.76886499,-0.50846994,-1.37377203,1.51521099,0.66866475,-0.23844306,-0.74046469,-0.10742770,-0.24306627
2,0.300000,left,4,0.25209102,-0.58202070,0.09880927,-0.56040812,0.52352744,1.11441278,-0.23645861,-1.01060462,-0.19189020,-0.98151058,0.73048425,0.58722943,1.05921459,-1.24942482,0.70884347,-0.37825355,-0.86873585,0.13923487,-0.67866462,1.56149769,1.62409842,0.79653776
2,0.304000,left,4,0.42465749,0.43269885,-0.42055166,-0.11940832,-0.17318481,-1.86185539,0.59477359,0.12331248,-0.36083660,1.50335419,1.67811120,1.97297955,-0.08481022,-1.60082591,0.73939538,-0.63191015,-0.01700334,1.10583115,-0.90469491,-0.25187364,-0.67790329,-0.27863985
2,0.308000,left,4,1.08562577,-1.13129020,-1.64480579,-0.39902571,0.24703814,0.04337078,0.21420139,0.55820584,0.66546327,0.78304523,-0.12229523,-0.49190283,-0.36862144,-0.67740685,-0.96607107,0.98228049,-0.58758873,-0.71709150,-0.22558293,-0.22778478,0.40466270,0.87628782
2,0.312000,left,4,0.26697367,-1.07068765,-2.25946641,0.92126036,-1.89922130,0.53306216,-1.58342457,1.10000432,1.27925432,-1.28942060,0.01201200,-1.09079003,1.94227099,0.91181386,1.30299091,-0.08739607,0.22416888,0.37347034,-1.32674813,1.59797525,1.23860562,0.55589795
2,0.316000,left,4,-0.61468512,0.77210337,0.38346928,0.00043000,-1.26394343,0.48928806,1.14193416,-0.78311568,-0.50067741,-0.42809734,0.88764209,0.52472478,-0.91841066,-0.49730864,-0.87262309,0.95535338,-1.08175027,0.84623879,1.94020855,1.11461759,0.43077418,-0.46559724
2,0.320000,left,4,-0.63393557,0.30717850,-0.90835935,0.41109771,-1.17592597,-1.36109924,-0.81344396,2.00597596,-0.99819505,0.90571266,0.76767612,-1.45269060,-0.22545958,-1.90094733,0.04214140,-0.06662136,-1.55108964,0.57273567,-0.46345085,1.26935518,-0.12741983,0.01687927
2,0.324000,left,4,-2.17032433,-1.33808219,-0.67197448,-1.20532918,0.65588391,-1.51603258,0.77192736,0.85276693,-0.63661128,1.41145635,-0.28528267,0.21793431,0.28746822,-1.45469534,0.35503101,-0.19209921,-0.10447177,1.47006249,-0.33913231,1.25426781,-2.31966615,0.44427732
2,0.328000,left,4,1.17854643,-0.55096495,1.49117935,0.06320235,0.33540940,-0.01684774,-0.03028403,1.55801570,1.03687084,0.42437974,0.22498913,0.71233249,1.01006532,0.52219713,-0.22803594,-0.47710723,-1.51146722,0.71194792,-1.60430694,0.75875467,-0.78286558,-0.57237232
2,0.332000,left,4,-0.12335370,0.39516711,0.88651729,0.40671799,-0.71949494,0.01349792,1.33893871,1.52028930,1.12348032,0.39886180,1.93966401,1.22980011,0.58148652,-1.35295832,0.76357323,1.08190346,1.20633066,-0.68983042,-1.78933859,0.18069632,1.33708000,0.17614861
2,0.336000,left,4,-1.42793965,0.21005096,0.80825937,-0.25011742,-0.03002348,0.43087333,0.12104065,0.34216189,-1.08056092,0.62265509,0.92737120,1.21008432,-1.07424295,-1.12857938,-0.40236384,1.34179866,1.01795232,-1.05279517,-0.12201104,1.07361770,0.75220251,-0.45844328
2,0.340000,left,4,0.35892829,1.48398900,-0.64725047,0.35861290,-0.86347067,1.13814366,1.12543178,-1.69092917,-0.02865305,-0.75747228,0.45749205,1.56130874,-1.98451066,0.25466710,-0.89277774,0.85431069,-0.20304279,-0.11222099,-0.46502665,1.08524001,0.71947467,-0.87488836
2,0.344000,left,4,0.13544376,-1.02801538,0.43889007,1.59395409,-0.77627116,1.01918912,0.50203198,0.00957093,1.24531054,-0.81116146,0.67064822,-1.04736793,1.40676570,0.82935882,0.70038658,-0.79006672,-2.84583211,-0.00604038,-0.72158289,0.46393511,0.43341303,-1.12044549
2,0.348000,left,4,-0.39725435,-1.07378864,1.59682333,-1.03587425,-0.19586924,0.95306975,-0.19461791,-1.57306123,-0.56290120,1.87055159,-0.42507964,-0.45917746,-1.18722713,0.76087272,-0.71944952,0.52011520,-0.41015780,-0.20120785,2.26981330,1.37028015,0.93105096,0.30708286
2,0.352000,left,4,0.03706977,1.33591723,-0.28244540,0.29376435,0.94071579,-0.19646826,-0.70376515,0.20832857,0.20751345,-1.81608689,-0.14821099,-1.28902292,-0.41091079,0.18348184,-0.85846376,-0.77771163,-1.76915646,-0.89660656,-0.49751875,2.34034610,-0.05190247,0.27776453
2,0.356000,left,4,-0.08984721,2.97584343,1.54315794,-0.29485583,0.74120176,-0.01232429,0.31474805,-0.04724118,1.88244152,0.95374656,-0.35884711,-0.71370476,-2.31209898,0.67048848,1.26965964,-0.33794388,-1.03754282,0.11271702,1.64332402,1.89107502,1.04514229,2.07999635
2,0.360000,left,4,0.27697369,0.39767957,1.32305896,-0.87805843,-0.77200156,-1.45048976,-0.14001958,1.03841031,-1.92711318,-0.30629814,-0.30886772,-0.72821647,-0.73826337,-0.41772336,-0.01568531,0.62165910,-0.33047143,-0.90689051,-0.00901605,1.27181125,-0.22934113,-0.09146702
2,0.364000,left,4,0.69897139,-0.23412459,0.17675769,0.56743586,-0.84235072,-0.78502679,-0.86275417,0.63135743,-0.68118989,-0.23829292,0.13043101,1.07068193,0.75772381,0.85029513,0.10000112,-2.53278685,0.75754482,1.38559425,1.16581464,0.53003514,0.18680209,-0.46369579
2,0.368000,left,4,-1.44704103,-0.18321431,-0.05055900,-0.60752219,1.04920161,-0.71553153,0.63203847,1.29019082,1.00780737,0.37839922,-0.58960980,-0.67171407,-0.70679593,0.08970174,-0.31374153,0.00457391,-1.23026991,-0.73931849,0.07470229,1.07244229,0.72858405,0.40189570
2,0.372000,left,4,-1.88029730,-1.12011218,-3.50775433,0.40827355,-1.03805149,0.52531242,2.07555556,-0.35482982,0.11780878,1.07906520,-0.14710705,-1.27711642,0.57274032,2.32664132,1.22397399,0.39274114,0.84355760,-1.95162404,0.37146500,1.04505324,0.02092626,0.78732806
2,0.376000,left,4,-2.23064995,-1.98675072,-0.29622334,-0.75233340,1.18188226,-0.61862963,1.82501125,-0.01049252,-0.78081924,-1.53019679,0.26835153,-0.80469263,0.18675776,-0.57358897,-1.30533242,0.68017507,-0.20774622,-1.16114461,1.10071528,-0.31898233,1.16693580,1.25826705
2,0.380000,left,4,-0.62508202,0.81064558,0.93957293,0.86701387,-1.01527071,-1.99931383,0.97605294,-0.95866895,-1.10447371,-0.29408610,0.03973224,2.09978700,0.66294855,-0.45936561,1.04004729,0.01515442,0.73279548,-0.14777340,-0.22730529,-0.33839443,1.21469402,0.19582270
2,0.384000,left,4,0.93792629,-2.44199347,0.45026025,-1.15654337,0.46964017,-0.66560513,1.86364162,-0.07813562,-0.74863589,-1.23850274,2.14853525,0.66851711,-0.89300567,0.43964383,-0.18085232,-1.55690801,-0.61468840,-1.00592327,0.53844154,0.83041471,-0.06298265,1.98081231
2,0.388000,left,4,-0.32711869,-1.31513441,-0.48483443,0.65734327,0.80622357,0.62053734,0.72788697,-0.40246141,-0.28616047,0.45828348,0.69289476,-0.49778256,0.65910941,-0.82897902,0.83726370,0.17446744,-0.05474982,0.05170089,-0.70866764,-0.06870859,-0.34081757,2.11697555
2,0.392000,left,4,-0.96809584,0.52381122,1.28545201,0.03632481,-0.28088528,-0.52934140,-1.28711116,1.11032796,0.78323036,-0.15251796,2.17725968,0.75147521,-1.05748284,0.38521495,2.06086659,1.45229113,-0.92566973,0.78831571,0.16078146,-1.49323189,0.34037545,2.09784007
2,0.396000,left,4,1.22972167,-0.62272459,0.64058226,0.45962030,-0.17051573,0.38026026,-1.18951571,-0.09910294,0.81165159,1.25547123,-1.16724968,0.75256312,0.62214500,-0.21707210,-0.77585578,0.27569273,-0.30409867,0.23759104,-0.12525485,0.08852439,-0.25738227,-0.65301043
2,0.400000,left,4,1.16272783,2.37027216,0.36031869,-0.04551180,-0.43956664,-0.33574322,-1.48553038,2.77016735,-0.79146791,0.95529854,1.31669843,0.41089371,0.52591372,-1.00523305,-0.67552328,0.55324614,0.04659922,1.77690554,-0.51539826,-1.02134264,0.19438632,0.23142131
2,0.404000,left,4,-0.90172309,-0.22626828,0.09644445,0.21993847,-0.02980766,-0.79079986,0.49872953,-1.12029970,0.46911317,0.33632240,1.05533123,-0.02943859,-0.77237046,0.08483174,-0.30231678,-0.04207090,0.36664551,0.68353289,0.06866539,0.01302687,0.10585221,-0.97712994
2,0.408000,left,4,-0.04681807,0.58063620,-0.26900738,0.34987128,-1.10140979,0.23681995,-0.73887122,-0.19632885,-0.45373902,-0.03946822,1.26363552,-1.00281990,-0.84044594,-1.34297097,1.10162556,0.82492250,1.64966524,0.00745962,-1.18637931,1.84121442,-0.03412278,0.19194688
2,0.412000,left,4,0.17613688,0.38901764,0.57735562,-0.50325465,-0.04353364,1.10419726,-2.00015688,-1.51354373,-0.46984500,-0.47932014,-0.60979807,-0.37377048,0.33316508,-0.67535424,1.33398736,0.74981618,-0.58111811,-0.03425966,3.11890435,-0.06526277,-0.64588475,1.04323757
2,0.416000,left,4,0.26591286,-0.63406605,1.58130240,0.73080152,0.36037678,-0.13131705,-2.70761204,0.33222404,-0.31606075,-0.69071382,-0.89553481,0.44344059,-0.22236100,0.10256863,-0.70535290,-0.77797884,0.15460864,0.38669163,0.05999266,0.46772650,-1.67323530,-0.20399185
2,0.420000,left,4,-0.31329143,-0.46635437,-1.02057636,0.49514616,-0.02215539,1.52219057,-1.28638458,1.19712651,1.45490515,2.13341212,0.47144791,-0.22434489,1.68182492,-0.11409130,0.22880249,0.65404737,0.78506088,1.98873115,-0.27244404,0.79663152,0.56341332,0.54299247
2,0.424000,left,4,-0.34388298,1.29936945,1.41259873,1.67678893,-1.32136893,-0.81534773,-0.50108320,-0.77171326,0.79748428,0.30340412,0.82324916,0.35138303,1.93262112,-0.79922980,-0.09313468,0.26187226,-0.80926019,-1.04559243,-1.43281436,0.70131528,1.09411585,0.85060012
2,0.428000,left,4,-0.31840917,1.34967375,-0.54111379,-0.37370127,0.45989197,1.52729797,-0.36894998,0.19613090,1.49605024,0.31316116,-0.75073314,1.13256347,-0.26128444,2.58113432,0.28460836,0.35040185,-2.04068708,0.25584784,-0.90128171,0.86794776,-1.54657233,-1.33313298
2,0.432000,left,4,0.69722474,1.26125765,1.37736833,0.76537335,0.70459151,0.44657552,0.20509396,1.40207446,-0.26810241,-0.18916979,-0.91302836,1.42293656,0.09797771,0.24899979,0.12424120,0.03385568,1.25362718,-0.13403548,2.24060655,0.42612103,0.98716992,0.24597649
2,0.436000,left,4,-1.15577614,-0.08067103,-0.08194984,0.93756485,0.35071808,-0.24563476,-0.08159767,0.88660824,0.53314525,-0.10369187,1.07960248,-0.19421019,0.39626464,-1.22917569,-0.67327935,-0.21908656,1.03781044,-0.44658491,0.87534565,0.00460795,-1.54634249,-1.06246245
2,0.440000,left,4,0.96488136,-1.80884361,-0.50839221,-0.55507547,0.16484524,0.31747156,-0.50108534,0.91113651,0.37006822,-1.68324316,-0.59925836,-1.36176646,0.23287199,0.69027394,0.59604800,-1.32791150,-0.22625840,1.76847959,1.58260763,1.43974829,0.69227755,-1.98170280
2,0.444000,left,4,-0.30311403,-0.67729735,1.02731609,-1.85254192,-0.70349562,0.95531887,-0.47000566,-0.81301379,-0.93120122,0.81161839,0.81821483,0.96631926,-0.97767442,0.29374710,-0.22954533,-1.81394958,-0.64928573,0.57166409,0.43693435,-0.77176279,-0.84948128,0.73782897
2,0.448000,left,4,1.50643098,-0.80632234,-1.17706847,1.21047533,0.30730534,0.21084787,-0.97449303,-0.76099002,0.37270549,0.22497568,0.14525619,-0.62214589,0.76412827,0.32713780,0.07630914,0.58858079,1.38017404,-0.88883018,1.20010006,-0.06400007,-0.94173753,-0.77463675
2,0.452000,left,4,-0.77625591,-0.17577630,0.78957468,0.69950038,1.01206100,0.03203789,-0.55261511,-1.46363270,0.95641631,-0.97363436,0.29618058,-1.08362746,-0.63599229,0.56000251,0.75070935,-0.00002014,-1.99991965,-0.75151229,-0.55103874,-0.04977409,0.17341694,0.10380567
2,0.456000,left,4,0.72059023,-1.30880570,-0.97000390,-0.73982078,1.47113562,0.22289711,0.67997932,0.51224852,1.03533363,-1.33802187,0.08969010,1.03410530,-0.10744122,-0.14514974,-0.03223102,1.48302543,-0.32407987,-0.04822893,1.67786145,-1.73011887,0.28094810,-0.89185619
2,0.460000,left,4,0.00598501,0.33948442,-0.28670025,-0.81634474,0.34808594,2.72855735,-1.12287498,-0.57172775,-0.67483592,0.51268274,1.22322571,-0.13851747,1.24597549,1.16858160,1.49826443,-0.10385202,-0.74172753,-1.78528619,-0.31652832,0.34240755,1.84133506,0.37882721
2,0.464000,left,4,1.38255763,0.50201052,-0.99226028,-0.27935603,-0.83466482,0.74353212,0.64941067,-0.61320949,0.68529999,-1.13737273,0.96114492,-1.08286989,-0.84989947,0.31353521,-0.31747705,-0.72751790,-1.11808479,-0.23748644,-1.21741402,-1.17099869,0.41709498,-0.61954135
2,0.468000,left,4,-0.70232153,0.04338363,0.08146580,-0.94067472,-1.15597475,1.46140516,0.42509726,0.90228730,-1.82286596,0.57602674,-0.68386823,1.27458942,1.06184852,0.81460583,0.64236784,-0.81939620,0.24621230,0.43119636,-0.79033554,1.80691373,-0.71746773,0.97413075
2,0.472000,left,4,-1.14453900,0.50285238,1.10778201,0.69851458,1.23947895,0.83306509,-0.40075579,-0.38810903,-0.23746055,-0.01993904,0.44886923,-0.76874411,0.35291702,1.23059344,-0.04028121,-0.12593393,1.48527849,0.01879362,0.14049307,-0.13740645,-0.95675486,-0.93251890
2,0.476000,left,4,1.32349730,0.34071568,1.16607988,-2.68885517,-0.85939860,-0.54868954,-0.84177190,1.70197308,1.39169264,-0.72938335,-0.33113772,-0.36613816,0.19386496,-0.63107663,-0.67700189,-0.84814721,-0.01203924,0.71740037,0.77210659,-0.11178438,1.65585661,-0.19660045
2,0.480000,left,4,-0.42925972,-0.50709581,0.04983465,-0.79232526,1.62791753,2.95831561,1.45588934,-1.13655043,0.22431907,-1.17580581,-2.65420961,-1.30514288,0.65165055,0.01558142,1.12751150,0.48777252,-1.16345251,0.13840301,2.59349632,0.48333752,0.58068883,-0.60393137
2,0.484000,left,4,-0.22267346,1.87861395,0.07417863,-0.11537806,1.19463181,-0.05641088,-1.15045476,0.71333361,-1.41089475,-0.62238568,-0.24723215,-0.46619895,-1.08438420,1.35430706,0.51934457,-1.50109184,0.18263994,0.80969667,-1.11512709,-0.91565955,1.51488686,-1.07529140
2,0.488000,left,4,0.30523202,-0.38558668,-0.46127981,-0.05289793,-0.62511414,0.22287598,-0.63767654,1.53726721,1.44214416,0.50436753,0.23884371,-0.15242094,1.30164981,-0.84005862,0.49466813,1.09071696,-0.66858852,-0.24219823,0.31970441,1.79721844,0.70062304,-1.02069783
2,0.492000,left,4,-1.66669512,1.14189672,-0.15104540,1.28364015,-0.75040191,0.04499719,0.43224534,-0.50106293,-1.08364272,1.75455117,-0.69863784,0.29450044,0.17470114,0.84783792,0.11243196,1.63517737,1.10632932,1.20637310,-0.52857387,-0.27057460,0.14619564,0.47717422
2,0.496000,left,4,1.13534439,-0.22115673,1.12447822,-0.82315344,-0.91522592,0.71326697,-1.92133355,-0.20739560,-1.22930753,0.87703907,-0.78083026,0.03830080,0.48427549,0.22044197,-1.84572315,-0.90516663,-0.61090028,0.87697428,1.20139790,1.32249343,-1.40546930,0.20530431
2,0.500000,left,4,0.86518991,1.37104535,0.30415168,0.46552372,0.04384818,0.14937551,-1.69524765,-0.15870191,0.06531848,0.27147558,1.39425397,2.24271560,2.67117167,1.63246870,-0.64632314,0.14322627,-0.11328616,-0.37465265,-0.61439812,-1.49220598,-0.34414929,-0.61864144
2,0.504000,left,4,0.36800277,0.02867281,0.40235776,0.30241641,-1.48830974,-0.78321862,-0.30518389,2.33078575,-0.20373596,-0.98170060,0.15562318,-0.75501359,2.34841394,1.60809422,1.49970484,-0.41619998,-0.14022137,-0.68247283,-0.40218535,-0.16696803,1.75374687,0.55250311
2,0.508000,left,4,2.12137485,0.71759558,1.17009687,0.52724898,-1.25918746,-0.27382982,0.82694209,1.25628471,-0.12914339,0.17156883,-0.31280616,-0.44977009,1.06765842,1.99265766,0.24353805,1.01300085,2.21680284,-1.15807784,0.48766196,-0.84773314,-0.95377445,0.10128017
2,0.512000,left,4,1.08540010,0.48332646,0.38566613,0.61274081,0.52231598,0.89586508,1.91232502,-1.25196171,-1.76141047,0.09986235,-1.98680604,-0.57176906,-0.69776613,-0.19600482,-0.26665008,-0.49925318,-0.81169200,-0.54453117,-0.59735817,1.42209363,-0.45226243,-0.08155797
2,0.516000,left,4,-1.39487612,-0.95623726,0.16965149,-0.92242932,-0.64729798,-0.39583617,-0.31022817,1.44845557,-0.76005435,0.91528368,1.36185575,-0.78314382,-0.40433145,-1.53797257,0.68115526,0.98839408,-1.37721562,-1.27284408,0.54760206,-0.53027815,0.99593890,-0.39888677
2,0.520000,left,4,-1.06879842,-0.29970342,0.21850674,0.03230450,-0.59868687,0.94523895,-0.56373405,-2.02511430,0.26613390,-1.12862194,-0.58407700,1.13922310,-1.15301049,-0.62248492,0.58574098,-0.18982181,0.82754391,1.06559956,-1.46059787,0.66948915,0.70832682,-0.28110456
2,0.524000,left,4,0.92637902,-1.38990378,-0.52853459,-0.11494480,0.16969463,-1.08361900,-1.60003245,0.04142119,0.13450284,0.36292973,-0.94701648,0.37894818,-0.48144388,0.46717912,-0.04290535,-0.87291628,0.19393337,0.90492642,0.47880906,0.26142007,-1.54744458,-0.89550841
2,0.528000,left,4,-0.37734905,-0.84288937,1.42977309,-0.75903153,-0.39693233,0.78345972,-1.05563498,-0.59463537,-0.68820411,-0.58038759,0.62074625,1.18129241,-1.17811728,0.36576635,-1.12561107,-1.25959027,0.53379613,-0.22900267,1.04085135,0.92304558,-2.01151061,0.64606100
2,0.532000,left,4,0.06138726,0.63136327,0.53752917,-0.32257646,-0.95939302,0.96871603,0.49957791,-0.53996795,-0.25806287,0.63458008,-0.04225019,-0.62839991,-1.58751154,-1.04100895,-1.52941465,-0.40311566,1.19156528,-0.22785731,0.21607226,-0.81779623,1.20378160,0.74986994
2,0.536000,left,4,-0.87171119,-0.95795804,-0.45260686,-0.16310909,0.20818378,-1.16290522,-1.96795189,-1.27860415,1.18851447,-0.28151500,0.24056287,-1.55892825,1.21648157,-0.56129837,0.33119109,0.81002879,-0.98592353,-0.99394834,1.51328278,0.38883576,0.76587760,-0.25156373
2,0.540000,left,4,-0.24760298,0.00621575,-0.01220670,0.13656126,0.60832584,-0.78267843,1.26632977,-0.53346753,1.81050050,1.20288229,0.90777886,1.01709270,-1.22320068,-0.66557807,0.61642313,-0.03451490,-0.59804308,-1.04072177,-1.16530764,-1.10546458,1.00715780,-1.51671684
2,0.544000,left,4,-1.69185364,-0.46927920,-0.18166845,0.09067987,0.58818948,-1.54705596,2.06538105,-1.08564270,-1.00115061,-2.12612939,0.55269688,0.40523142,1.60310388,-1.06177068,-1.09483111,0.96835881,-0.75507247,-1.09478927,2.25023508,0.81582993,-0.82297379,1.07998455
2,0.548000,left,4,1.91865039,-0.37851486,-1.28565276,0.83789289,0.20028368,-1.64548373,-0.52502370,-1.59872389,-0.91149795,0.53568584,-0.40381783,-1.01737022,0.40739670,2.52818012,1.41209650,-0.76332325,0.25339976,0.53420091,-0.73865426,1.37978137,0.59330642,-0.40340301
2,0.552000,left,4,-1.09135413,-0.36409402,0.40320033,0.52982759,1.46415734,1.09718609,-0.43080899,-1.10087466,0.65464044,-0.72942972,0.32030568,-0.96659172,-1.75479364,-1.78539526,0.24464984,-0.68638736,-0.52164942,1.41862023,1.99131143,-0.74666160,0.09508112,-0.71993703
2,0.556000,left,4,0.89755625,-1.84788251,0.63802910,-1.17643213,0.80825639,-0.33352557,0.33972472,-1.28108847,-0.46413824,0.09305357,-0.39755794,-0.93627971,0.17375375,0.79658771,0.04317089,-1.85523486,0.85262114,-1.28256035,0.41871500,0.34421957,1.91323853,-1.10267138
2,0.560000,left,4,-0.27462870,0.07469195,1.02881849,0.35102129,0.52847105,-0.31323230,-0.35887676,0.91981286,0.85433114,-0.95815194,0.07701795,0.22176667,0.96734911,1.65797377,2.30177522,2.04535818,0.58116502,0.24661383,-1.29616058,0.80224979,0.99023926,0.43757638
2,0.564000,left,4,1.61077416,1.43524063,-1.13581014,-0.63218069,-0.38434085,-0.92919755,0.55493480,1.30830300,0.90875775,-0.16213286,-1.58367622,-1.82817078,-0.43805832,-1.45377600,-1.43545568,-2.84428310,-0.13366599,1.41982722,0.06428319,1.43639266,-0.61370933,0.13278094
2,0.568000,left,4,-0.19933729,-0.65724587,-0.11721918,0.28560352,1.13866842,-2.81992388,1.09973550,-1.63763273,-0.43343252,-0.07675342,-0.31267434,0.26038951,0.51335746,-1.26502800,-0.05632564,0.56165737,-0.47687563,1.26531827,0.43102986,-0.17589366,-0.87742311,-0.59013426
2,0.572000,left,4,0.69590646,-0.44696414,-1.46539903,1.27900016,-0.99387354,-0.26451367,0.27940929,0.09626071,0.13506950,0.98541325,-0.10504301,-1.32723498,1.11646795,1.37151086,3.67232037,0.05386148,1.19227338,-0.63061345,1.19122910,-0.47554621,-0.11270355,0.16643128
2,0.576000,left,4,1.60997045,-0.29615358,0.28145856,1.52674174,-0.86123639,-0.64240044,0.55501968,0.18314435,1.40538478,-0.10030361,1.23876381,-1.23596358,-0.48133004,-0.46465155,-0.43353909,-0.67361295,2.02255654,0.72883922,-0.52040267,-0.02296996,-1.21181917,-1.06282675
2,0.580000,left,4,2.59216046,0.25327680,-1.24144018,-0.64043868,1.07829571,-0.70584196,0.48005435,-0.59719473,-0.28921947,1.38226867,-0.01877012,1.14366150,-0.44557568,1.66760278,1.03574049,0.85968000,0.96425509,-1.79186654,-1.81336010,-0.96886683,-0.96355665,-0.24841024
2,0.584000,left,4,1.36411357,0.03793267,-1.11698866,-0.33378577,-0.44749129,-0.60515696,-1.08514714,0.61891389,-2.09025812,-1.26028192,-1.57456326,-0.89682615,-2.16853285,1.14488697,-1.40182519,-1.20775676,-1.91230726,1.01981544,1.34087479,-0.43609485,0.85600191,1.36029303
2,0.588000,left,4,0.33701241,-0.59006345,-0.62362570,-0.54291761,-0.13714913,-0.63723880,1.60605633,-0.09333592,-0.00627098,-0.58258480,-0.33346146,-0.40831164,-0.59674096,1.05471492,0.11276539,-0.47184050,0.64340097,-0.93164515,1.20028472,0.13032877,-1.09129679,1.66832006
2,0.592000,left,4,-0.40230796,0.89733940,0.89186698,-1.00585353,0.55949843,-0.75618851,-0.02379257,-0.62253475,-1.58938062,1.06265295,0.97828686,0.31485540,-1.51978898,-0.38964099,-1.01929855,1.20520413,-0.44750357,-0.05074210,1.19904590,1.44803035,-0.46907750,0.84965885
2,0.596000,left,4,0.94207823,0.54370242,1.03750515,-0.25289109,1.34754848,0.18961357,0.16497141,-0.94383758,1.30275857,-0.03686953,1.18959081,1.03957427,0.47224337,1.31740296,0.66225648,0.08862795,-1.05365169,-0.52217501,0.09082580,-1.55600691,-0.80814588,1.67518878
2,0.600000,left,4,-0.32953519,-1.02725852,0.73873055,0.41565371,0.71600980,2.27059650,-0.00684338,-1.52924967,1.05635548,0.96462268,-0.23166634,1.14983463,-0.27547705,0.14900592,0.17196639,-1.10602117,0.94172502,-1.40338290,0.96853715,-2.64012098,-0.13958801,-0.75325543
2,0.604000,left,4,-0.15910091,0.64740694,-0.39586201,0.09613891,0.58614534,0.55970412,-0.98421836,0.19313730,1.76670623,0.59292662,1.21913791,-1.60741496,-0.72683883,-0.77623177,-0.92314565,0.80284172,0.30943534,1.34762657,0.49808812,0.50077027,-1.23281229,-0.56261516
2,0.608000,left,4,-0.47063470,0.37396175,0.85865873,-0.48072690,0.77842951,0.23658727,-0.10686153,-1.44336307,0.43930131,1.72385764,0.39715591,-0.13944604,-0.40768984,0.86822867,0.30339608,-0.25076333,-1.57340801,0.02173560,0.96557659,0.99953103,0.76170748,-0.10920633
2,0.612000,left,4,-1.33606923,-0.24342409,0.03816461,-0.90085417,-0.76753831,0.81990910,-0.50209469,0.58571291,-1.25175261,-1.48599958,-0.51326644,0.61016899,0.26832312,0.75189173,0.04017709,-1.42322171,-1.42920244,-0.36655137,-0.01483384,0.24408025,-0.70542467,-0.28833342
2,0.616000,left,4,1.82579136,0.69489610,-0.51643223,0.33243561,-0.16979933,0.21883821,0.39383280,-0.58422005,-1.02360272,-0.21440770,-0.06762902,0.74563050,-0.36033645,-0.73827976,-0.06731731,0.62541181,-0.41556340,0.37196189,-0.11072178,-1.69228601,-0.11416230,-0.22008204
2,0.620000,left,4,-0.32880518,1.94732511,-0.18065724,-1.44888926,0.01888109,-0.34208894,0.74479204,0.84965754,0.61566037,-0.09818164,0.35122520,1.91726971,1.36536622,-0.68004495,1.14083886,0.10193482,0.55415839,0.00100003,1.49892509,0.50155199,0.05981172,1.30756438
2,0.624000,left,4,0.30770159,-0.96230251,1.97345090,2.61118436,0.10145032,0.51374960,-1.42148960,-0.33825395,0.64956439,1.02609670,1.61352217,-0.51227719,0.51067060,-1.47823095,-0.99123216,-0.11505502,-1.51178157,-0.31418309,-0.89199376,0.21084191,0.20741104,1.82783830
2,0.628000,left,4,-0.26771256,0.14702287,-1.73239517,0.99798697,-0.24797921,-0.95055091,0.87716496,-0.54631859,-3.12827921,-0.65874529,-0.75491732,1.74039924,-0.75247264,-0.87746763,1.34845686,-0.65811116,-1.34985137,-1.00714171,-0.36041284,0.11106311,-0.28557619,-0.32327202
2,0.632000,left,4,0.73189276,0.03741798,-0.80504471,-1.46604955,-0.25979084,-1.54324889,0.74763173,0.14643386,-0.95229781,-1.51243126,0.32332203,-0.12174778,-1.48166358,-2.34991765,-1.04169393,-0.26375458,-0.59239674,-0.54082453,-0.52523375,-1.55342984,-0.03736686,-0.75960594
2,0.636000,left,4,0.33063328,0.41454339,0.04283167,-1.06420529,1.07082868,-1.18725824,-0.94666606,-0.14598235,0.73748016,-1.68454456,-1.73696935,0.55601567,-0.40974131,1.55014515,-0.20420702,-0.65265530,-0.61216891,0.30571660,-0.53339219,0.21146291,-0.31999427,-0.01835698
2,0.640000,left,4,-2.10479522,1.23265505,0.09113763,-1.30623639,0.42215091,0.77396327,0.57329798,-0.42873824,1.22769678,0.33996516,1.57415748,1.02465343,-0.06033859,0.56448758,0.19903907,-1.10039794,1.36550462,-0.05107891,-1.35238469,-0.86685622,0.80648023,-0.21749309
2,0.644000,left,4,0.00695615,0.38512349,0.41177332,0.55002797,-0.21781787,-1.45365036,-1.60775316,-0.24916817,1.17459643,1.23210955,-0.85336840,1.27941322,0.30604449,1.96778381,0.74609554,0.71775454,2.36856604,0.17710814,-1.44626474,-0.71570641,0.06024675,1.70806670
2,0.648000,left,4,-0.15009202,0.34328490,0.51296180,-0.40672994,1.01283550,-0.97239691,-0.63601094,0.38676375,0.11172310,1.71348333,-0.15073724,-0.66235977,0.53799003,0.54748476,-0.21225359,-0.75088865,1.30823779,-0.75391597,-0.06782021,-0.08114266,-0.61022288,-0.71751654
2,0.652000,left,4,0.63310087,-0.49728423,1.07784152,-0.23593214,-0.24726978,-0.43508393,-2.59257078,0.66968417,-1.16166961,-0.93042719,-0.14819863,1.03861606,-0.98322475,-0.87099868,0.04728197,0.64451796,0.60817552,0.22102579,1.17491949,0.11478987,0.12725927,-0.12468068
2,0.656000,left,4,-0.05627939,-0.18782330,-0.30870181,0.22327974,0.89232558,-0.43295461,-1.38810694,-2.03952360,-0.71721601,0.48344639,0.76033628,0.49186882,-0.18608934,-1.75559437,-0.77986258,-1.27539694,0.57051533,-0.66093969,-0.17918441,-0.95386517,2.02258825,-1.35287893
2,0.660000,left,4,0.83470052,-0.84143460,-0.02920814,-0.79107612,0.16495767,-0.94947809,-1.53312266,-0.92561966,-2.20134664,-1.02954006,-0.23072329,0.05687484,-0.94679922,-1.19293904,-1.04404962,-1.05248523,0.72147065,-1.07526839,0.04193597,0.75179285,-0.40187940,0.60047936
2,0.664000,left,4,0.77240181,-0.51668626,-0.99564755,-0.70504940,-0.15846963,2.05081463,0.59392750,-2.37771010,-1.02347100,1.72250414,0.49439043,0.71203399,-0.35595247,-0.62735516,1.30002189,-2.59609580,-1.08603179,-0.34012082,0.34832853,-0.20591909,1.26174700,-1.38610256
2,0.668000,left,4,1.27062118,-1.65778828,0.03302331,-1.01037407,1.87959445,0.10471594,0.09529726,-2.05121946,0.49353117,-0.95179152,0.92939317,1.85057676,0.67499411,-0.03633310,-0.67653102,-0.70580655,1.50815344,2.54185176,2.68850350,-1.79602230,-1.34314239,-0.56264162
2,0.672000,left,4,-0.73447722,2.66546917,0.24207224,-0.39530498,-0.15633906,-0.13294657,0.81911194,1.13345444,0.45855021,0.22100714,1.02638626,0.12632857,-1.37146282,-0.67976087,0.19115679,0.82256013,-0.33073026,0.25901347,-0.62863195,0.60282916,0.08488657,0.60982788
2,0.676000,left,4,-1.21556926,1.21555257,0.56143004,-0.23838952,2.09097385,-0.27105319,0.17809831,-0.77215111,-0.54418361,-1.70156586,0.45521933,-0.34015498,-0.42424515,0.66365784,-0.62733722,-0.12316753,-1.80763280,2.06549382,-1.19309139,0.53313804,0.47412631,-1.18821943
2,0.680000,left,4,-1.09906864,-0.56800497,1.83333111,0.61355436,0.44341281,-0.43114054,-1.19134963,-0.38849258,1.82333696,-0.09736826,0.57551831,-0.46856555,0.21766891,1.66068697,-0.55962723,1.62743187,0.70184571,1.32125854,-0.39269984,-0.78941280,-1.68884015,-0.63590890
2,0.684000,left,4,-0.05091274,0.17453890,-1.42490375,0.67529166,-0.44381782,1.87395954,0.83589780,-0.23590219,0.08179154,-1.31151640,-1.48401690,-0.37683889,0.14830272,0.08540220,0.93245256,0.17396474,-1.02332377,-0.36084175,-0.31821620,-0.36227900,1.02794528,1.26057446
2,0.688000,left,4,1.94633746,-0.79497951,0.39604121,0.64968562,0.69079709,-0.71168697,1.09022522,2.47747946,-2.54016376,-0.16343446,0.52469409,0.49094221,0.10144402,0.69319594,-0.81961131,-0.90904468,0.48208442,0.81849629,1.66193926,-1.77377260,0.40736690,2.09137177
2,0.692000,left,4,-0.09071317,1.23207617,0.23643227,0.90967035,-1.49327719,1.14825177,0.43509418,-0.84127557,0.38748202,0.55443907,-0.96668708,-0.73857361,1.41087973,-0.01620118,0.33840880,-0.58254051,0.31335896,-2.07823730,-0.07329561,-1.58499837,-0.48178855,0.93707043
2,0.696000,left,4,-1.16583908,0.81401300,-0.36606401,1.52649903,-0.55400282,-1.69036198,0.96849477,-0.81185168,-0.29188296,0.03300412,-0.25973475,-0.98390579,-0.48042518,-1.27573621,-0.01379391,-0.61133319,0.41387093,0.19616418,2.01153111,0.28749511,0.19533852,0.89772296
2,0.700000,left,4,-1.15077746,-0.13877042,1.49819255,-2.63110518,0.82798296,-0.26824534,0.68058622,0.05715879,2.01142645,-0.84580159,-0.55249757,-0.62297577,1.21783292,2.09309912,0.26545182,2.28358459,-0.41250449,0.11387770,0.04778612,-0.07164581,-1.45119166,-0.53078091
2,0.704000,left,4,1.34817934,-0.00883907,0.59814221,0.64392835,0.57924616,-1.01074457,-0.34853530,-1.50544608,-0.27925834,-0.51182711,1.20629311,0.09363792,0.41488346,-1.67226136,1.00813258,0.48507828,0.80887496,-0.64624596,-0.89824706,-0.17843412,1.66331017,-1.28050923
2,0.708000,left,4,0.65570098,-0.00487982,0.02760760,-0.57223648,0.72085166,0.12872511,-0.61722028,-0.10980564,0.62561268,0.14948022,0.79560775,0.75530624,0.53673899,-0.77828830,-1.13546968,-0.58745235,0.84439111,0.43542239,0.34391260,0.25651449,0.46084929,-0.97525513
2,0.712000,left,4,-0.79564482,1.64757860,0.61942452,0.52323765,0.04777124,1.53935134,-1.10220861,1.35082388,-0.65942568,0.33814037,0.02293840,-2.02593732,-1.04132009,0.60701919,0.69620335,0.37234655,1.28674185,-0.10462966,0.72074735,0.07035897,0.44918138,0.48945457
2,0.716000,left,4,0.36015332,-0.34025967,-0.32575613,2.05645180,-0.57000321,-1.00028002,0.00991523,-1.87690270,0.88902301,-0.11053438,-1.43301022,0.14309284,-0.76982766,0.58190352,-1.12563503,0.40664023,-0.05202325,-0.52663797,-0.20508257,-0.02851341,-0.68143928,0.16889676
2,0.720000,left,4,0.29939330,-0.47847751,-0.04659792,-1.43195295,1.84145153,-0.34398565,0.71487367,0.26331252,0.41647625,-0.86889929,-1.81607854,-0.77763969,0.78335339,-0.04148579,0.71559954,-0.29234517,0.50454795,0.53381562,-0.43033123,1.17203128,-0.06559260,-0.95659876
2,0.724000,left,4,-1.88261604,-0.61526489,-1.54179561,-1.61078954,0.38033089,-0.21367016,-0.62928730,-0.18375210,-1.59452343,-1.96900702,1.35806680,-1.42454243,1.16638517,-0.40507182,-0.12299452,0.01420835,-0.94327199,0.76139873,-0.23117536,-0.07075927,0.51079977,-0.09994452
2,0.728000,left,4,1.02701652,-1.37337911,0.45284230,-0.11506657,1.54658461,-1.00406873,0.65821296,2.48257446,1.62046790,0.12564555,1.14169478,-0.95614535,0.37591690,0.79398906,-0.59304285,0.86480510,0.85060853,-0.50401276,-1.64672494,0.61848205,-0.57929271,-0.54400420
2,0.732000,left,4,-1.75416756,1.44002306,-0.15091214,0.14329500,-1.07315361,0.95652205,0.05447398,-1.91321933,-0.22900821,-0.43612367,0.08912624,-1.20789206,-1.37308073,-1.22658491,-1.65628374,-0.69735271,0.18133274,0.66312867,0.89388245,-0.11056627,-0.28344190,-1.82516718
2,0.736000,left,4,-0.51571661,-1.30793965,0.99915826,-0.14554431,-1.08191967,1.42451465,-0.60812557,1.31343269,1.27821875,1.41228580,-1.05922139,0.18326768,1.10794199,1.04978693,-1.48730361,-0.65743756,0.62861961,-1.20572197,-0.46733892,-0.62464112,1.51806104,0.34814084
2,0.740000,left,4,0.84654731,1.05796981,-0.64134240,0.29734921,-1.02633798,0.65866119,0.56808996,0.24595965,-0.02331323,-1.62920618,-0.42964256,1.91758645,-0.78513956,-0.82835674,0.94881207,-0.27085221,-0.45625588,-0.45897767,0.31258255,1.83433962,0.34843183,-0.32013839
2,0.744000,left,4,0.58479762,0.19978431,0.23126763,0.50517493,-1.37070346,0.08931592,0.09492379,-1.74219060,-1.54414833,0.22258686,1.86008954,-0.46748072,-1.40128839,0.55336469,-0.91098827,-0.91908687,-1.73939335,0.02596182,0.20427041,0.64978004,-0.71392238,0.11923221
2,0.748000,left,4,0.75896025,-1.14980173,-1.15733266,2.13027930,-0.61454630,-1.24815178,-1.21851289,-0.81412703,1.28276956,-0.79704207,-0.36346799,2.37016773,-0.67054826,1.29524207,-0.85330194,-0.99294573,-0.21223213,-0.69082355,0.34019905,-0.72899652,-0.28798813,-1.14674258
2,0.752000,left,4,-0.98746467,0.11422583,-0.88502043,1.01868606,-0.53099543,-0.49903762,-0.40533251,0.50967747,0.77383190,-1.56057894,0.88496536,1.90092111,-1.14954507,1.02774119,0.28431630,-1.35050166,-0.61396486,0.53349751,-0.92945910,-0.67496365,0.67538643,0.16271518
2,0.756000,left,4,2.28901267,0.66438925,-0.51780826,-0.97412300,-1.35578227,-1.63968670,0.10671862,0.06141037,-0.86819446,-0.69222850,-0.36025199,0.00703225,0.38065812,0.34674963,0.27389473,-0.13453202,-0.37223369,0.28182298,-1.38731301,-0.24478884,0.12595411,-0.89080453
2,0.760000,left,4,0.41911504,0.99738729,0.84545553,-1.27254641,0.18462595,0.99777406,-1.20115554,-0.16214886,0.74197006,-0.42932490,0.87693363,0.58776021,-1.43883240,-0.63629121,1.27214801,0.60218501,-0.06099671,-1.51608837,-0.70853591,-0.65627915,0.04979818,0.49741548
2,0.764000,left,4,0.34665281,0.12121671,0.25053695,1.18007410,0.03051303,0.09220843,0.79082018,1.19871187,1.13580906,-0.61680263,-0.18698359,0.28016829,-0.79357755,-1.28809047,-0.97308493,1.25282335,-0.46962979,-0.61362427,0.36200318,0.48273322,-0.45043987,-0.14728619
2,0.768000,left,4,1.89570200,1.42343962,2.64475179,-0.48469800,-0.32489842,1.39449716,0.88480520,2.63263178,0.70383883,-0.05427495,1.33102512,1.13627112,0.78430718,1.64724243,-0.46428350,0.35322252,1.59498990,-1.42091286,0.20444624,-1.26259947,-0.47908449,0.18891560
2,0.772000,left,4,-2.19006920,-1.42858827,-0.80970865,-0.69683778,1.51722050,-0.88811243,0.10891114,0.27508092,0.31609932,0.31126702,-0.14790449,1.49732745,-0.06420654,-0.88401401,-0.46349838,-0.64333200,0.25855893,-2.88938403,-1.51881588,1.68354905,-1.17700469,1.04285371
2,0.776000,left,4,-0.94326955,-0.65102708,-0.59793723,0.43829605,0.33704498,-1.55349219,-1.27633679,-0.20544735,0.35017392,0.18564291,-1.19815314,2.14856076,-0.96400684,-1.52215278,0.28619114,2.49162817,1.30603194,-1.11276615,-0.22721735,0.56354064,-0.25124747,-1.92631006
2,0.780000,left,4,-0.81721771,-1.51285934,0.35810101,-0.59495348,-1.66374254,1.40797305,-0.99276584,0.50745249,0.58155370,-0.82027578,-2.69392800,-0.16879158,0.53965098,0.78658950,1.01759756,0.80327147,1.12732482,0.16044584,0.19982256,1.22377717,-0.01631570,-2.75860548
2,0.784000,left,4,2.14473557,2.63065505,-0.05237574,1.08490062,2.00135875,0.52465069,-0.64080209,-0.42166859,0.02930240,0.26617986,-0.91726476,0.70626378,1.26186967,-3.08766246,-1.72697389,-0.92408890,-0.85478568,-2.23349953,0.05772786,0.93231905,1.24232149,-0.96886474
2,0.788000,left,4,0.58908361,0.26896825,1.06003535,-0.05540037,0.49460191,-1.68738556,-2.07616568,0.73919743,1.27545440,1.26856172,-0.68520820,0.55446815,-0.36568865,-0.36446053,0.07672759,0.14839996,0.76800877,-0.90292782,0.53701502,0.33627352,-0.20926522,0.51048255
2,0.792000,left,4,1.07033658,-0.78894818,1.25337255,0.41682124,0.58561814,0.40652826,-0.39293563,-0.75233179,-0.53155422,-1.71916962,-0.06857260,-0.56178671,0.50348991,0.55317801,0.17062750,-1.70575285,1.19404054,0.66807663,-0.57686120,0.68626344,-0.01529790,0.05408869
2,0.796000,left,4,-0.82185984,-0.53785896,-0.19441806,-1.05719566,0.28716269,0.28320998,1.28597450,0.03687867,0.68771178,0.96865761,0.04881067,0.21688153,-0.58242267,1.01122510,0.15827669,-1.84694648,-1.07439995,-0.47732565,-0.55741936,-0.18780562,1.14095891,2.58633184
2,0.800000,left,4,-0.63148034,1.62275875,-0.29887936,-2.21437359,0.74203616,1.14230573,-0.18691480,-0.06009171,-1.35976076,1.64099014,-0.42873180,2.35556173,-1.05578160,-1.52719581,-0.90960032,-0.86865872,0.25762659,0.05749375,1.82259774,-0.61052352,0.22048767,-0.72653693
3,0.000000,foot,1,-0.36379486,-1.85383916,-0.37636545,0.64209318,0.18188265,0.37050009,0.29773170,2.06568623,-0.02229454,0.30640161,0.39730176,-0.41359740,-0.38627118,-1.19290519,-0.12638170,-1.11341000,-0.21223024,-1.49546945,0.37435135,1.21023548,0.58775151,0.69139022
3,0.004000,foot,1,-1.66373456,0.03072134,1.28383040,-0.72144121,0.17773053,-2.23569775,-0.43650371,0.01501024,0.69027424,-0.19031399,0.34608009,-0.22247782,-0.91128755,0.10832614,1.31637812,0.67681479,0.18227269,0.49367863,0.92809576,-0.55702776,0.38555408,-0.62951529
3,0.008000,foot,1,-0.26770744,-0.75535399,1.53450072,0.87092721,-0.44308940,-1.52161193,1.36969173,-0.44647136,-2.18910432,-1.40748441,-0.10108703,0.34936738,-0.51525688,-0.71169466,-0.97496456,1.11260343,-1.31583583,0.07542295,-2.06186199,0.70311105,-0.92208838,0.49046522
3,0.012000,foot,1,-2.45987248,-0.53024435,-0.45234412,-0.65086424,-0.68908775,0.01636214,1.18076468,1.70154727,-0.32711735,-0.94810718,1.99494660,0.29806378,0.23917505,0.90838188,0.21554160,0.73066014,-0.19852661,-0.10487544,-0.57415915,0.93938977,-0.81030250,0.73986048
3,0.016000,foot,1,0.08328903,1.07139778,0.03512338,1.04733801,-1.28700483,-0.10174354,-1.73635292,-2.32011652,-0.72509545,-0.96367407,0.17355306,0.45063013,-1.95037317,0.38002324,-1.11846089,0.33505100,0.43888268,0.39165705,0.04878924,-0.41578582,0.80269504,-0.41303644
3,0.020000,foot,1,-0.50691473,1.07636917,-0.06348100,0.34754509,1.34954286,-0.22086199,-0.34130812,0.02881031,-0.54755205,-0.64365757,0.59024698,-0.49351543,1.16465139,1.65028811,0.63067365,-0.35990191,-0.01105864,2.77009892,2.04494405,-0.10316495,1.14571917,-0.39428487
3,0.024000,foot,1,-1.36799407,0.38459995,-0.19875829,0.06517804,0.10236464,-0.72491455,-0.25471115,-1.26834476,-0.99854064,-2.82113028,0.40017700,-1.25615132,0.91084182,1.44916654,-1.17640746,-0.12994480,-1.64275098,-0.19045049,0.93930840,1.25006068,-1.76019895,-0.19177808
3,0.028000,foot,1,0.70972991,-0.32233790,-2.48892570,-0.47934201,0.69330788,0.62332171,0.77676576,-1.00413132,-0.71124780,-0.76524907,0.71097630,0.59445816,-1.54345345,0.17983359,0.08813019,-0.35202622,0.91739744,0.64617395,-0.90082091,-0.10084872,1.48030162,-0.02506000
3,0.032000,foot,1,0.41013092,-0.25087118,0.16442864,-0.79795963,-1.74319303,0.41129419,0.11847202,0.85204822,1.03502774,-0.61984396,1.01129973,-0.05722086,0.74443728,-0.99176514,-0.84517246,0.10478062,0.34367660,0.43969780,0.60448235,-0.15175812,-1.11458039,1.37519312
3,0.036000,foot,1,-0.59212738,0.63362509,0.67272824,-0.02938240,-1.65465832,-0.32760915,0.36314684,1.32399774,-0.10958669,-0.53309828,0.91255534,-0.10628200,-1.70279360,0.62965208,0.51240766,-1.15852082,0.09623961,-0.22180083,-0.62883532,-0.52859437,-1.48392928,2.19984412
3,0.040000,foot,1,0.31674451,-0.57601374,-0.39567521,0.63279247,-0.50551307,0.77683508,-0.31123003,0.68547964,0.40438282,-0.19052948,1.53508592,-0.57020533,-0.81629300,2.34693384,0.45387155,-0.67794430,0.41205874,-2.03435564,1.11419225,0.44224206,-0.71109813,-2.09505534
3,0.044000,foot,1,-0.19687793,0.89914805,-0.86506391,0.49678475,-0.57674706,-0.17187688,0.94031757,-0.22853991,-0.49936935,0.59610045,-0.20670304,-1.31045008,0.08027823,0.24855317,0.56880498,1.48828590,-0.13090608,1.59832609,1.71133196,-0.77939653,-0.76002568,0.75896251
3,0.048000,foot,1,-0.29818240,-0.18622991,0.34793720,0.50974679,-0.92898422,-0.00540987,-0.04203764,-0.31833079,-1.24515128,2.12968779,0.50993425,0.40073368,-0.16491410,0.29525536,-1.94915354,0.43130696,0.38814601,0.27724248,-0.51128250,-0.04127836,-0.41889429,0.45387062
3,0.052000,foot,1,1.19084203,0.39058766,0.13785426,-1.54689598,-0.21021657,-0.49484339,-0.29396066,-1.15548563,-0.37173176,0.71854103,1.35077655,-1.10301888,-1.05703998,-0.01910687,-0.38748038,-0.94679624,-0.05190045,-0.53053558,-0.68695807,-0.73244917,0.16353129,-0.80118167
3,0.056000,foot,1,0.70237410,-0.10275151,0.11405611,-2.17720175,-0.01853060,-1.34716225,-0.14458789,0.87505800,0.28218362,0.45904630,0.57955152,0.19293559,-0.97800267,1.34422898,-0.49175620,-0.35493070,-0.32951677,-1.12407708,1.41352391,-0.00484099,-0.07225589,-0.75806522
3,0.060000,foot,1,-0.42385226,1.11466074,-1.29074216,0.28403929,0.20485905,-0.04923272,0.33278608,0.23154521,0.36579701,2.32973099,1.94067955,0.48099458,-0.00158970,1.45851135,2.10368633,-0.04854049,-0.80799216,-2.03442335,1.66361856,0.91397655,0.74061465,-0.16502242
3,0.064000,foot,1,-0.08040337,0.71167535,-0.32962164,0.29896590,-0.35358942,-0.70567739,-0.58719528,-0.65549999,-0.79650271,-0.75730014,0.32167161,-0.42811236,-0.34255496,-0.22901151,0.57614428,-1.38816965,-2.76808500,1.49257481,-0.07147299,-1.50388145,0.20471311,0.60841268
3,0.068000,foot,1,0.34619367,-2.41861033,-1.12998557,-0.27107903,0.82042158,0.78558886,-1.42205322,0.52581447,-0.31084779,1.35807884,-2.20778251,-0.02503101,0.82165903,-0.47715157,-1.39409566,-0.89078885,0.99235022,-0.28203624,0.55322248,-0.00351446,-1.58375633,-2.84742999
3,0.072000,foot,1,-0.69920450,-0.75558603,0.77183616,0.82367086,0.53902781,1.01057410,0.89628023,0.33278632,-0.96826458,0.84181339,-0.70174950,-0.02713091,0.08036038,-0.87865746,-0.64503819,-0.43133560,-0.87630516,0.61790574,0.08626404,0.22082533,-0.74372244,-0.49639374
3,0.076000,foot,1,-1.01521671,0.18501443,0.34972456,2.31234956,-0.99124199,-0.65993851,-0.26885882,-0.99688929,-0.63786733,0.06464963,0.82382691,-1.27096927,-0.82416308,1.95545137,0.72637081,-0.24485058,-0.04274791,0.35129470,2.41440129,1.14746404,0.81694317,0.87140948
3,0.080000,foot,1,-0.97148263,1.00765896,-0.28476912,-0.74939167,-0.20017651,0.90627724,-0.03456505,-1.05464196,1.08526540,-0.63797522,-0.84167397,1.03940713,1.90472281,1.15691459,0.83516085,-1.47417617,-1.05510831,0.56108475,1.38202417,0.88555455,-0.47453809,0.92546809
3,0.084000,foot,1,1.68589294,-0.06117932,0.55521482,0.01281444,0.19029462,0.03486357,-0.31917635,-0.18282191,2.07603765,-0.97974074,-1.05875027,0.10350984,1.94875181,-1.62362325,0.53691971,-1.15067542,0.66373026,-0.82409382,-2.15890217,-1.79644918,1.55479610,-0.28843409
3,0.088000,foot,1,-1.68184912,2.19765592,-0.03372972,1.02198350,0.59546107,-0.24462464,1.75466740,-0.77692771,-0.52477735,0.86770457,-0.22356331,0.25800806,-1.02661574,1.69172716,0.04361515,0.09732221,-1.21125650,0.62007242,0.42177024,-0.75773793,-2.45162296,0.91932803
3,0.092000,foot,1,-0.12908855,0.08262140,0.29507095,-1.38885498,0.04289720,-0.96486980,1.15308607,-0.26289916,2.15839195,0.40715632,-0.25899607,1.10462749,-0.05325878,1.23551011,-0.71875966,-2.21312761,1.24585700,-0.05606784,-1.09677243,0.49469554,0.14704742,1.01160586
3,0.096000,foot,1,-0.38011324,0.97382981,0.43191734,-1.50509608,1.44325650,-0.78808272,-1.03159928,-0.99598742,-0.68030560,0.60480225,0.88709319,0.95208961,0.32499442,1.59062934,-1.03724337,-1.47003341,-0.58570313,0.07465438,0.01133161,1.01876068,-1.53226852,-0.41630280
3,0.100000,foot,1,-1.53835356,1.80609369,-0.85953236,-0.40779936,1.02982819,-0.54381746,1.31734431,-1.31230390,1.79182160,1.23916578,0.36659595,1.45498466,-2.67544270,1.43922734,2.20117617,-1.46925271,0.77796900,-0.82534856,-1.22903943,0.25337219,-0.03860801,-0.37086010
3,0.104000,foot,1,0.75606966,0.22987892,-0.88347107,-0.70062292,1.05254495,-0.94848770,0.24153253,2.44708300,0.31594846,1.70115376,-0.43122542,0.02707003,-0.84709579,-1.08834445,-0.30093059,-0.30900726,-1.12897742,2.00859952,-0.74824709,-0.98049176,1.01467395,1.52098775
3,0.108000,foot,1,1.53509152,0.99351352,0.39980131,0.99788249,1.51659822,-0.21675274,-0.35079622,-0.86365622,-1.00244999,0.61400026,1.70137691,0.34420460,2.08318114,-0.40646920,-0.62413198,-0.26163679,1.17352927,-1.69840097,-0.14065142,-0.70770943,1.11100066,-0.31464121
3,0.112000,foot,1,-0.50900519,0.00684758,-1.15505373,-1.33282340,-0.60011929,-1.28384876,0.70081019,-0.04884375,-1.48066378,-0.43913200,0.26988208,0.85074085,-0.51226509,0.16970736,0.92384404,-1.99473929,-0.90872639,1.92810905,0.57388151,-0.84062159,0.18637942,-1.58369493
3,0.116000,foot,1,-1.43507504,-0.39919958,1.65454960,-1.27146947,-2.31476974,-0.25532517,-0.88135630,0.22481865,-0.03091800,-0.68666762,1.56728590,0.60842258,2.75977087,0.43618184,-0.82853389,0.14441273,-1.41731966,0.75017273,-0.70139509,1.84487891,-0.30596900,2.08348083
3,0.120000,foot,1,0.44876471,0.12704879,-0.91673785,-1.01325715,-1.37891138,1.04490840,-1.07932651,-0.47671080,1.36543286,0.53155011,0.50187677,0.05117922,-0.93088990,1.05024612,1.22269583,-1.28751779,0.02639629,-0.14820810,-0.39113185,-0.34512302,-1.17110205,2.41232061
3,0.124000,foot,1,0.02841192,0.80069065,0.31699231,-1.02964354,-0.68276209,0.63638759,1.43219841,0.72391409,0.95127147,0.35606065,0.27686700,1.19020891,-0.60909104,1.73116612,-0.18463914,1.69315386,2.30817008,2.47340155,-0.16718185,0.86974418,-0.16105998,0.90128994
3,0.128000,foot,1,2.06243253,0.05551776,1.69149387,1.67274117,1.08041441,0.57163256,0.89259726,-0.12914440,-0.62814069,1.27478933,0.81478179,1.12247288,2.08775926,0.64513266,-2.06248164,-0.56260258,-0.53677237,-0.52704567,-0.00119478,1.15737367,-1.18135083,-0.61000460
3,0.132000,foot,1,-0.76023203,-0.44908199,0.50234759,-0.31375518,-0.50523770,2.53796601,0.48880121,-0.96296048,0.36971381,-1.31008661,-0.01723494,-0.35784167,-0.07515283,1.58015788,0.90532416,-1.35138524,-0.96485710,-0.94765270,-0.09118025,-0.93166852,0.77057403,1.00169086
3,0.136000,foot,1,-0.42719537,-0.30309987,-0.85027820,-0.29353747,-0.70315254,-0.63937443,0.04520048,-0.79499841,-1.79724526,0.53891605,-0.55237865,-2.65616822,-0.06200134,1.10954356,0.66306722,1.02258611,-0.95090836,0.08233695,2.09768438,1.98611975,0.08867484,0.16229978
3,0.140000,foot,1,0.28857377,-0.73921436,-1.32491279,1.04258800,-0.74267274,0.29921630,-1.03274310,0.26808217,-1.37381959,0.13468513,0.10575984,-0.08230985,0.17579405,-0.72758234,-0.99255800,-0.57117122,0.71449727,0.73589963,0.82205009,1.24781692,-0.08150642,-1.48023140
3,0.144000,foot,1,1.36841512,-1.76264834,-0.63503319,0.47778505,-1.37498498,1.77986002,0.93074518,-0.43354359,0.06236425,0.36118451,0.50951171,1.41107798,0.04829238,0.11678945,-1.24927640,-0.86150491,0.01095003,-0.64044189,0.11060786,0.69695544,-1.04735065,-1.33317721
3,0.148000,foot,1,0.88225496,-0.49688703,0.58880049,0.93814027,-0.14186352,1.55287027,0.30937067,-0.25837472,0.74044853,0.33700866,-0.14764842,-1.64050961,2.49401546,-1.10371935,-0.68775028,-1.55619097,1.03264081,-1.05316985,-0.16365880,-1.32310951,0.93664646,-1.61751413
3,0.152000,foot,1,-0.67384124,0.25320959,-1.35750711,0.14411113,0.53278232,-1.62993693,0.02306581,1.07667053,0.60199797,1.22414613,0.40475705,-1.86784172,-0.38518089,-0.41476315,-0.41567701,0.32763338,0.14994282,-0.71830302,-0.58795357,0.28852734,0.43315899,0.16861570
3,0.156000,foot,1,1.51428044,1.10608339,-0.17772283,0.14788556,-0.31446210,0.25224352,-0.34493691,-1.00106406,-0.15606767,-0.83574706,0.08618031,0.59009832,-0.51921052,0.02825535,-0.61798799,-0.23815516,-0.02967448,-0.80592978,0.04417894,-0.24408519,1.15872252,1.01573467
3,0.160000,foot,1,-1.16582704,0.58076894,0.44771543,0.10545297,0.23119259,0.88707405,0.38237351,-0.26463521,0.68477857,-0.15487012,-0.09550349,-1.19091165,-0.23642579,-1.02174509,1.42326903,0.63631618,-0.51925337,0.46329537,-0.98961127,-0.79615128,1.33679605,1.01430094
3,0.164000,foot,1,0.79388964,1.72238386,0.09900384,-0.23480223,-0.96847665,-0.97591698,0.76766789,0.10385305,0.95628506,0.72636068,-0.40320966,0.28325343,0.91685748,-0.75966966,0.04688540,0.37319034,0.27977839,1.79768813,-0.23090972,-1.76134431,-1.42479753,-0.89993238
3,0.168000,foot,1,-1.87564814,-1.16878247,-1.26439106,0.80184466,1.17955554,1.43913388,0.79999626,0.35637030,-0.80939132,-1.64427912,1.42223418,-0.12468817,0.06180294,-0.25829458,-1.29710209,-0.12013191,-1.26730382,1.30675590,-1.89378023,0.60853541,0.80608487,0.51918900
3,0.172000,foot,1,-1.32312691,-0.88557506,0.41940221,-1.11131001,-1.09749687,-0.84587032,-0.95189577,-1.26876926,-1.50064874,-0.09793850,1.27176285,-0.30363417,0.98779809,-0.03570324,-0.80136281,-0.09758803,0.41471162,-0.44868988,0.05032254,-1.25989711,-0.02913917,-0.58725309
3,0.176000,foot,1,0.30253929,-0.16120946,0.25503716,0.20453453,2.11212993,0.65224522,-0.54141158,0.53800249,-0.29427421,-0.01946118,-1.63838530,-0.26357603,0.05643098,-1.45063603,0.99582219,-1.97887456,2.93456006,-0.18130450,-1.95685196,0.34593850,0.79148775,-0.55408168
3,0.180000,foot,1,1.23424554,-0.14240280,-0.97040308,1.20527351,0.54218256,1.99792337,0.57742405,-1.04269111,1.37437105,1.36455345,-1.64137340,-1.45864773,0.34421611,0.92283523,0.63864708,-0.67402488,-1.09877765,-0.44919550,-0.57787162,-1.29810643,-1.25940907,1.90210760
3,0.184000,foot,1,-0.27482021,1.48343647,1.11783946,0.14191544,-2.57305002,0.31048635,1.86466300,2.27929854,0.56601763,-1.31201172,-0.68306178,0.00288488,-0.40664768,-0.16320913,0.91040784,0.94860017,0.99722826,-0.48557928,0.15253703,0.12077849,-0.76704174,-1.80982292
3,0.188000,foot,1,0.25221336,-0.88316846,1.71325016,0.48053873,-0.85157490,-1.11246777,1.06328762,-1.03004003,0.16338450,-0.17689741,-0.37558445,1.59308481,-0.75793731,0.44245982,-0.50899190,-0.47414896,0.56401485,-1.74126136,-0.58087969,0.68693709,0.65531623,0.13822094
3,0.192000,foot,1,-1.25906873,0.52501291,-0.24131179,-0.45614019,-0.26609498,0.68227446,-2.01960635,0.72529483,0.01288213,0.90429997,0.75093651,-0.38388404,0.02520982,-2.43433619,0.15309851,-1.01682222,-0.13736591,0.18825586,-0.47442266,0.64702439,0.46811214,-0.77304566
3,0.196000,foot,1,0.48197165,0.95929736,-1.08626175,0.36719069,-0.14803350,-0.66899854,-1.11417305,0.68617791,-0.47831643,-1.18694520,-0.20228630,0.83372927,0.41701788,-1.04254842,-0.92297637,-1.34580612,0.37662348,0.20125157,-0.16789147,-0.36425209,-0.33075947,-0.66849405
3,0.200000,foot,1,0.36754319,0.04185333,0.20161280,1.38543928,-0.58388388,1.10138702,1.33606303,1.02227318,-0.33360326,-1.14436316,-0.18508886,-0.87971348,-0.02963001,1.69552016,-1.06141770,0.94519311,-0.01026590,0.14826104,-0.53331256,0.63537472,0.07876151,-0.36205772
3,0.204000,foot,1,3.10813403,-0.55701756,1.51555109,0.07048702,1.04377913,-0.47308576,-1.30667162,1.41188121,-0.28199509,0.97759706,-0.61407644,0.93565923,-1.18763852,-1.12189877,-0.23381612,-0.21070112,0.29485470,0.52363658,-1.96064889,-1.15465713,1.57979369,-1.17276657
3,0.208000,foot,1,-0.03999474,-0.74537444,2.01177716,-0.65464830,1.07832932,-0.25166011,0.60015482,0.34110183,-1.05248404,-0.52768338,0.30811676,-0.31319070,0.37832135,0.19357561,0.90860903,0.79797703,-0.47713593,0.68352914,-1.44836307,1.71958172,2.70709729,-0.17764965
3,0.212000,foot,1,0.74746460,0.34208053,-0.72323734,0.67634970,-0.27737057,-0.41129205,-0.57557756,0.10570228,-0.05434188,0.22612482,1.81931853,-0.53159255,-1.67505443,-0.92843050,0.71674734,-1.41253233,0.72550732,-0.66937834,0.19920620,0.33254769,-0.84811759,-0.19323313
3,0.216000,foot,1,0.31814668,1.16537344,-2.26754451,0.30747986,-0.55413938,0.15305403,-1.14711440,0.28435680,0.22250390,1.54097843,0.00082837,-0.09117628,1.74620092,-0.32886443,-0.24958248,0.08284073,0.73086679,-2.21909690,-0.32486528,0.01826268,-0.63779324,0.49442545
3,0.220000,foot,1,-1.50224245,1.56683838,1.00869453,-2.06539369,-0.24900229,-2.20877051,-1.30511260,-1.44955957,-0.16747516,1.31085110,1.85341728,2.27552652,0.14177322,1.53935850,-0.88179469,-0.63832247,-0.65812725,-0.45183092,-0.01258375,0.33534196,-0.20818366,-0.46834552
3,0.224000,foot,1,0.76993114,0.32048339,0.69335854,-2.44643092,0.01696266,1.09096408,-1.60242021,-1.21942472,-0.31262067,0.93981683,-0.49627787,-0.62371588,-0.33404472,-0.60517776,0.29516867,-1.45764995,1.16950834,1.87925112,-1.28509378,1.37318933,0.22353669,-0.88186097
3,0.228000,foot,1,-0.95551801,-0.08373490,-0.51611614,0.47535220,0.64765233,-1.88792145,0.51967508,0.63640594,0.19431421,-0.11701774,2.30579805,-1.30050874,1.09883225,-0.45066696,1.00025403,0.28034577,1.32166028,0.06985776,-2.15531921,0.11299602,0.21330726,-1.23934054
3,0.232000,foot,1,-0.59765685,-0.81771606,-0.86602443,-0.33980075,0.58877456,0.63764995,0.79774582,-0.22850615,0.67825305,1.59149766,1.89396334,-0.32621267,0.72195733,-0.32561532,1.66272676,-0.94835019,2.06707859,0.17097457,0.44608909,-2.16833878,-1.99232149,0.32974467
3,0.236000,foot,1,0.43755180,-2.23055696,0.91047597,-0.32127699,-0.40852654,0.82771581,-0.29185867,-0.12378564,2.60063410,0.66809195,-1.05226040,-0.82571012,-1.12229288,-0.12476244,-0.62569803,0.30375013,-0.12412497,-1.19578218,2.07262993,0.65238506,-0.02104593,0.98268932
3,0.240000,foot,1,1.24527216,0.41802508,-2.66174722,-0.39736462,1.41127872,-0.98932004,-1.14866090,0.58671844,2.10356522,-0.07583001,-0.56724811,0.70109391,0.57292044,-1.68881011,0.16936335,1.09643412,-0.98874456,1.91701114,-1.17294824,1.40102661,1.20494521,-1.73469341
3,0.244000,foot,1,0.41534632,0.45178163,0.07778718,2.94189644,0.42210725,0.75722730,-0.59788829,-0.70149708,-1.06993186,-0.37347791,0.41280955,-1.98015094,-0.45264947,0.19269601,-0.44601315,0.60154569,-0.19079496,-0.43659163,0.43026978,0.71214485,-0.38233072,0.77704394
3,0.248000,foot,1,0.53549427,-2.15539384,0.86311543,0.23258984,0.02629796,-1.42249465,0.94325662,1.08679092,0.86942881,1.07114518,0.74565834,1.49443924,0.54453200,0.25475866,-0.90741718,0.63982302,2.39158297,-0.97710854,0.19304676,-1.63101172,-1.54214501,1.59634674
3,0.252000,foot,1,-1.23346281,-0.82794529,0.71778381,1.17537928,-1.19046390,-1.74378562,0.75994945,-1.41000557,1.03214419,-1.53448606,0.98771846,-2.25152731,0.27900627,1.19953930,-0.51323313,0.05050318,-0.55461252,0.12219326,1.38919771,-0.30031031,-0.07561036,-0.32852942
3,0.256000,foot,1,-0.04531384,-0.52294219,-1.42991829,-1.08349383,0.47365919,-0.43157327,-1.15802515,1.39745152,0.39651841,-0.64112371,1.38438964,0.72841287,0.04446443,1.11832464,1.46191609,-0.70396453,-2.15797997,0.87244010,-1.27547109,-0.97771746,0.01998760,0.42917940
3,0.260000,foot,1,2.35422063,0.04360164,0.16014515,0.16186745,-0.17118020,0.92683578,-2.16380906,-1.15926492,1.66608202,-0.16759120,-0.32493412,0.07163374,0.78335333,-0.63466728,-0.71398032,-1.07538760,0.17039768,0.35449547,-0.50836647,-1.85971284,0.37825087,-0.06941499
3,0.264000,foot,1,-0.25588769,0.27945080,-1.62427700,0.57700819,0.74150223,0.41098794,1.35982406,0.18386103,-0.79663748,0.99001050,1.44069183,1.44623005,-0.41068631,0.56192768,-0.63755900,0.25640681,-0.81249279,-0.36237326,-0.72209167,0.17495939,-1.09155130,-1.69800055
3,0.268000,foot,1,-0.04562420,0.29640329,-2.53066683,0.90254921,0.51516163,0.18525025,1.69343996,-0.62302929,-0.26864907,0.34889647,-0.29355311,0.98276985,-1.54589725,0.29182673,-0.19392377,-1.11126995,0.06045592,-0.49908158,-0.54114389,0.41638863,-0.33517486,-0.41393429
3,0.272000,foot,1,-0.94881469,-0.76334339,-1.16090727,0.17841774,-0.98494989,-1.19141340,-0.45001468,-0.18983671,-0.84882712,1.01827514,-1.59744251,-0.39206201,0.09325410,0.52281827,-0.44650134,0.32796973,-0.28853574,0.02166213,2.26228976,0.83229649,1.09834361,-1.56625044
3,0.276000,foot,1,0.17978279,-0.50432640,0.54939646,0.44044572,-0.22089453,1.15486503,1.56916356,-0.12539460,-0.31608313,1.71999705,-0.94076794,-0.38904673,-0.06354082,-0.25414160,0.20159130,-1.07710922,-0.51089543,0.30965325,0.71701568,0.17748256,-1.04111004,0.41530091
3,0.280000,foot,1,-0.84430313,0.87681365,0.30523953,-1.93896222,-0.90624779,-0.84404886,-0.77799553,-0.32224357,-0.30774438,0.98137426,-0.44038394,-0.35502797,-2.13938022,0.01578760,0.20451808,1.10027838,-0.64502829,-1.18917167,0.43542549,-0.55062240,1.07179224,1.39160514
3,0.284000,foot,1,1.07820487,0.97541249,0.56124049,-1.93244815,-0.27113965,1.87630379,-1.23964238,1.39344978,-0.52465022,-0.33377311,0.73155135,0.11650737,-0.49096280,-1.36829305,-1.27175426,-0.10102980,1.81930923,-1.30049372,-0.19084004,0.23571102,-1.53347135,-1.00123274
3,0.288000,foot,1,-0.27329928,0.78518891,1.14746904,-0.65758002,-1.11671603,-2.38680243,1.03823912,0.30770123,-0.02697094,-0.30059856,0.29176322,-0.36263090,-0.49140739,-1.32795382,2.63867307,0.75828975,-1.61275256,-0.04600505,-0.52403986,-0.45134157,-0.70517075,0.67761910
3,0.292000,foot,1,0.36629459,0.07414822,1.12219429,0.67338467,-0.50926811,-0.90401602,-1.39686859,0.82258219,-0.08013642,1.35478520,-0.14818774,0.84211808,0.07318170,-0.34834909,-0.27297950,0.28055799,-0.23244439,-0.51853830,-0.49238923,-1.28785777,1.78034341,-0.18006346
3,0.296000,foot,1,-1.56109214,0.27098098,0.33639795,0.40256408,0.35659364,-1.95050955,0.16952275,-1.38362670,-0.10149930,-0.76889211,1.14811182,1.49098814,1.64625156,0.32836062,1.35267186,-0.04262257,0.39017433,-0.08406363,-0.62451881,1.70553243,0.24598865,-0.63567775
3,0.300000,foot,1,-0.30364451,0.43061757,1.38892984,0.93061763,-0.59375256,0.66700709,-0.52440012,-0.42466769,-0.07733777,-1.93977344,0.02287702,0.56874108,0.20700988,-0.16452338,1.17641068,0.38987041,-0.10781635,0.89816421,-0.76362938,-0.69543630,-0.33732492,0.56866097
3,0.304000,foot,1,-0.61825472,-0.04542099,0.15342887,-1.07405698,-0.16562399,-0.60501158,0.67957014,0.19232273,-0.58610278,0.37281582,0.07730703,0.25583413,-0.34383118,-1.26697612,0.02528753,-0.18386482,0.18708323,-2.01879764,-0.15545636,0.46417689,0.79035032,1.16381490
3,0.308000,foot,1,0.18544251,-0.65464437,-0.14380902,-0.18075916,-1.28956485,1.57479143,-0.28074291,-0.79665053,0.54173702,-0.96043742,1.44474435,-0.39056078,2.53854227,0.63627726,1.28421617,0.61067706,0.35862917,-0.59747928,1.27753747,-0.00725357,-0.32443053,-0.63873011
3,0.312000,foot,1,-0.36226624,1.12476647,-1.75824130,2.32960510,-0.69756484,-0.38642582,-0.10182726,-2.08814359,-0.48013705,-1.05993569,-1.41510582,0.11436423,-0.24416576,-1.41412687,0.35673180,2.02906942,1.23831499,1.67622316,0.45634094,-0.16520561,0.71514666,-0.73697019
3,0.316000,foot,1,0.52029687,0.08683408,-1.04470229,-2.39846849,-0.23442321,-0.74445510,-0.65611726,0.65482634,0.78618187,-0.42332524,0.71263593,0.71471292,0.86549252,1.41717422,-1.43070722,-1.78810287,0.50500244,-0.76609331,-0.06470479,0.13897769,-0.42238933,-0.99776441
3,0.320000,foot,1,-0.10185040,0.80656612,-0.01808751,-1.23139417,-0.02294109,-2.18452787,0.71977633,-0.98715508,-1.90855682,-0.72956598,0.19618362,-1.55549443,-0.82015061,0.82327998,0.41778773,0.33017978,-0.39004600,1.21717060,-0.25112680,-0.68716103,-0.58799833,-0.53371173
3,0.324000,foot,1,0.69593906,-0.36066392,1.23871219,1.10478461,-0.86891544,-0.62187129,-0.91039521,-0.09777886,1.38679731,0.65847766,-1.10591412,0.02774887,-0.77631402,-0.85008430,-0.16762923,-0.17416652,1.17497039,0.67143399,1.06563902,1.26918066,1.31718862,0.04148000
3,0.328000,foot,1,1.56759250,-0.03557667,1.22467291,0.12892027,0.19310406,-0.22547944,0.31511566,1.21272171,0.38841668,0.34127215,1.11576128,-0.80301821,-1.65135121,1.60797274,0.56177288,-1.84988940,-2.93643498,-2.47586322,-0.16892998,-0.33979779,-0.43728033,-1.52570391
3,0.332000,foot,1,2.02081037,2.96570063,-1.57520318,0.20784992,-1.34252834,-1.32118261,0.72962403,0.04090491,-0.95551395,0.15137176,-0.53779358,1.20393550,0.39530513,1.34635770,2.19350648,0.84305620,-0.22817978,-0.75477904,-0.48299259,-1.03206778,-0.45428059,-0.31091008
3,0.336000,foot,1,-0.00635002,1.21802866,0.95250291,1.12200427,-0.23024966,0.46299863,0.13547154,-0.82156742,-0.07118070,-1.56521177,-0.79394084,-0.32712454,-0.42419004,-0.61201924,-0.82353163,0.03231120,-0.04886265,0.15836850,-2.38604856,-0.45950985,-0.85115474,0.45907292
3,0.340000,foot,1,0.18324065,-0.07117845,-2.64452434,-1.44923663,0.99833697,-2.88006377,1.13204026,0.74755657,-3.38773680,0.00008979,2.35166454,0.31493345,-2.31648588,0.06286609,0.45473760,-1.87109661,0.72695649,-1.29813468,-0.93221486,1.00144422,0.24328260,0.19660522
3,0.344000,foot,1,2.03812289,1.15304255,0.82890016,-1.14708257,0.56037480,-0.13526107,1.38667870,-1.90235734,1.44370997,0.19177702,1.12459254,0.03311493,-0.17569967,-1.06844914,-0.92010796,-1.07949209,1.43881047,-0.29787505,-1.09717584,-2.19832325,0.34669599,0.87876564
3,0.348000,foot,1,0.53961009,-1.02913022,-2.18174672,-0.74552524,-1.86304975,0.02105421,-0.70372307,-0.05934593,0.47711128,-0.06185690,-0.31623107,-1.51333439,-0.00086020,-2.04518414,0.24652378,-0.88516212,-0.07545291,-1.61978757,-1.58404434,0.53783607,0.19833119,0.17624424
3,0.352000,foot,1,-0.22790474,-0.22953531,-1.24055696,-0.09564406,0.44789124,1.13964009,1.10091889,0.42322975,-0.24823700,-0.19751561,-0.67561316,-0.17390944,-1.95756030,0.19240460,-0.00367013,-1.98530483,1.43027747,-0.20279805,-1.17243922,0.30522847,0.53086883,0.51356572
3,0.356000,foot,1,-0.94979417,-1.04278183,-0.34577662,-0.02654792,-0.73468828,0.42664567,1.08668613,-0.13523568,-0.39059460,-2.42207861,-1.00358868,2.26744223,0.22586508,0.43226558,-0.81708699,1.17654383,0.01053040,-0.27915764,0.74063152,-0.12837644,-0.28059652,0.88990963
3,0.360000,foot,1,0.08249481,0.67127317,-0.80823314,0.94018459,0.52000529,1.79299080,0.23099895,1.59375143,0.03206568,0.23336233,0.04202623,2.32343936,-0.82604492,0.57222259,-0.45178398,0.23943596,-0.18052170,0.25129998,0.78973281,0.40582424,-0.05817665,-0.96356058
3,0.364000,foot,1,0.48684934,0.49224162,-0.11501770,-0.35715044,0.25444379,-0.36210501,-0.59540814,1.29998183,-1.49879634,1.52275085,0.36439532,0.93922246,-0.24299678,0.12079141,-0.28967944,0.88663960,1.44203675,0.87743032,-0.62224907,1.08173323,-0.00369438,0.59266722
3,0.368000,foot,1,-1.07812905,0.38888797,1.65742874,0.24810761,0.81736702,-1.04958737,0.78837395,0.90975189,-1.55170810,-0.58415103,0.54246944,0.13472396,0.41105059,0.77262789,1.45475721,1.39478898,0.30446666,-0.76061332,-0.32368401,0.74655253,-0.14227895,0.11131973
3,0.372000,foot,1,-0.46768719,0.37757882,2.39868641,-1.39521801,-0.21087629,0.78386039,-0.92680621,0.86679274,2.02343321,-0.32707527,1.01824903,0.51094276,0.10834483,-0.86621094,-1.93175781,0.10636929,-0.80362976,0.20728788,0.66155529,0.59253883,-0.10021687,-0.12167080
3,0.376000,foot,1,0.28451595,-1.08640397,0.61816102,0.45058423,-0.37688842,-0.74777591,-1.05614793,-0.37966746,1.21689832,-0.96974307,-1.07662868,-0.60427719,-1.26860130,-1.72201061,-0.92150205,1.25805485,-1.42131484,-0.17486683,1.05099082,-0.49713883,0.97682226,-0.03260494
3,0.380000,foot,1,-0.73684573,0.79435182,0.75730538,0.75500351,-1.30241668,1.02604699,-0.67548555,0.92696297,-0.35457420,-0.02585664,-2.20321870,0.22988096,0.13093504,0.93325692,-0.38530260,-1.28643739,-1.82446742,0.27768782,-0.05871567,-0.63844961,-0.19009814,-1.71139777
3,0.384000,foot,1,0.55711681,1.74452603,-0.81364477,2.03352046,0.42079991,0.22371450,-0.85521573,0.45440131,1.43248773,0.25178182,-0.06923795,-1.89295340,0.36131585,-0.21524239,-1.03115892,-0.18379921,0.21698590,-2.34616184,0.69418812,-0.45255545,0.67100388,0.63167739
3,0.388000,foot,1,-0.65850317,-0.27887657,0.22558656,2.10593987,-1.18870950,0.39413303,2.25138044,0.75622624,0.20458262,-0.38990876,-1.32435608,-0.86366498,0.80437142,1.37985694,1.30291593,-0.10519338,-0.85227793,-0.35691866,-0.36295474,-1.81126750,-0.84040880,-0.68756968
3,0.392000,foot,1,-1.97098470,-0.24479660,0.91708839,-2.49688649,1.26038194,-0.71346682,-1.60954082,0.37023553,-1.02493942,1.30013573,0.39952776,0.37983915,-1.02399385,-1.20840275,0.22163655,0.19301626,1.23017466,-0.67646158,0.53881562,1.03709447,1.96570349,-2.73960733
3,0.396000,foot,1,-2.56283092,-1.91519117,0.90562963,0.05684942,1.27744877,-0.48055500,0.81994152,-1.15824819,0.03136175,-0.09795022,0.83833867,-1.03810728,0.95398301,-2.09423757,0.47465378,-0.22263002,-0.59834927,1.42017984,-1.98526752,0.69071317,-1.55505240,-0.91273749
3,0.400000,foot,1,1.25819778,0.91674811,0.63912624,0.05315475,0.66360593,2.71617031,0.27606976,-0.48936960,-2.56619287,-1.11523676,1.38958395,-0.42872030,-0.57739818,2.66002798,0.05698166,0.51274008,-0.38178658,-0.42142034,0.61206645,1.18049419,-0.36084506,-0.02892200
3,0.404000,foot,1,0.30400488,0.40080285,1.25479329,-0.45474237,1.88548017,2.21377707,0.88334793,0.99289167,-0.82846129,0.20637095,0.17123675,-0.59109890,-1.07982218,0.30837470,-0.56456470,-0.81221038,0.07381733,-0.48045808,-0.46690565,-0.30763865,-0.35124367,1.01585340
3,0.408000,foot,1,-0.46291491,0.72215903,-0.37874144,1.32863736,-0.27139008,1.36772585,0.20433983,-1.09997797,-1.33006847,1.16926658,0.32336903,0.94228411,1.56064856,1.36034751,-1.23817205,-1.83323634,-1.49692309,-0.66329211,0.30044889,0.37109104,1.23571408,0.82944638
3,0.412000,foot,1,1.12414014,-0.82581621,1.40830994,-1.86917138,-1.50457048,-1.26690018,-0.20247114,1.38049626,0.40946770,0.15045376,-1.24867487,1.90657449,0.48608309,0.34335035,-0.09644596,0.63951725,-0.07863354,1.20984602,0.79260397,-0.85824543,1.37874663,1.12564039
3,0.416000,foot,1,-0.19102901,-0.13356622,-0.19412178,-0.64397496,0.98538792,0.09817425,0.05453686,0.58450973,-1.27839637,0.20899786,-0.77756572,1.65712082,0.96793699,-0.69135445,-0.40395731,-0.07358974,0.30028391,0.01629346,0.67642087,0.66895318,1.19648659,-2.42226100
3,0.420000,foot,1,0.43483245,0.52835035,1.58831692,-0.47422263,-0.99901295,0.61113399,-0.85280174,0.22443065,1.90483332,1.04635787,-1.90237272,-0.00991144,0.09535757,-0.06680307,-0.24197181,-1.69929600,0.99658716,-0.72562885,1.11670983,-0.93860674,-0.29020244,1.54779315
3,0.424000,foot,1,0.85818356,0.21252146,-0.09700517,-0.70136374,-0.10119169,0.76446199,0.91353643,-0.05608299,0.59846133,0.58527499,-1.39277899,0.08608493,1.34617519,-0.07025851,0.22800012,0.48608673,-0.16374442,0.48779157,-1.05638027,-0.78818882,1.10190022,-0.27744532
3,0.428000,foot,1,0.19182870,-1.87438822,-0.13448565,-1.40999675,0.20837179,-1.80524111,-1.06434059,-0.14936480,0.81838077,-1.34653258,0.12158959,0.90879631,0.62335914,-0.42972997,-0.76043928,-1.19127679,-0.02868314,0.09501524,-1.34649920,1.34204221,2.09721637,2.00885224
3,0.432000,foot,1,0.12210526,0.52621651,-1.31049645,0.19036713,-1.29607546,1.06438124,-0.73754460,-0.16368990,-0.34029284,0.61157542,1.14781237,0.23422971,0.61540526,-0.03167780,-0.08634505,0.80349302,-0.11527633,-1.21157157,-0.55467504,-0.85492748,2.40450311,0.02619337
3,0.436000,foot,1,-1.79489601,1.21922004,0.36949342,-1.07712340,-0.08910596,-0.45978355,-0.10347678,1.32984459,-0.92507046,-0.60834336,-0.24827801,0.13651273,1.31695735,-1.89032602,-0.16312620,-2.38868451,1.80324900,-0.65829873,-0.50057817,-0.75487560,-1.41298604,0.13743517
3,0.440000,foot,1,-0.01552400,2.77317047,-1.16787219,-1.45939088,1.48963523,1.52000916,0.39162987,1.02608633,1.76158702,-0.07349008,-1.31991291,-0.80482757,1.51507342,-0.50541651,1.27162230,-1.25379419,2.17381167,1.17416668,-0.52809536,-1.00529027,-1.64032245,-0.15930040
3,0.444000,foot,1,0.15142384,2.06432128,0.48581457,-0.72475612,-0.58226442,1.26413465,-0.97703719,2.06021571,-0.52786022,0.25048214,1.16357398,1.77608728,0.03046786,0.87072313,0.58007467,-0.60006768,-0.80315375,-1.17333651,0.02085295,-2.98082256,2.12581038,-0.45905185
3,0.448000,foot,1,-0.38307089,0.87238556,-1.62183273,0.91055435,0.38392195,0.12916651,-0.59042972,0.62443495,0.94142997,0.80849642,-0.13724333,0.01039489,0.06228746,0.97898912,-0.22907886,-1.02112806,-0.12376048,-1.85137749,-0.08394038,0.26962608,1.24350345,-0.74077982
3,0.452000,foot,1,-1.20119178,0.95124871,0.01752340,-1.85199726,-0.21434429,-2.40101790,0.62188554,2.19090438,-1.05759728,-1.69646442,0.96342641,0.02521464,-0.97304773,-0.16914649,0.60209864,-1.02160704,-1.01104343,-0.21504557,0.42211905,-0.51224399,0.76233244,0.18205625
3,0.456000,foot,1,-0.53513962,-1.64670289,0.77037036,1.13993299,-0.21492355,2.54623127,0.53100699,0.19527760,-1.45422208,0.78174514,0.07274653,0.83478254,-0.17166124,0.97623718,0.19479761,2.61630774,-0.43562764,1.74270058,-0.32671949,-0.16120087,0.02892862,-0.16962017
3,0.460000,foot,1,-1.01881349,-0.23530024,-1.18064106,1.31737006,-0.58627212,0.43576205,0.28070766,0.73002023,1.20949388,0.50672048,1.08983386,-0.28880504,-1.89123487,1.29446840,-0.14392754,2.11961293,1.07416010,1.07320154,-1.07280767,1.34595227,-0.47630522,0.18913122
3,0.464000,foot,1,0.56001502,-0.76254225,-0.85733759,-0.25307396,1.28227162,2.19364190,0.17320488,-0.52955258,-0.53730893,-2.41377974,1.40555453,-0.97909868,-0.58940661,0.70043683,-0.18921241,0.08059801,0.08092466,0.47522932,-1.19339800,-0.56919199,0.55187291,0.15079981
3,0.468000,foot,1,0.54957151,0.86118650,0.76620120,0.61663479,-1.23911250,0.39028549,0.93507355,0.21007377,-1.80968618,-0.08940108,0.20213073,-0.07284521,-0.07655475,1.81281734,0.11166181,-2.34790897,0.16833711,-0.18925144,-0.52968442,0.74397409,-1.82583821,-0.10567820
3,0.472000,foot,1,-0.32587934,-0.29661658,-1.39485621,-0.30260554,-0.66385311,-1.06390548,-0.88524407,1.19081426,-2.74634027,1.64252305,0.83045453,-0.69761318,0.49161595,-0.68151128,-1.24982202,1.15610135,1.06523812,-0.72930855,-0.28503627,-0.34561563,-0.27173686,-0.11624557
3,0.476000,foot,1,0.69074559,0.86112744,-0.99122733,1.12507951,-0.07296018,-1.12010157,0.76048869,1.62535095,-0.31778118,-0.51541555,-1.50675774,0.11377247,-0.05925534,1.45551658,-2.41796184,-0.00339381,-0.92013854,-0.15756364,-0.83453423,-0.53622240,0.13508695,0.33529264
3,0.480000,foot,1,-0.04567593,0.15291654,-0.37743601,0.38152626,0.23861142,-0.61138737,-2.50118947,-1.22912407,2.46677923,-0.85959363,-0.80154443,0.75798857,0.96803582,0.51702160,-1.46878934,-1.08935905,-0.20605335,3.09851742,0.93071002,-1.62037313,-0.84272110,-0.78882694
3,0.484000,foot,1,1.15893090,1.75706542,0.09348264,-0.36403784,0.89051074,-0.43718743,-1.76132083,1.25463092,-2.01606965,-1.14721310,-1.15093005,0.75701094,-0.83057863,0.77416074,-0.65336871,1.94278610,1.20108473,-0.85948473,1.11503589,1.19380391,-0.86709005,1.09344602
3,0.488000,foot,1,1.17857158,1.64368498,1.33090580,-0.40902787,-0.61346722,0.83794826,-0.06149087,-0.39714965,0.82538062,-1.02458012,-0.32943177,1.46534276,1.61041093,-0.00889126,0.86344284,-1.82642317,-0.47404611,-3.01183820,-0.66592717,-2.32889676,0.87997818,-0.36104792
3,0.492000,foot,1,-0.44288909,-1.99727476,0.32150638,2.26280093,0.91622722,-0.89430386,-0.11297382,-0.35876608,-0.97652882,-0.14528030,0.72191447,0.80024707,0.09663249,0.61221707,0.32381001,-1.00312304,0.77860421,-0.94763231,0.30048504,0.86496657,0.07421160,-0.44168803
3,0.496000,foot,1,0.62734836,-1.06762373,-0.03930750,-0.14047880,2.57432342,0.19492967,1.05572474,0.49442542,-0.77521908,1.07655668,1.20818388,-0.16862509,-0.95011193,0.08857738,1.94401932,1.40716445,0.13503243,0.06535777,-1.18417227,-1.33896971,0.06373941,-1.12852538
3,0.500000,foot,1,0.98405594,0.09586416,-0.02870050,-0.21533839,-0.41615987,-0.97265774,-1.14241302,0.08416437,1.05185103,0.30369139,-0.14509623,0.35934609,0.97766435,-1.48514760,0.01034455,-2.08852029,0.28454757,-0.47969645,-0.28920251,1.05532229,0.99229366,1.26584172
3,0.504000,foot,1,1.28746843,-0.49111152,0.27454340,0.54898673,-0.69885778,-0.61893862,1.07773387,-0.97603804,-0.46573961,-0.49664116,0.80734038,-1.03616381,0.29346305,0.53633094,-2.01160741,-1.50202703,-0.04752485,-2.06911731,-0.07902928,1.85286582,-0.31868213,0.27653277
3,0.508000,foot,1,0.51979870,1.43939495,1.86319888,-0.86906570,-1.56585789,-1.97435749,2.09695387,-0.60348886,1.25043821,-0.94868708,1.12456644,-0.33289307,0.48055658,-1.24471772,2.68341446,0.37387282,1.88199544,-0.32872811,-0.34684041,-1.82144058,0.34599766,0.19922915
3,0.512000,foot,1,0.50375366,-0.79080045,2.28229213,-1.56401169,-1.99095559,0.49723053,0.40119749,1.29859686,0.51383740,-0.93429917,0.10286981,0.05056526,-0.60156494,0.53240240,0.72320133,-0.51559901,-1.08555055,0.23858474,0.16117924,-1.00267184,-1.62560475,0.45708576
3,0.516000,foot,1,0.22674215,-1.31113529,-0.60092312,-0.83630610,-0.21250126,-1.43043876,-1.36155069,0.32603031,-0.10493302,0.29881579,-0.14520289,1.60751307,-1.70166123,-0.48431271,-0.23192485,0.85466111,-0.76975131,2.11343193,-0.23304120,-2.08432031,-0.24389583,0.01016453
3,0.520000,foot,1,-0.80025566,0.57693595,-0.29062438,-0.43615186,1.48984921,-1.46386290,-0.66044682,0.25160402,1.51171541,0.99093884,0.67420083,0.18584447,0.24554214,-0.65594131,-1.67147207,0.57370996,0.09303466,1.49100733,0.86730480,0.90208268,-1.26901948,0.09444219
3,0.524000,foot,1,-1.07520235,-1.00744760,0.37477422,-1.75398719,0.90355909,-1.11127055,0.58596212,-0.31257144,-0.49998045,-0.30315769,-0.33779329,-0.49190590,-0.16251233,0.72604030,-1.74022079,-0.26948065,-0.72982329,-0.32157809,-1.95676148,-0.37824196,0.77357638,-0.49692759
3,0.528000,foot,1,0.83838195,0.14556548,2.16865540,-0.93295002,-1.05638731,0.43765911,-0.69722158,-0.72578496,-0.28251970,-0.21685846,-0.60252160,-0.12301353,0.76927012,-0.13612124,0.54013205,-0.18430606,-0.08398455,-0.81575781,1.20605958,0.51442128,1.74271131,0.11797603
3,0.532000,foot,1,2.60134006,1.84432399,-0.63108438,-0.32490268,0.61040485,0.52612680,0.65626281,0.80165827,-1.21873355,-0.00179087,-0.49754325,-0.18272239,0.15096754,-0.05127306,-1.49413908,0.61919564,-0.37868997,-1.26878226,-1.93774092,0.88622063,0.01985870,1.20967364
3,0.536000,foot,1,-0.09649145,-0.78497183,0.22191556,-1.19839096,-0.26846018,-0.43480730,1.60700822,0.81182778,1.36652255,0.27328968,-0.02906733,0.83646059,0.99300236,-0.39075601,0.46022695,2.29593539,-2.25561833,1.18662035,0.74110276,0.87598705,1.29272139,-0.63065678
3,0.540000,foot,1,-0.63826197,-0.41733551,1.17358971,-0.93338263,-0.33760542,0.17250530,0.49485102,1.48421466,0.25986961,0.82948607,0.28737301,-0.39432222,-0.40228203,-0.64546901,2.05615354,-0.53022784,-0.50701988,-0.53644747,0.78680235,0.56526005,-1.01147914,0.22394338
3,0.544000,foot,1,-0.04760021,-0.38652939,-0.14796561,-0.61662090,-0.61571819,1.40215349,0.67184871,0.62466061,0.34151044,2.56195140,0.15273233,0.12941186,-0.72107965,-1.96721721,0.86333328,-0.49458185,1.02342033,0.21577182,0.43213823,0.08364075,-0.95195764,1.75454366
3,0.548000,foot,1,-0.95125341,0.16678099,0.07296906,-0.08656332,-0.53236490,-0.86476308,0.48040089,-0.92209524,0.71951717,-0.56524885,0.80973697,-0.64486283,0.59432280,2.24679756,-1.07802653,-0.75684011,0.73155749,0.21840574,-0.53638041,-0.46885064,0.34366044,0.74288207
3,0.552000,foot,1,-0.11134474,0.49033150,-0.21062241,0.59598351,-0.31176379,0.33430377,1.01888716,0.90400702,0.64307380,1.35927081,0.61575562,-0.54908490,-1.92833376,-0.28549904,2.21751642,1.57365370,0.31147179,-1.38303471,-1.00144947,0.54622698,1.79048777,-0.78392142
3,0.556000,foot,1,1.11622965,-0.68903017,-0.09326982,0.88990867,-2.15082026,0.49207628,0.11735310,1.03532290,-0.49140570,-0.17488670,-2.29281950,-1.12488782,0.69849247,2.18894362,0.39217111,0.01421294,0.08472387,0.64099616,-0.61835825,1.38766813,0.88086951,-0.32396218
3,0.560000,foot,1,0.07203311,0.85765165,-1.42459118,-1.20761335,-0.88644952,0.81450242,2.38740635,0.30736852,-1.14689934,0.86088616,0.67089736,-0.13251187,-1.99419093,0.01389050,0.82322800,1.20504093,1.18757045,0.43929243,-0.06432720,-0.70029515,-0.75483000,-0.18170586
3,0.564000,foot,1,-0.18691760,0.37257057,-0.14579251,-1.06723917,-1.15695286,0.65694338,0.76030344,0.47577506,-1.01240206,0.39011383,-0.87922513,-0.47869825,-2.60058451,0.84981990,1.75075638,1.54480052,-1.12996030,-1.32043219,-0.17584126,-0.19721939,-1.01956129,0.16790092
3,0.568000,foot,1,0.56373334,0.07725269,-1.85113406,0.46602669,-0.49740773,0.33635500,-1.46977770,-1.31555426,-0.72032714,0.11644717,0.11636624,-0.36969241,0.36134696,0.51921946,-1.30357587,-0.32546496,-0.50583124,1.49001229,1.14754534,-0.74606341,-1.14623857,-1.01440048
3,0.572000,foot,1,-0.86833274,-0.98314780,-1.63189363,0.00806246,-0.27926403,0.15956670,-0.02934296,-0.56943494,0.38469240,0.73796272,-0.41429862,0.67982376,-0.33059835,-0.85429776,1.19727194,1.82507956,-0.98577845,-0.24799900,-0.32955307,0.16010293,-1.67283022,-0.15290762
3,0.576000,foot,1,0.87814003,-1.18382037,0.61049128,0.26770645,-0.27446550,0.21038793,-1.41186976,0.20318702,-0.97547060,0.56224507,0.14379892,-0.68948084,-0.79740012,-1.07261896,1.26508105,0.00928883,1.06039011,-0.57609844,-0.97223115,1.26050770,-1.35841024,-0.28805441
3,0.580000,foot,1,0.31332588,0.87287623,-0.05183147,1.14934695,-0.64636856,0.89231062,0.78991967,-0.15417299,0.40325299,-0.13866784,0.53696388,-1.18782735,-0.36587596,0.55871552,1.07973635,0.38343424,-1.46275175,-1.90670669,-0.09998730,-0.76661122,0.54833466,-1.36560714
3,0.584000,foot,1,-1.19716227,1.16760898,-0.84019947,1.10333240,0.14400981,-1.70586145,0.57835609,-0.41408649,-0.89954704,-1.05988562,-0.12401678,-0.82054377,-0.35744858,-0.81277496,-1.05055165,0.62285006,-2.25789118,1.33884335,0.81956917,0.02046048,0.87690437,0.39492416
3,0.588000,foot,1,-0.38783261,-2.68572187,0.99917567,-0.03004790,0.65765297,-0.07089672,1.56723499,-0.04763919,-0.47775224,-0.45270473,-0.11110402,0.63078910,-1.75052929,-0.42074102,0.18016216,1.65558875,-0.82472283,-0.35096151,0.07265648,1.27778840,-0.15317325,-0.02143936
3,0.592000,foot,1,0.31442243,0.26517001,0.29669949,1.01225317,-0.11362584,-0.81031770,-1.19505954,-0.25211060,-1.07530701,-1.60910201,0.64747280,-0.00090423,-0.39404613,-1.44261849,1.72511542,-1.20034945,-0.36957884,0.05112476,0.03149486,0.33153838,1.57848537,-0.45172504
3,0.596000,foot,1,1.59010160,0.71681803,1.19006228,2.29286933,-0.21316725,-0.46389243,-1.94804740,1.02880001,0.13240901,-1.76156032,1.42449486,0.42238897,-0.95172662,-0.08494168,-2.10765052,0.44256803,-1.43419278,-0.47729924,-0.99956483,1.44797432,-0.45846674,0.22636434
3,0.600000,foot,1,3.45507050,-0.90367442,0.72551370,0.16880769,-1.39330375,-1.64426064,-0.92048657,-0.07926595,1.29834962,-0.03478317,-1.30872893,1.56548226,-2.24173760,-1.59284866,-0.10259456,-0.06912312,0.27285564,0.62623471,0.10319026,-0.55343235,0.05549712,-0.66290379
3,0.604000,foot,1,0.81652200,0.53726983,0.53048897,-0.54149318,-0.07125825,0.96500444,0.41522560,-0.80717504,0.10041585,0.81057513,-2.39195752,0.21356033,-1.34443164,1.10495603,0.05474603,-1.79341948,1.03078437,0.58427823,1.27605581,0.03079224,0.35208625,0.30638161
3,0.608000,foot,1,-0.43871143,0.40554279,1.14538038,-1.32209873,0.54167157,1.56300735,-0.11709318,-0.65284783,0.30230710,-1.01391637,-2.88266230,-0.17713284,-0.34687862,0.56145728,0.55328327,0.78541374,-0.27484876,-0.15237533,1.04282773,0.14088216,0.46737453,0.41789222
3,0.612000,foot,1,1.40102255,-1.99099934,-1.03335702,-0.92141140,1.76456118,-0.41570044,0.23099636,0.23642777,0.18406701,-1.52343535,0.86806375,-0.22118850,-0.61170197,-1.35235226,0.65447927,0.34144309,-0.69866240,-2.01442575,0.57275790,0.56058532,0.16302218,-0.69702023
3,0.616000,foot,1,-1.49512148,-0.53655589,1.37063956,-0.79922283,0.34197366,2.09626245,-1.28468275,-1.11021495,-0.98436105,0.83093089,-0.79428095,-0.88158369,-0.65316349,0.67793339,-0.11900403,-2.10919356,-0.09609423,-1.64481246,1.84427726,-0.52531987,-0.48169419,1.01354015
3,0.620000,foot,1,1.21082795,-0.40200478,-1.34774005,0.88932407,-0.14970498,0.52283758,-0.61378914,0.21849410,-0.83530861,2.13084960,0.98383254,1.27912509,0.82729280,-0.98454732,-1.80810404,-1.09298277,-0.27556661,1.14747906,-0.57112509,-0.28982490,0.18107204,1.60673058
3,0.624000,foot,1,-1.07561791,1.83282614,1.40465999,-1.26263559,0.30702525,0.71016467,-1.27700508,-0.87482649,-1.57777858,-0.58826280,0.91003680,0.23857021,1.90498722,-1.39926267,1.19993258,0.57602853,0.11947462,2.18422532,1.78550828,0.77418381,0.67902368,-1.74924254
3,0.628000,foot,1,0.25487861,-1.36729729,0.22869518,-0.34383759,0.68412417,0.37808567,-1.20729113,-1.47621644,0.49100518,1.37326837,-1.19076490,1.41599774,0.90242743,1.96138573,-0.00368847,-1.14482105,-0.91101211,-1.00081229,1.75698614,0.02564990,-0.08385742,-1.34379160
3,0.632000,foot,1,-0.27867559,-0.60435599,2.01218605,0.07803173,-0.03176884,1.05500817,0.24303095,-1.04264832,-1.47746265,1.56971884,-0.27425188,0.13711993,0.42942086,1.48060286,-0.70650464,-1.59131730,0.61030412,-0.11895908,-0.41688305,3.27673173,-1.44349587,0.42365876
3,0.636000,foot,1,0.60962552,0.11960629,0.84295642,-1.52759719,-0.40237260,1.00624251,-0.85937345,0.68016714,0.64684689,-0.95737422,1.45744669,-1.09603608,0.61685878,2.59734464,0.59082747,-3.34696913,0.16456407,1.22381401,-0.08767980,1.21980619,-0.56287616,1.49875510
3,0.640000,foot,1,0.12512173,-0.38849312,-0.13916270,-0.61627513,-1.15963876,-1.24546373,0.28387335,-0.15695158,1.42040551,-0.25701889,1.02399302,0.31373683,-1.00842011,-0.55489314,0.56129527,1.08305049,-0.41104987,0.83575410,0.50342005,1.74238801,0.26658168,0.21562044
3,0.644000,foot,1,-1.10377634,0.67992568,1.13508201,0.48077363,-1.76022029,1.65043390,0.12227635,0.15099253,-0.38133696,-0.66856670,0.45822072,1.25067592,-0.36442843,1.26809728,1.30542564,-0.36306018,-1.47209835,1.45486844,-1.80216408,1.06530070,0.22696374,-1.70550728
3,0.648000,foot,1,1.68533039,0.06859709,-1.22381890,-0.10823752,0.16134407,-0.12631631,-1.37473345,-0.04753514,0.68017900,1.10680592,-0.95283854,0.97635108,-0.22092059,-0.48410487,1.15905964,-1.07807517,0.32730263,0.52657306,0.29871768,0.61214012,0.69413906,-2.08932710
3,0.652000,foot,1,1.55365241,0.06267639,1.21930993,-1.77168918,-0.62035143,0.10983438,0.08064748,0.39781508,0.10143666,1.33322322,-1.19560468,-1.19530118,-0.97029853,-0.42366448,-1.00333166,1.37821722,2.25721741,-1.91084886,-0.12764460,-0.93132007,0.32934856,-0.05744480
3,0.656000,foot,1,1.35219336,1.24810457,-1.75747502,-0.67748141,-0.50601625,-0.67119104,-1.28575456,-0.71099979,0.99790221,-0.93892395,-0.21064134,0.90098351,0.18223587,0.80398673,0.08624383,1.35971773,1.04492271,0.46235877,-0.16529569,-0.23414013,-1.13684440,-0.95086652
3,0.660000,foot,1,-1.74645352,0.79900753,-0.36127475,0.66007388,0.04961445,0.70975041,0.01292084,-1.21190143,1.74256325,-1.06383646,-1.33891046,-0.08631432,-0.67087817,1.62303674,-0.91612887,-1.19275510,-2.19981575,-1.06687748,-1.79851389,0.58277297,0.74934047,0.64974809
3,0.664000,foot,1,1.84611952,0.13609034,-0.98325306,-0.57598686,0.22573805,0.52044749,-1.63219035,-1.36413515,1.71060097,0.56555492,0.37348437,0.20137554,-0.50494033,-0.22186518,-0.44020221,-1.37814415,-1.99103045,-0.68807787,-1.71342814,-0.64382732,-0.74819422,1.10906780
3,0.668000,foot,1,0.20095634,-0.65769315,0.58204669,1.01011693,-0.54326618,1.08854544,0.49905652,0.34189141,-0.06701043,0.35504073,0.18170194,-0.21842329,-1.04151595,-0.39909658,-0.35339805,-0.82124639,-2.30583763,-0.97532058,-1.42093253,1.95386350,0.11353806,-0.15421395
3,0.672000,foot,1,0.16219689,0.48190498,-0.00857937,-0.20054984,-0.28669336,1.16488850,-1.09753096,0.20166069,-0.47179371,0.06870956,-0.72688651,1.18598115,1.97535110,1.00143242,2.00925612,-1.70902848,-0.54791540,0.04988265,2.80912566,0.65448195,-1.65364456,1.27887213
3,0.676000,foot,1,0.31216013,0.61762828,-0.08697278,1.36023211,-0.50542659,1.37014902,-1.39694369,-1.25383973,2.27386093,0.53855854,1.31372476,1.01411343,0.14640114,0.57420957,0.92561775,-1.00466502,0.02080039,-1.17607343,0.45790797,0.54206944,0.63165265,2.17861056
3,0.680000,foot,1,-1.66740239,0.06353293,2.45414448,-0.23094612,0.45716673,-0.12495919,-0.10345098,0.79741138,-0.75389796,1.33369946,-0.62089384,-0.47284925,-1.76159799,-0.47343388,-0.36639482,-0.76445049,-0.54991221,1.07179487,-0.04283046,-1.18243027,-0.38625574,0.93526280
3,0.684000,foot,1,0.21870582,0.73338598,1.25722349,0.31145713,0.18902624,-0.86275584,-1.59462249,1.03023338,-0.44475046,-1.92613387,-0.70961076,-0.31025910,0.30814824,0.92094862,-1.87567794,-0.65367240,-0.82133216,-0.63438338,1.51834071,0.52577925,0.02318562,0.67169601
3,0.688000,foot,1,-0.76484275,0.02777749,1.59585130,-0.29276124,-1.29912639,-0.46104234,1.49707520,1.03579676,-0.88307512,0.49330920,-0.13949090,-1.26694715,1.25891209,1.17960191,-1.08023477,-0.19692862,0.56372088,-0.41460049,-0.66854322,0.09740476,0.10358106,-1.20935655
3,0.692000,foot,1,0.22120136,1.15718973,-1.79026139,-0.18734176,-0.38839361,-0.75521219,1.80258834,0.24659896,0.34829128,-0.29957974,-2.64454889,0.89542276,1.25036418,-0.20894188,0.69281358,0.55547130,-0.07162397,-0.00015443,-1.50515187,0.76927876,1.48353422,0.15309019
3,0.696000,foot,1,-0.68825668,0.66179335,0.07093086,0.28720346,-0.84567350,0.27848276,0.06942417,-0.93525445,0.48348096,-0.32816413,-0.08538017,-0.04036551,-0.45505834,-1.62299979,-1.78936946,-1.00235868,-1.82142210,1.53204310,-1.30075145,-0.79565817,0.81645906,-0.90481943
3,0.700000,foot,1,0.43092862,0.18891232,1.65825272,-1.37573099,-0.50341886,-0.02456158,0.62924522,0.52671230,-1.10869324,-0.04052468,-0.11433795,-2.37414646,0.09374976,-1.48089898,0.57830697,0.30913001,0.00132032,-0.29616407,0.78752077,1.11591816,-0.71282184,-0.82357174
3,0.704000,foot,1,0.93845493,-0.59573621,1.07343960,-1.04108739,-1.11741507,-1.20510483,-1.24671698,0.78513718,0.95126873,-0.26409650,-0.36926836,-0.47487223,-0.14573303,-0.29630357,-1.80935442,2.55954218,0.51227230,0.43571156,-0.11001980,-0.36128846,0.51747817,1.17756450
3,0.708000,foot,1,-0.37681544,0.24107915,0.71843827,-0.07448105,0.94461781,0.42811817,0.28414387,1.07298207,-1.44756138,0.43064183,-1.16292274,1.15099752,-1.52884710,1.28995287,0.91859061,0.80796766,-0.57224762,-0.20781107,-2.46206641,1.53406477,-0.03905692,-1.49433982
3,0.712000,foot,1,-2.00918913,0.17003366,0.51295507,-1.22709835,-0.64174747,1.92243850,-1.02724767,0.79909682,0.15783024,-1.58687854,0.09026887,-1.12286806,-1.09142995,0.92076159,-1.66482306,0.55198097,3.21467972,0.61990535,-0.57272393,-0.68245852,0.56490523,-0.67949212
3,0.716000,foot,1,-0.46479309,1.07607245,-0.55214554,0.23241186,0.28021166,1.29557920,0.37190863,-0.86728138,0.41979244,-0.31123444,-0.68372732,-1.12435210,-1.59453511,0.58133328,-0.22761181,-0.03217052,0.30026406,-0.28967085,-0.96799475,-0.51485956,-0.31135026,1.02346778
3,0.720000,foot,1,-0.89958239,-0.83251166,0.54010379,0.12509388,1.13708329,1.15079987,2.14188051,-0.11733459,0.15631443,-0.53790337,0.20831496,-1.71633291,-1.75678539,-1.19286621,0.51007593,3.30808830,-0.64600486,-1.51144719,-0.99882251,0.56363779,0.26045969,1.38867462
3,0.724000,foot,1,0.62823141,-0.59966242,-0.25959748,0.04819386,1.34343970,0.31214261,-1.03004611,0.12126985,-0.41150409,0.75585556,0.48147449,-0.19837627,-0.41538739,-0.47249264,0.56539953,-0.78167212,-0.19770104,1.37258291,0.87938648,-0.58285803,1.45344853,-0.93297529
3,0.728000,foot,1,-0.19995856,2.37862825,0.15459836,1.08639348,-0.66988319,0.76942408,0.08460122,0.05227375,-0.47670987,-0.13532016,1.35234427,-2.21826482,0.66893256,1.00597787,1.67298889,0.86429191,-0.17018163,0.95400870,-0.49270403,0.77615649,1.73173213,-0.96090877
3,0.732000,foot,1,-0.09281991,0.47997382,-0.20425908,-1.01803124,-0.01829148,-0.22443821,-0.33871874,0.05072131,-0.29231441,-0.44170645,0.00949703,0.04484531,-0.70330745,-0.00192597,-1.09040666,0.47011703,0.11822661,-1.57099688,-0.34784448,-0.16826895,-0.06103612,0.40866625
3,0.736000,foot,1,-0.87363768,-0.00514745,-0.80600679,-1.09337783,1.99730277,-1.53370571,-1.09042323,-0.12859173,2.26137567,-0.67653096,0.18522982,0.13966161,2.42288518,-0.28552228,-0.64814812,-0.86018056,0.51849127,0.85937470,1.71909952,0.10382513,1.89063919,0.52059335
3,0.740000,foot,1,-1.78228617,-0.10196210,0.79985732,-1.47264004,1.52065051,1.11845863,-1.24697185,-0.75429779,-0.82460469,1.96466064,-1.76044512,0.68570369,0.06921980,-1.77098310,-1.09618723,-0.54917592,-0.66454571,0.60023218,-1.22770238,-0.43327200,0.68320692,-0.95757449
3,0.744000,foot,1,1.82541680,-0.98996848,-1.72225845,-0.26412556,-0.69381398,1.36742234,-1.34206522,-0.46740323,0.91352195,0.72381645,0.51876295,-0.94139004,-0.30419564,-3.03924584,-2.06769323,-1.12465549,-0.93284976,-1.68976259,-2.33005357,0.31116769,1.24255598,-0.00547576
3,0.748000,foot,1,-0.08474021,0.47614774,-0.42574355,0.01064944,-0.38315347,2.91723371,1.56675291,-0.19987401,-0.30314869,0.49427372,-1.95471656,0.96332169,-0.23502502,-2.34210491,2.16333556,-1.55924666,-0.54335600,0.79025859,0.36188701,1.54613912,-2.78807735,0.03276293
3,0.752000,foot,1,1.88049114,0.65051222,0.73543787,2.42895198,-0.18479905,-0.72838032,0.72682399,0.95276940,-0.59379005,0.27303925,-1.11353552,-1.33179677,-0.80721152,0.47545540,-0.16469866,-0.47617647,0.32712364,-0.13395272,-0.81889707,-0.77407497,-1.48813260,-0.79468787
3,0.756000,foot,1,2.07229495,-0.73253906,0.08315535,-1.30897486,0.38693628,0.37426212,-1.86656237,1.27006209,-0.91855705,-0.17147715,-0.04573102,-0.64026809,0.72284174,0.10118038,-0.46555910,-0.49901563,-0.41188857,-1.46720016,0.89539790,-0.90829557,0.78987134,0.83430946
3,0.760000,foot,1,-0.49151498,0.73943830,-0.40999877,-0.11139073,-0.61963332,0.79648000,0.79013592,0.05840741,2.21315289,1.03071368,0.18542704,0.42888519,-0.05159368,1.84965611,-0.32725617,-0.38281897,1.84237647,-0.05541106,-0.24691409,-0.21747130,1.33349562,0.29376161
3,0.764000,foot,1,1.09545720,-0.17576332,1.50679898,0.33308354,-1.60369754,-0.42096886,-1.37193251,-1.15930140,-0.87866604,1.19810390,1.21616888,0.60995513,-0.05036469,0.42247403,0.23513837,-1.28408778,0.69919395,1.74599576,-1.52990031,0.65252715,0.06121170,0.12341454
3,0.768000,foot,1,-0.24272946,-0.15779346,0.35636726,-2.01738524,-0.06857852,-1.23820579,0.33194038,1.65968573,1.28201389,-1.97431636,-0.23602033,0.89448088,0.70387596,-0.19017342,0.86275625,-1.13414669,-1.41757619,-0.76165104,-2.51950645,0.41699764,0.08143245,0.91731960
3,0.772000,foot,1,-0.08477774,1.03053546,-0.25370705,-1.54270387,0.57480168,-1.56650281,-0.74039966,0.95859343,-1.04619002,-0.38930699,-0.29871774,0.83748519,0.61189961,0.80326301,-0.04450008,-0.18300287,-0.16508083,-0.46638674,-0.16777778,0.40757102,0.54057080,-1.46265721
3,0.776000,foot,1,-0.97289842,-1.41152716,-0.17829481,0.87030983,-0.66620088,-0.46740463,-1.35028231,0.15686154,1.53631806,0.20450999,-0.28353116,0.25995100,2.64663482,-1.03796601,0.73127419,0.35469946,-1.09004450,1.50252163,-0.46436885,-1.52730596,0.20226878,0.78640527
3,0.780000,foot,1,0.10568513,0.80017185,-1.62726915,1.25967371,0.27919343,1.32455623,-0.42466220,1.93513668,-0.55278856,-0.36880851,-1.05807889,-0.63017160,0.44793886,-1.41473615,-0.97790396,0.39365730,-0.70519871,-0.03602017,0.08372952,-1.10137188,0.86534101,-0.68115562
3,0.784000,foot,1,0.75446951,0.16651724,-1.81682348,-0.60855001,-0.60461849,-1.31147408,-0.39558345,0.05352540,-0.26532444,-0.23778622,-0.98617727,-0.13312498,-0.08523259,-1.29307103,-0.41639760,-0.28793830,0.71341038,1.88623405,-0.53662652,-0.45216963,0.75175017,-0.96572411
3,0.788000,foot,1,-0.76728243,0.56185257,0.73858070,-0.00170613,1.12169123,0.61927795,-1.44583797,0.48859248,-0.73266870,-0.11189416,0.54002213,-1.85838747,-0.05717269,0.28959975,0.75072724,-0.10352594,-0.07780190,0.90322417,-0.10336608,-0.25178692,-1.61880875,0.84188342
3,0.792000,foot,1,-0.70862144,-0.67200464,-0.67000163,-0.82822466,1.85085690,2.14149451,0.65461785,-0.87940580,-1.38721490,-0.42551383,1.30628538,0.62365139,-0.08459966,0.83855623,-0.84514743,-1.42863357,1.87179828,-0.06184381,0.47799161,-0.72150528,0.69901830,0.63275528
3,0.796000,foot,1,-0.01683751,-0.72490710,0.03446400,-2.14227462,0.94417322,0.51132470,0.14751698,0.38569996,0.01547932,0.37655619,2.78587055,-1.15578163,0.52569067,0.21536788,-0.22704351,1.50265634,-0.21516164,0.56273091,-1.11081243,-1.76290500,0.55177850,0.71291548
3,0.800000,foot,1,1.26793385,-1.84009910,0.17163534,-0.23868708,-1.03486586,1.55989838,0.22702694,-2.37396789,-1.99980485,-0.90241486,-0.24459416,1.05930698,-0.52912509,-0.28915748,0.44384101,0.91928303,0.23328967,-0.60326517,-1.42210448,0.06974135,-0.35484004,1.18846285
3,0.000000,tongue,2,0.80168241,-0.96549493,0.41915762,-0.73535979,-1.22981584,0.21513191,1.92945707,-0.69006670,-0.60394585,0.32716334,0.78323221,-0.62650740,1.04372668,-0.10742728,1.58537042,0.92203838,0.54907626,0.17351080,-0.72357029,0.09880117,1.01416826,0.59593004
3,0.004000,tongue,2,-0.09667972,0.72092527,-0.14072536,-0.23479293,0.17531832,-0.83421892,-0.96750629,0.20628925,-0.08438978,-0.57225329,-0.25524402,-0.37955037,-1.86016762,0.05320368,-0.17300284,0.59285665,-1.28069222,0.19003412,-0.77448237,0.31523588,0.83599484,1.17917287
3,0.008000,tongue,2,-0.64837086,-2.72272372,-2.37774634,1.26329768,0.23414195,-3.37906432,-0.58307326,2.16158986,0.00047180,0.27989018,-0.06557362,-0.38614672,-0.52127826,1.51054490,-1.41412187,0.41566637,-0.64159197,-0.34766570,2.10664439,-0.16692372,-0.79354596,-0.07478780
3,0.012000,tongue,2,-2.19814444,1.36738837,0.34689829,0.56567925,-0.50079823,0.86384785,0.45864582,-0.89448571,2.19923520,1.42218256,-0.84918159,0.16023085,0.26744986,0.11375941,-1.06230223,0.91707045,0.23358944,0.26739627,0.40018746,-0.97566426,-0.29895017,-0.35548353
3,0.016000,tongue,2,-1.08093369,1.87695765,-1.20774984,0.22323076,-0.85955554,0.46250081,-0.24860916,-0.20514706,-0.44170552,-0.50839019,-0.44507357,-1.73154855,-0.83017039,-0.99719435,0.67686784,0.69223458,0.15208936,-0.66999817,-0.17255339,1.07113886,0.17733851,-1.01267254
3,0.020000,tongue,2,0.61719519,0.08303261,-1.19670880,-0.38156110,0.44628188,-0.32380664,-2.44571018,-0.22498618,-0.61701298,0.21801662,-0.41358155,-0.40427533,0.95296407,-0.69301236,0.17453510,-0.12964433,1.12011957,-0.65696573,-1.27867711,-0.14642212,0.59873390,-0.33111489
3,0.024000,tongue,2,0.95849687,-0.96467215,-0.03603546,0.19348478,0.69438332,1.24983454,-1.26162779,-0.90132231,1.06733584,0.67968905,-0.19041705,-0.81111872,0.55326587,1.69091439,0.02879021,-0.06339711,0.43939140,-0.93647236,1.80623090,-1.61050975,0.48174864,2.12535763
3,0.028000,tongue,2,-0.44542515,-0.16687694,0.13633764,0.09390277,-0.95491558,-0.19160980,-0.71549207,0.16440494,-1.45383286,-0.16111673,-0.54159385,-0.76137549,-1.94568384,-0.36878902,0.32757214,0.50292879,-1.93549585,0.77573603,-0.80638337,0.65563047,-0.37962583,0.86843491
3,0.032000,tongue,2,0.69874901,0.08996242,2.15881872,-0.52330554,-0.99363697,0.99815065,0.89956242,-0.74968928,-0.91482306,-0.22800498,-1.57311058,-1.63415396,0.87144285,-0.52234316,-0.52684981,-0.25115278,-1.36459875,1.34879780,2.33737612,-0.04976703,-0.17397556,1.15199029
3,0.036000,tongue,2,1.20680332,1.23945665,0.16706552,1.06687427,-1.11611450,-0.34463206,-0.70882803,-0.07909696,0.48635173,-0.61990392,-0.97728217,-0.99150091,0.30041397,0.71454024,1.21998513,-0.70138431,0.98481679,0.27781031,-0.04534610,0.43757248,0.17517474,-0.39637244
3,0.040000,tongue,2,-0.31579226,-0.63055509,1.14113188,0.35122678,-0.76294392,-0.95253032,-0.10371523,1.50026464,0.31144583,0.68716919,0.02416988,0.13346647,-0.87756503,1.24653947,-0.46486121,-0.03015588,-0.00453955,0.39753342,-0.67784441,-1.11293375,-1.04365301,-2.04536104
3,0.044000,tongue,2,0.04456488,0.68830353,0.89975530,-0.06539281,-0.79562515,-0.69414318,0.60903269,0.38546667,0.05346368,-1.52487290,-0.27400586,0.98252159,-1.95318937,-0.59991938,0.67173165,-0.26623380,0.64957768,0.07654864,-0.25713930,0.10328506,-1.06400859,0.20307508
3,0.048000,tongue,2,1.11451519,-0.77597624,0.05273761,-1.20566916,1.00632083,-0.91201776,0.52385670,-0.08406597,0.66653419,-0.00509569,-0.14502485,-0.63612163,-1.08516240,-0.27143186,0.10713354,0.82842135,-3.62502289,1.57513905,1.18360794,0.81786323,-1.34685647,-0.08309679
3,0.052000,tongue,2,0.62999386,-0.19009407,0.73983514,-0.48229182,1.15197754,1.50438511,0.43513528,0.18105055,-0.55250627,1.49739909,0.60994244,-0.48498279,0.59033900,-0.54083991,-0.01577425,1.61456299,-0.67104274,1.65636730,-0.59065884,0.54552180,-0.97527224,-0.58133131
3,0.056000,tongue,2,1.05275345,-2.25298905,-0.31227267,0.75912338,0.03770131,-0.75645447,-2.37335730,0.46361735,0.68909460,0.26799467,-0.23293243,0.22247529,0.65169996,1.47962320,-0.56305808,1.69982374,-0.02823520,-0.06975269,1.41134250,-1.46615469,1.62101257,1.95537710
3,0.060000,tongue,2,1.06015337,0.20286636,-1.06653166,-1.06677115,0.51607937,0.39760873,-0.67942894,1.34303463,0.62271231,0.56795180,-0.26062271,-2.28387070,2.16042805,0.25402236,0.36619541,-0.48980331,0.24161568,-0.35351637,1.23888922,1.21696949,-0.89930409,0.75256371
3,0.064000,tongue,2,0.05923256,0.76272053,-0.17378010,-1.42657471,-0.26339659,3.42116261,1.20305228,2.32252955,0.56711334,0.40890363,0.21614645,1.43806255,-1.77829254,-0.96009243,1.29346943,0.47270414,-0.27988297,-0.32956654,-1.68707347,0.61397612,1.04349637,-1.04582179
3,0.068000,tongue,2,-0.00647962,-0.53292197,0.21699964,0.43791866,-1.03691638,-0.01756356,1.80438423,-2.25138426,1.42014265,0.13252999,1.64316392,0.12615919,0.45632485,0.57633138,0.69357294,-0.46956187,-0.60157824,-0.30412397,-2.66156721,-0.38714284,1.55779266,1.03274798
3,0.072000,tongue,2,2.03245759,-0.22568047,-1.25210381,-0.36085337,-1.15279365,-1.33537126,-0.07747279,-1.39959693,-0.60200733,0.46256724,-0.78584403,-0.68698066,-0.77066708,0.35798740,1.00911415,0.58541918,0.50556904,-0.10411750,-0.20830737,-0.75228631,-0.26039553,-0.89516628
3,0.076000,tongue,2,-0.56445938,-1.51173067,0.67641103,0.08629254,0.91847759,-0.20398428,0.22173095,1.79202104,1.15922236,-1.06058383,-1.17210078,0.32937071,0.96414936,-1.91089463,-0.03457960,0.15198994,-1.27721560,1.40849602,-0.67370683,0.61456954,0.67157567,-0.69135189
3,0.080000,tongue,2,-0.64861691,0.31152800,2.09345198,-0.23664337,1.41082144,0.19580224,0.01408634,-0.02493646,1.80032325,0.82948607,-0.49650079,0.02111252,0.71809733,-0.45027393,-0.27565950,-0.46698734,-0.04062814,0.34956139,0.72263682,0.60089403,1.31642890,1.68738794
3,0.084000,tongue,2,1.03197050,0.39171392,-0.37210199,0.50662416,0.28834057,-0.12603174,-0.23254862,-1.24998522,-0.45237210,-0.91571414,-0.12373608,-0.72516072,1.41962361,0.50912172,-0.89119697,0.27117366,-1.19662678,-0.87643832,-1.17484760,0.80209363,-1.71553183,-1.73897934
3,0.088000,tongue,2,-1.46531284,-1.44483232,-0.04231624,-1.15827823,0.87634629,0.62150389,-0.06566779,-0.53683108,-0.49972337,0.94481587,0.12378272,-0.29782960,0.42681336,0.37171733,0.94526386,-1.03466046,0.58447552,1.61927080,-0.85702980,0.24713442,0.46896583,-0.64891303
3,0.092000,tongue,2,1.00695562,-0.42150289,2.69630122,0.15887575,2.10168552,0.59524399,-0.95507216,-0.41173846,-0.32948449,0.68201113,-0.37924215,0.97626442,-0.83630669,-0.85667717,-0.60683036,1.35512638,0.32496822,1.48199928,-0.43927601,0.08568150,-2.10740519,1.91852295
3,0.096000,tongue,2,0.38736054,2.24745464,-0.17236692,-0.58298850,-0.04011872,-0.71291828,0.98408949,0.31392866,0.69202107,1.72201490,0.23692335,0.29118338,1.03030753,-0.22996567,1.30402923,1.04763007,0.08856999,0.67430645,-0.53962755,-1.04804504,-0.56406957,0.10424954
3,0.100000,tongue,2,0.47169954,-0.17751575,-1.40939438,-0.06282024,0.43730405,-0.69504720,-1.88370240,0.80010545,0.16453522,-0.86189055,-2.57370949,-0.18028738,-1.28726971,-0.69049990,-1.67928362,0.67367792,-1.12030351,0.03615454,-0.93427628,-0.64950234,-0.58785480,-0.82922649
3,0.104000,tongue,2,-1.48674107,-1.49303341,-2.15898561,1.43847024,0.44754377,1.06967139,-1.03989959,0.61220300,-0.27126041,0.01381588,0.21787280,-0.14108676,-0.49743232,0.19994552,-0.18614359,0.69594347,-0.67613435,-0.26420438,-0.30922362,0.20620741,0.47834203,-1.04790974
3,0.108000,tongue,2,-1.52598262,-1.89879811,-0.38289627,0.08464039,-0.29996407,0.44452983,-1.12986183,0.03579507,-0.28956071,-0.07209569,-0.99313396,0.51297551,0.86551106,-0.77655923,2.12021708,1.21964347,0.68945158,0.56802022,-0.66923273,-1.46701527,-0.18809475,1.33315694
3,0.112000,tongue,2,-0.89748037,-0.64460850,1.48968756,-1.79450667,-1.73187673,0.58854002,-0.12423155,-0.27328742,-0.39024442,-1.33979821,0.81236750,0.47026455,1.26291358,0.10960187,-2.74101329,-0.02434137,1.42468774,1.45370519,-0.83242661,-0.54136008,-1.13019013,-0.25189742
3,0.116000,tongue,2,-0.21097347,-0.73468119,-0.38673246,1.56681263,-1.42521465,-0.76357603,1.22057879,0.33468863,0.10280266,0.29141438,0.88320833,1.46383643,0.59187806,0.14408027,-1.22924209,-0.87682265,0.35839120,0.05146236,-0.66794139,-1.36883748,-1.15600336,0.08927254
3,0.120000,tongue,2,0.88978642,-1.40746439,-0.08076125,-0.94480735,-1.48949051,-1.25162792,1.29266024,1.22561550,-0.08598657,0.20745657,-0.38484523,-1.26130211,-1.14037633,-0.08819908,0.16429476,-0.23603962,0.34865117,-0.26243967,-0.91116107,-2.21920824,0.71108675,-1.02766383
3,0.124000,tongue,2,-0.29916066,-0.13389695,-0.77657390,2.42937517,0.56281364,1.51354980,-0.81009376,0.37637579,0.34166071,0.17554897,-2.19037056,-1.37938583,0.80791628,-1.45945907,-1.43593705,-0.64880455,-0.01731573,0.36139554,-1.44926500,-0.50373095,-1.28947401,0.03251767
3,0.128000,tongue,2,-1.26395488,0.26579440,-1.13127077,0.04071220,-0.43913254,-1.64431334,-1.28413188,0.98000121,1.86253524,-0.88656741,2.56470037,2.00154281,-0.43416154,1.06696010,1.70000660,-1.51784110,1.37696803,1.83929956,0.48416349,0.93529838,0.70186770,0.66849822
3,0.132000,tongue,2,0.55190432,-0.38685250,1.11856627,0.42376804,-1.00586438,0.48754418,2.06868839,0.60079366,0.08450855,-1.01655197,0.26880234,-0.18684927,-2.64403558,-0.10906381,1.73845625,-0.01659148,-1.05749786,-0.84959018,1.19105804,0.17143121,1.22078478,-0.93808579
3,0.136000,tongue,2,-0.85812932,-1.74559319,0.41040638,-0.72851920,0.20142372,-1.43768787,-0.58154309,-0.19833621,0.52414459,-1.54999804,-1.89593697,-0.96944827,-0.04866897,0.15030202,0.29733434,-1.64740872,-0.92542583,0.00385023,0.94233227,1.07472050,1.01588953,-0.89549744
3,0.140000,tongue,2,0.17789590,-0.00633872,0.26770931,0.04725366,-0.00990064,0.13449709,-0.47654027,0.43481767,-0.78183079,0.30676991,-0.12344570,-0.20356645,-0.21426423,1.27461982,0.73931193,2.89761305,1.11953878,0.92835546,-0.29957482,0.68591088,-1.46588576,0.54000378
3,0.144000,tongue,2,0.60572016,-0.21456078,0.43964350,-0.55895102,1.83254731,2.65333962,1.37671626,2.05169606,1.93167651,1.82549083,-0.86488312,1.60222208,-0.09179983,0.74195838,1.19782400,-1.03793263,-0.91185379,0.90046579,0.02843840,-1.44411194,0.84484422,0.33326453
3,0.148000,tongue,2,1.36121786,-2.43535590,0.88329822,-0.13654953,-1.09925592,1.02813089,0.95553738,-1.55253577,-0.29458380,0.92403030,0.47289845,1.84443915,1.25652122,0.06699806,-1.27741790,-1.12974393,-0.89891559,0.03528898,1.23800802,0.39012432,-1.79484022,0.33683169
3,0.152000,tongue,2,-1.31713414,-1.37743998,-0.38044947,-1.36534894,-1.89961338,-1.77654552,0.09425033,0.51158136,-0.36674905,1.16855526,0.77906638,1.13801873,-1.43904221,1.57473218,0.43376890,1.27553594,-0.08347162,0.86201537,-0.59912962,0.37925705,1.47534454,0.54180694
3,0.156000,tongue,2,0.01264916,1.13009226,-1.31665504,0.34022862,0.25247273,1.53228569,-0.83444929,0.13228406,0.20230317,-0.96589541,-0.43197015,-0.44724146,-0.14073969,0.81317943,0.46373782,-0.30032656,-0.24885359,0.40795380,0.91675055,1.02700710,-1.95386350,0.85123080
3,0.160000,tongue,2,-0.16092393,0.47048882,-1.34544599,-0.32898888,1.14009190,-1.22990322,1.26416373,1.41765678,0.59757578,0.58351511,-0.11306228,1.75204718,-0.77460116,-0.20304638,-0.35456949,-0.42270577,-0.67963880,0.54597795,-0.79168069,0.84379882,-1.10031879,0.45701379
3,0.164000,tongue,2,-1.46136236,-0.60557783,-0.50409514,-0.18440057,0.20042627,0.88324422,0.30015734,-0.08466014,-0.26171783,0.46778494,-0.82096308,-0.61507154,2.21202779,-2.77425885,0.05504853,0.95713800,-0.32724428,-1.54015958,0.17908628,1.49640608,0.07034197,0.79894209
3,0.168000,tongue,2,0.61023498,-0.19543284,0.41920322,-1.09769142,-0.14900777,0.62053406,-1.96072114,0.20181425,-1.34256709,0.47357535,-0.52866375,2.34933138,0.97376466,0.71811849,0.12548560,-0.35303795,-0.69982648,-0.15800011,-0.67292345,-1.13990939,0.80837387,-0.85443681
3,0.172000,tongue,2,1.47610414,-1.96256936,-1.25272250,0.86329657,-0.00736266,1.42667186,0.98237807,-0.34102088,0.34582847,0.59426433,0.10437945,0.53141981,-0.02669081,0.30918422,-0.26833421,-0.39621919,-0.19839634,0.03974740,-0.37694874,0.68658829,-0.09806103,0.09118676
3,0.176000,tongue,2,2.03931594,-0.31038368,-1.85768366,1.30324972,-0.34311372,-1.01439810,0.79802674,-2.62712693,0.98449057,-1.54646504,0.27726558,-0.71664584,0.32354888,-0.35720947,-0.66907024,0.14409128,0.14598706,1.98701906,-0.52903986,0.00194052,0.55901015,2.43707323
3,0.180000,tongue,2,-1.10458362,0.03631613,-0.38700950,-0.89197898,-0.21201900,-1.11643434,1.12064302,-1.18723083,0.83198982,0.68715852,0.27925938,0.06256396,-0.23454724,-0.73237437,0.07312277,-0.41388005,0.84486336,-0.35847604,1.40256774,-1.68908107,0.38073200,-1.88952184
3,0.184000,tongue,2,0.24565232,-0.08148765,-1.97899866,1.03386164,-0.54858506,1.25057459,-2.34553051,-0.37770832,-0.45132604,-1.12394786,-0.88077819,0.37942424,-0.46818429,1.87577713,-0.52253556,1.20585406,-0.05125405,0.91878551,-1.53080177,-0.03955221,-1.25553548,0.72938919
3,0.188000,tongue,2,-0.49680808,-0.99824804,-1.20413888,0.00943008,-1.10728562,-0.64046073,0.07556278,-0.86560822,1.18573928,-1.26334059,-0.29782033,-0.29518428,-0.14483207,0.52407974,0.99502581,0.08998948,0.25117064,-1.49862480,-0.67916507,-0.59179467,0.02946237,-0.18056485
3,0.192000,tongue,2,-0.07717186,-0.32528087,0.15014222,-1.41867208,0.25003478,0.37117490,1.13230407,-0.53537160,-0.66927767,0.38841510,-0.90330577,-1.00388181,-0.32797259,-0.13947101,1.20536089,-0.51506245,-0.37325445,2.18572307,1.14075911,-0.31767648,-0.11895533,-0.42419854
3,0.196000,tongue,2,-0.63514489,1.16905856,-0.56931955,0.88787466,0.17564426,0.98055398,-1.34448075,0.89048690,-0.44018647,1.15052807,-0.25955763,0.35081640,0.19091550,-0.47219750,-0.91593152,0.03097647,0.06653586,1.39490867,1.25624049,-0.25637114,2.55532336,-1.12910032
3,0.200000,tongue,2,-1.78607166,1.27019310,-0.53943568,-1.29356813,-0.76301664,-0.48501313,0.89113015,0.92152864,0.35598087,1.00961852,0.54683125,-0.76780671,-0.33626708,0.55344361,1.01284015,1.70111871,0.06089468,-0.71938330,-0.79106671,-0.12692909,-0.92532283,-0.47849604
3,0.204000,tongue,2,1.84033251,1.69160640,-0.10741471,0.89189625,-0.09740084,0.39461347,1.17345953,-0.32213399,-0.71453762,-0.21186632,0.89968950,-0.64910692,0.27277118,1.67289209,1.10271204,0.38575289,0.83688670,-2.15012240,-0.37591109,-0.01295124,1.60937142,1.28527331
3,0.208000,tongue,2,1.08838284,-0.78005821,0.45703468,0.47707078,0.22245820,0.87556463,-0.65553921,-0.26467344,-0.44095585,1.88558614,-0.65773058,1.07002175,-1.59836733,1.09805059,0.66536403,0.15254563,2.18524122,0.28504255,0.44819772,1.63015425,-0.51089311,0.32956716
3,0.212000,tongue,2,-1.80018270,-0.09962310,-0.28706524,0.28072083,-0.94765377,1.05265117,-1.32279980,-0.29447788,-2.14308429,-0.78861868,-0.70602709,0.60571110,0.88499188,1.04798555,-0.08256779,-1.18227732,-0.16964485,1.02444446,0.36497930,0.39250797,-1.63744128,-1.88240635
3,0.216000,tongue,2,-0.52084494,-1.45798481,0.39137125,-1.10593283,-0.01646909,0.40187526,-0.56538773,0.29753986,1.81729496,-1.63260007,-0.23617347,1.15582585,-0.92959857,-0.57015938,2.06341195,-0.08103032,-1.21766579,-0.73860598,-0.10820158,0.49188355,-0.93438697,-0.22125962
3,0.220000,tongue,2,0.48197135,-2.02041125,0.24750425,-0.19814771,-0.47158468,-1.68856144,0.41074711,-1.12943769,-0.50268471,-0.44322431,-1.15249550,-0.05236832,-2.40902972,-0.94861102,-0.81823486,0.21984200,0.23746572,-0.41504040,0.42213374,-0.48104110,0.65121609,-0.23510289
3,0.224000,tongue,2,1.51464307,0.25320241,-1.05925357,-0.09889738,-1.47224879,-0.73988867,1.33296299,-0.86667371,-1.51080596,0.87315184,-0.57795018,0.85239893,-0.36143664,-1.78120804,-2.33295846,1.07874000,-0.68499184,-0.07296450,-2.10749006,2.12538981,1.29314947,-0.03575274
3,0.228000,tongue,2,-0.83626616,-0.78130668,1.25984967,1.10587573,-0.52775687,-0.41099218,0.52250016,-0.19747312,-1.18296361,-0.18984559,0.46660635,-2.29152656,-0.06844637,-0.44573078,0.56823385,-0.60473984,1.21183372,-1.21952271,-0.56407136,-0.69285423,1.60650563,-1.51769733
3,0.232000,tongue,2,1.72207713,0.53194034,0.76847696,0.30875519,0.85230875,0.84257889,-0.07672904,0.49434230,-0.71273339,-0.81116438,1.46336842,0.17091095,0.47913435,2.50939870,1.22635949,-0.64691490,0.75090104,1.74788570,0.87607092,-1.08971465,-0.93050534,-0.39270228
3,0.236000,tongue,2,-0.41323993,0.24185726,-1.15017176,-1.44046772,0.47827938,-1.73752987,-0.29385668,0.42617115,-1.15241563,0.09359534,1.88871121,0.76819259,0.29687279,1.67418122,1.36626279,-0.93229574,1.39462101,-0.35062674,0.13379417,0.44205672,-0.83277959,-0.20231001
3,0.240000,tongue,2,0.59338826,1.18599451,0.77330279,-0.90580100,-0.27989453,1.23682082,-0.65655667,0.09144418,0.53312087,-0.11605353,-0.05099725,-0.28737491,1.55059481,0.56096160,0.75993919,0.33980340,-0.05895200,0.63694394,2.70574212,0.79712975,-0.82001674,-0.43275586
3,0.244000,tongue,2,0.73652655,1.14499784,-0.30842122,-0.61504781,0.05411939,0.07387704,1.40937757,-0.67170107,-0.35036206,-0.74710220,1.13668752,0.36185673,-0.27199751,1.00084388,0.09503262,-2.97473717,-0.11783051,1.53329790,-0.47873622,-0.30734286,1.34397566,-0.10434267
3,0.248000,tongue,2,0.95850539,0.22603768,0.48827302,2.95212507,-0.20331211,1.46597457,1.51425564,-0.17804548,-0.94443929,0.98176521,1.01982951,-0.34744182,1.28348088,0.75243855,0.08356060,-1.13071179,-1.19478393,-0.20543922,-0.38639840,0.84587783,-0.37660956,-0.67768133
3,0.252000,tongue,2,0.12505123,-1.19536173,1.76972628,2.46450758,-0.11337629,0.22988710,-0.34409887,0.02890998,1.72638190,-1.03437960,0.47387204,0.35891366,0.36181575,-1.99361229,-0.83685052,-1.17850363,0.89293659,-0.03506520,-1.52317035,-1.23168445,0.78193802,-0.66982764
3,0.256000,tongue,2,-0.53693384,0.99382156,1.25053978,-0.64354891,0.77029496,-1.43531883,-1.05418897,-1.07309079,1.52759552,1.43510818,-0.12075859,-0.00947420,-0.16075599,1.25036383,1.22272420,-0.31739500,0.03546589,-0.26736534,0.36840260,-0.89791471,-0.14338201,0.48913878
3,0.260000,tongue,2,-0.43003982,-0.44799259,-0.78586805,-1.26486421,-0.15232834,-0.13377763,-0.23333368,0.92638457,0.05562029,1.14133608,0.96441400,0.53061295,1.85312700,0.43815535,0.30340731,-1.99889636,-0.57746571,0.83177078,-0.17296730,-0.26273981,-0.88206762,0.40195501
3,0.264000,tongue,2,-1.74739313,-1.00520337,-3.16170311,-0.46579564,-1.73833525,-0.95369065,-0.75667620,-0.66498435,-1.64213634,1.30571866,1.08462918,0.67869276,-1.74276817,0.85715908,0.49613425,-1.66835833,1.24371016,-0.92251658,-1.81503856,-0.37170982,0.00433195,0.82764709
3,0.268000,tongue,2,1.04905677,0.87321562,0.34935042,-0.85144752,0.65100670,0.01017450,-1.05968499,-0.11945299,0.88466018,0.63412505,-0.35583362,-0.39388990,-0.09508164,0.06751592,-1.00639415,-1.32357991,-0.07542583,0.33496931,-0.02496509,-0.54975337,1.09185183,-1.79910111
3,0.272000,tongue,2,-0.03140157,0.13549027,0.19262294,0.80979782,0.23280293,-1.08778441,0.46920982,-0.90601897,-1.96429133,-0.28730789,-0.70770848,0.28207013,0.62438029,-2.08583140,0.40745246,-0.12187549,-0.42978141,0.01299628,-2.09244299,0.37387922,0.70215487,0.67591017
3,0.276000,tongue,2,-0.04470886,0.44071582,1.08825207,-1.59320807,-0.03651743,-0.01078430,0.16921736,1.49329865,0.66142589,-0.64146346,-0.99779826,1.80241966,-0.89339030,1.11614871,0.24580994,0.21467116,-0.54052985,0.44718775,-0.13163282,-0.63605660,-1.48041153,1.15955615
3,0.280000,tongue,2,1.07817066,0.62102133,0.99439251,-1.67648876,0.96636975,0.33783779,0.16171174,-0.47415411,-0.64325941,-0.42917258,-1.17375147,-0.43640965,0.17555495,-1.23529816,-0.85921937,0.42257360,-0.72453028,0.72870690,0.20226739,0.78372449,1.36530161,0.78261405
3,0.284000,tongue,2,-0.45415094,-1.13272309,1.83401108,-0.02950757,-1.12645566,0.28203222,-0.67790484,1.82769859,0.22124167,0.44069144,-0.60795105,0.05707070,-0.34939986,1.65360558,0.19535746,-0.94828212,-1.42282808,-1.73792005,0.77929038,-1.56787300,0.06820165,0.04169022
3,0.288000,tongue,2,-1.03933561,-0.98079854,1.02169895,-0.84880126,1.04856396,0.07664949,0.97854495,-0.73056006,0.58728719,-1.76084077,-0.99391890,-0.61617297,0.14281972,0.43590286,-0.30934435,0.08156756,-0.58761728,-1.55385911,0.15331599,0.51850945,0.83802110,0.92109013
3,0.292000,tongue,2,-0.32806626,-1.11488688,1.08230639,-1.09408879,0.57283378,-1.67171359,0.72873867,-0.28577968,0.95183563,0.68358630,-1.67800784,1.62428212,2.01569533,-0.00255779,0.62857533,-1.20380902,-0.44226772,1.04170763,0.33370265,1.15280986,-0.67828166,-0.35940692
3,0.296000,tongue,2,-2.06347132,-0.66683942,1.05018723,2.42275524,0.88951367,-1.81168020,1.21877873,-1.54862273,-0.69101715,-0.44614604,-0.50736129,1.05820894,-0.96466750,-0.72294468,0.80251092,0.40720934,-0.32840005,0.23245889,-1.74811029,-0.74410439,2.28030109,-1.09901738
3,0.300000,tongue,2,-0.43678394,-1.39614785,-0.15622514,-0.66376436,-0.52268565,-0.73938400,1.43148410,-0.41408369,0.58097410,0.93067139,-0.28275636,-0.59862292,-0.30899021,-0.15540166,-0.72896266,-0.42128891,-0.48323184,-2.17597580,1.09461641,0.41625732,0.28203505,-1.46316683
3,0.304000,tongue,2,-1.02525282,-0.10582827,-0.72118980,-0.22287625,-1.72734058,0.64582419,0.26600623,-1.51010168,-0.45539004,-0.06615581,0.90013021,0.83286351,-0.40682912,2.37816238,-0.32587454,0.57348543,-0.73432744,0.42063507,-0.78918332,-0.32778874,-0.35545856,-1.20815694
3,0.308000,tongue,2,-1.62498665,0.82278395,0.04465511,0.73258424,-1.82690847,-1.01301539,-0.51989686,-0.63225955,0.40845796,1.49294257,1.53926992,0.38344082,-0.87129539,-1.08520699,-0.15546173,-1.21886957,-0.08298729,-1.25736213,-0.54981899,0.65614599,-0.42019954,-0.67745143
3,0.312000,tongue,2,-0.33482644,0.29009086,-0.14370352,0.39682552,1.51619184,0.45559895,0.62290365,-2.10072660,0.10507862,0.89241612,0.30609989,-1.54347062,1.03346765,-0.71164834,-1.46402502,1.21414220,0.20903102,-0.70140451,-0.24777530,-1.78611374,-0.26818249,-1.51130712
3,0.316000,tongue,2,-0.04179978,0.04597795,-1.34358966,-0.03148027,0.20536350,-0.13168371,1.34848034,2.01795316,-0.76429319,-0.90872699,0.88359571,-0.01473599,-1.22345340,0.93989599,-0.24341209,1.08079231,-1.33230495,1.14954388,-1.37078643,0.00897417,-0.91433156,0.34189996
3,0.320000,tongue,2,0.19460140,-2.08378816,-0.29000086,2.32529950,0.34134027,-0.37430221,-1.47814548,2.44680619,-0.55493867,0.78818268,0.19208588,0.24232408,0.15010208,1.01370323,-0.24843839,-0.57921576,-0.71761572,1.51457846,1.58153617,0.58546948,0.11048378,0.17130224
3,0.324000,tongue,2,-0.90708017,0.27752656,-1.03790832,-1.22567463,0.74317342,-0.39925215,-1.13451231,-1.11883354,0.97040272,0.66541696,-0.02561320,-0.62143707,-0.28981757,0.07130842,0.05548816,0.74928623,-1.75223541,-0.15094830,-0.33857235,1.46346891,-0.38058820,-0.37090617
3,0.328000,tongue,2,1.00246096,-1.31518221,-0.27389726,1.15768182,0.36755195,0.82846040,1.02877593,0.19655955,0.45785320,-1.65780962,1.16245210,0.22383054,0.01568157,-0.41145188,1.47347128,-0.88693935,-0.68874514,0.08964378,0.17836170,0.68683058,-0.48303598,1.21911895
3,0.332000,tongue,2,-0.02771893,0.51518333,0.85059619,-0.17353407,-0.74892193,-0.48643562,1.12979221,0.81759626,-0.16314690,1.03469050,-0.56726646,-0.52326864,0.40038514,1.06070554,0.10491642,-0.44535848,-0.41046470,0.24602352,0.57722402,-0.27184862,0.56100398,-0.50646693
3,0.336000,tongue,2,-0.12903792,-0.37285441,-1.01500535,-0.27626854,1.00194240,-0.36646706,-0.74234468,1.60845661,-0.65834701,0.15498482,0.99614859,-1.64470804,0.74349827,-0.55038846,-0.43285936,-0.97529697,1.29874086,2.08136320,-1.16698146,-0.40497440,0.29065651,1.05167806
3,0.340000,tongue,2,-1.00611293,1.52773380,-0.53576684,1.43180561,0.81231338,1.51902735,-0.22320645,0.16824791,0.51022506,0.36014643,-0.15142919,-0.54896754,-1.11395991,1.77588296,-0.07417107,-0.83577383,-0.98009163,0.96216524,0.00355739,1.04236400,0.41730201,0.41137373
3,0.344000,tongue,2,-0.17956258,0.17635338,-0.92074251,-1.01895237,0.56706583,-0.09450705,1.26405752,0.59305531,-0.39012468,0.77987432,0.58112681,0.25749981,1.05952978,-3.13329720,0.81406891,-1.12889588,0.23453058,1.91254246,0.01613512,0.32837972,0.88432413,-0.43433043
3,0.348000,tongue,2,0.26615319,2.64034081,0.36813232,-0.51092225,-0.68541646,0.45235446,-0.70963645,0.54850757,-1.00185227,1.06549370,-0.93858916,-1.32463300,2.13015866,0.05158981,0.64555931,-0.25131240,-0.64552122,-0.59915513,-0.03692813,-0.00795889,-1.22264314,-1.05323970
3,0.352000,tongue,2,-0.11003716,1.15486217,1.20903492,0.30350652,0.28702304,-0.73095572,0.03387899,0.16845877,-0.53509951,-0.39842895,0.23916531,-0.46637070,0.73374653,-1.17100751,0.54122400,0.03821391,-0.67171293,-1.24287939,-1.09686530,-0.54610509,-0.41116339,0.11523120
3,0.356000,tongue,2,0.34547177,0.28567231,0.25182474,0.94525731,0.26513529,0.29010132,-0.58630085,-0.45899934,0.73933464,-0.00797206,0.33210501,0.20645681,-0.44298559,1.51976585,0.84084129,1.90010905,-1.84531581,0.08846056,-0.53713930,0.32501644,-1.19533825,0.71160436
3,0.360000,tongue,2,0.43470845,1.93511319,0.14376640,-0.68963689,0.63894492,-0.30460942,0.62772930,1.31075013,-1.34069443,-0.36638659,0.49086267,0.71927226,0.47128317,-0.30890906,-0.08943117,0.48791254,-0.50683379,-1.40025687,-1.17931426,0.16800138,-0.40565217,0.16440502
3,0.364000,tongue,2,-0.37368399,1.57223904,0.44934511,-1.33042061,0.96240801,-0.74786282,1.21096504,0.75987393,1.04712176,0.65365219,1.65084589,-1.20432198,0.06464859,0.18962975,-1.56445277,0.22898096,-0.44381335,0.71292943,1.25037503,1.53613126,0.11516881,1.04118836
3,0.368000,tongue,2,-0.21656315,-0.33454832,2.21648431,-2.14168382,-1.65334702,0.30927318,-1.37422788,-1.05895710,-0.17511226,-2.03206158,0.25678390,1.80471337,-0.72854376,-1.12649763,0.00062521,-0.19863516,-0.86627322,0.93502259,-0.93733853,1.58746505,-0.17462255,0.75380754
3,0.372000,tongue,2,0.74499738,0.35470581,-0.59389716,0.61217749,-0.56866258,0.86363566,1.80634439,0.71651340,0.32841742,-0.16215739,-0.53191650,1.00147402,-1.38877189,-0.02774923,-0.26732680,0.56663817,-0.11692022,-0.74781501,-1.62597620,-1.09434938,-0.28620881,-0.34936473
3,0.376000,tongue,2,1.24584532,-0.49049839,0.34214628,-1.02920723,-1.26553488,-0.08623940,0.84728819,0.94583267,-0.42183584,-0.17619115,0.31503257,0.29076800,-0.21165842,-1.80839753,0.20377412,-0.67988229,-0.38385504,1.47458482,0.53301835,-1.28856933,1.25193810,0.93836522
3,0.380000,tongue,2,1.71853316,0.55622190,-1.95125484,0.97143346,-1.89371276,-0.32952192,0.12329295,-1.15743768,0.95183146,-0.81315243,-1.20860302,-0.13940205,-1.65635884,-0.42779765,0.84126186,-1.28495193,1.29095805,0.51019275,0.23168549,-1.79984939,-0.35359991,0.87228358
3,0.384000,tongue,2,-0.44347659,0.25494874,0.40840352,0.67189723,-1.89228821,0.22399434,-0.89825594,-0.49092454,0.64644486,-2.97371936,-0.35252053,-0.33408993,-0.28582737,1.77083170,-0.80953044,0.02658488,0.42999423,-2.42156291,0.67131788,1.40903497,1.27368069,0.08809488
3,0.388000,tongue,2,-0.33546063,0.49914154,0.65195304,0.43459266,0.30053371,-0.61463565,-0.50265652,-0.83287472,-1.56184542,-0.31277934,-1.65351033,-1.43068469,-0.82652992,-0.98795408,-0.12644792,1.03518498,-1.11052096,0.47377780,-0.12201605,0.21694483,0.61792439,0.00488630
3,0.392000,tongue,2,-0.29020923,-1.88903952,-3.89509368,-0.53901261,-0.58241445,0.14458600,0.35999697,0.74403757,1.01223695,0.94815296,0.19073266,-0.28585413,-0.10398174,0.73853135,1.37416291,-0.92789775,-0.54556131,-1.52322578,-0.28968573,0.94418013,-0.53610331,-0.48249835
3,0.396000,tongue,2,-0.35819685,1.16264105,-0.70131809,0.76079637,0.42560294,-0.76230234,0.56768137,-0.49618268,0.76913881,0.69371206,1.16343868,0.25807080,0.11586693,-0.32940480,-0.88705003,-0.29321739,0.76146597,0.58305538,0.69786787,-1.01050675,0.86779255,1.20631123
3,0.400000,tongue,2,0.97677070,0.25130510,-1.41416216,-3.24572015,-1.29741335,-0.32483712,1.59994817,0.63406599,-0.65242791,0.12048423,-1.12755537,-0.23307842,0.42338488,0.23429750,-1.83249557,-0.33509192,-0.49052185,-0.22524711,0.36657286,-1.07406855,-0.68935138,-0.85844505
3,0.404000,tongue,2,2.01401401,0.31596252,-1.05462539,1.10316277,0.84696877,-0.06312956,0.16828141,0.71413404,-0.98086476,-0.10702263,-0.63346434,-0.92306209,0.82716382,-0.37107399,-1.31652331,0.13337381,-0.93853176,-1.03295386,2.11059642,-1.06978643,-0.76825958,-0.87261993
3,0.408000,tongue,2,-0.88375562,0.38506454,-0.46884775,-0.67964572,-0.84037983,1.24085367,-0.58224893,2.18118024,0.01268200,0.07736413,1.36511159,-0.21458349,0.80848587,-0.81530297,0.51345664,0.96040058,-0.50573504,1.98968613,-3.58549476,-0.77646279,-0.78260517,-1.34048140
3,0.412000,tongue,2,-2.86953449,1.10510218,-0.69241941,-0.01737851,0.71965969,2.18921828,-0.22684163,-0.28146261,1.71718729,0.57947922,0.73957199,1.23300123,-0.73452169,-0.46615565,0.64563549,-0.46397269,-2.68891335,2.13367081,-2.58838844,0.32121894,-0.94134527,1.26342821
3,0.416000,tongue,2,1.32798111,-0.23367964,0.59928000,-0.54001051,0.30768710,0.82238579,-1.98394489,0.49027696,0.60002226,0.44439763,-0.00712895,0.22432068,0.85668653,0.03754504,0.63167530,-1.44311070,-1.80027902,-0.00294039,0.49156928,-0.31903920,0.81149876,1.58233869
3,0.420000,tongue,2,1.02242625,-0.13287476,-1.25927603,-1.40284657,0.52638268,-0.72996670,-0.19746387,-0.19565962,1.37458742,0.48086497,0.11393245,0.89924937,0.75086522,-0.02018701,0.32572100,0.51607972,-0.11450966,-0.45686847,-1.60597301,-0.93767291,0.15953168,0.35120848
3,0.424000,tongue,2,1.13268352,1.22173190,-0.61482549,0.67591608,0.39872459,1.30606401,1.24562001,-1.22180831,1.53503716,-0.01922199,-0.72800285,1.01442420,-0.04896955,0.95054585,1.35157073,0.91614801,0.07864875,-0.76702994,0.31971949,1.23046720,-0.13825317,1.45639646
3,0.428000,tongue,2,-0.25635675,0.05385883,-0.95893037,1.03683972,-0.56153715,-0.02290510,0.21726467,0.38232157,0.04163715,-0.69966871,-0.66087651,-0.48519886,1.18127441,0.37928411,-1.64027655,0.35400820,0.59535295,0.76631135,-0.60264516,0.65536129,-0.29065391,2.31688595
3,0.432000,tongue,2,-2.17130280,0.23302609,-2.56572509,0.41049993,-0.93182069,0.95577800,0.33369616,1.49399233,0.33934703,-0.14462455,-0.18791507,0.22309047,-2.51652098,1.30475450,-0.65413833,-0.74749982,-1.56612098,-0.42880252,-0.05539233,-1.60630870,-0.60172760,-1.35666287
3,0.436000,tongue,2,-1.17287374,1.10760832,-1.47866213,0.18487526,-0.04574641,0.66076159,-1.17051828,0.02449933,-1.24171054,1.70633709,-1.32634306,0.50852156,-0.41171432,0.37889922,-0.30990782,1.51329160,-1.09213567,-1.18021655,0.59458828,1.16610456,0.50637978,1.65188420
3,0.440000,tongue,2,0.06358545,-0.02036378,-1.75513268,-0.09171955,1.98807359,-0.37551847,0.34460396,-0.37368822,-0.70012569,-0.03045989,1.23451459,2.00956225,-1.16774642,0.37961948,0.22172029,0.34258714,-0.27145910,-1.04023981,0.44689330,-1.84355533,1.58521152,-0.29936445
3,0.444000,tongue,2,1.48714221,1.21610427,-0.94039446,-0.15375082,-1.97065485,0.28907105,0.45427316,-1.29785752,0.37662509,1.94216716,0.07478827,1.62311029,1.21205354,-1.91002524,0.34772825,-0.96108454,0.84531409,-1.41973329,-1.81801760,0.52088857,-0.00077158,0.28537336
3,0.448000,tongue,2,-0.32413819,0.52523088,0.16524448,0.80040026,0.30525568,-0.88777977,-0.39932919,-1.49818587,-1.03649604,0.22381970,1.99712992,-0.50479501,-1.91647422,-0.54975420,1.46406209,-0.24650347,0.11281943,0.11047044,-0.01765280,-1.94285965,0.43768623,-1.80330396
3,0.452000,tongue,2,-1.18733954,-1.53431904,0.49992844,1.21697569,1.46214938,0.03847772,-0.44117060,-1.15671825,-0.63117975,-0.40831488,1.00828099,-0.54917508,0.22790055,-0.04349110,2.27777863,-0.41483790,0.54358637,-0.46246058,1.69782603,1.12816596,-1.33579719,-1.20826530
3,0.456000,tongue,2,1.35015333,-1.53340805,-0.52094179,-0.37282947,1.12831438,-0.15654989,-1.23088539,-1.42309284,0.62121564,-1.31536424,-0.60315442,-0.36880535,-0.24719167,0.36754501,-1.80635917,0.46011996,1.30987477,0.28886777,-0.16913329,-0.62193531,0.56310284,-1.08978605
3,0.460000,tongue,2,1.18723679,1.10488749,0.65199000,0.22281851,2.17482114,0.41613293,0.08948849,-1.80646944,-0.89791703,0.01946730,-0.61884141,0.13248874,1.68236005,-0.25957513,0.67058194,-0.61052561,-0.38410684,0.10147756,1.39548373,0.34010687,-1.00347161,0.65680552
3,0.464000,tongue,2,-0.07433340,-0.80268478,-1.34389544,0.08008790,-3.35967898,-0.04327014,0.02820771,-0.46017948,-0.82519943,2.45026517,1.27024376,-0.66649610,0.06488198,0.52184111,1.19786477,-0.17001390,0.26158273,-0.39527118,0.63657290,0.67101836,-0.26437616,0.82597941
3,0.468000,tongue,2,0.59413773,-1.09300494,0.03182692,2.11405659,1.00084734,-1.70047748,-1.36588073,-0.54606450,-1.02712500,0.50666857,-1.14926457,-0.10834017,0.70613748,2.10897350,0.72139847,-0.10878535,-1.42024589,0.20216411,-0.15535554,-1.26807928,0.97888649,-1.72697663
3,0.472000,tongue,2,0.08846809,-1.53526902,-2.12615824,-0.37998259,0.44193280,0.16137309,0.33512008,-0.95671421,-1.33695912,0.32186902,-0.72911584,-1.67581081,1.10320318,-1.03924608,0.73243535,-0.89271933,0.73335981,0.33136430,0.44192883,-1.75875056,1.04109120,0.46900338
3,0.476000,tongue,2,-0.25912780,-1.28187191,-1.38042355,-0.17899343,-0.89823943,0.97477674,-0.47106048,1.16190040,-0.14358005,-1.32626855,-0.11459797,1.35074842,-0.16704200,0.39085609,-0.26539418,-0.78022403,-1.26835322,-0.02679462,-1.21948242,-1.90859711,1.07493448,-0.06939629
3,0.480000,tongue,2,1.84812462,-1.20133114,0.28099468,-0.31678620,0.96192914,0.71429676,1.12863648,0.64485133,-0.69840372,1.72356629,-0.20637907,-0.95078576,-0.37826598,-0.62841332,0.42296654,-0.54773027,0.94273180,-0.42192271,-0.93957973,1.28585875,1.73740458,-0.67151028
3,0.484000,tongue,2,0.16678287,-0.78309441,-0.58729726,-0.30289105,-2.89616942,-1.19064009,2.65804482,-0.29474652,-1.17035556,-0.26617855,-1.73471868,1.15892041,2.36358905,0.86186624,-0.81706703,-0.65207660,-1.68920970,0.85279131,-0.79446363,0.20284060,1.33392394,-0.33702946
3,0.488000,tongue,2,-0.84439850,0.62316144,0.44831938,0.15602098,-0.36842147,0.30322042,-1.16766739,-0.11779788,-0.21053864,-0.61435360,-1.45890868,0.75866336,-0.74948627,0.43940166,-2.71330166,0.78720051,-0.15682212,0.54046422,1.11014593,-0.93774062,-0.53605378,0.63628119
3,0.492000,tongue,2,1.77820587,-1.52333534,0.72655070,0.02729980,1.23710775,-0.69238830,-1.70982730,-0.26111522,1.39585471,0.78456056,0.91183865,-0.64346218,-0.86820269,1.34313464,-1.33411074,-1.48792863,0.01758863,0.43325290,-0.77925128,0.85129952,0.14206220,2.14474106
3,0.496000,tongue,2,-0.76136583,1.56618953,-0.57099283,2.90942049,-0.27245679,0.74891520,-0.07848635,-1.42014337,0.88944197,0.77268815,0.84325290,0.39764264,-1.07631648,-0.78044218,-0.63018441,1.81540060,-0.73849821,-0.21557866,0.32541454,-0.00172905,-0.20915882,-0.98684657
3,0.500000,tongue,2,2.80019879,1.06491840,-0.33466527,-0.63844043,1.52888024,0.55040401,-0.46635565,-1.70222843,0.03330705,-0.06089029,-0.85478759,0.77265656,0.18150179,0.78038627,-1.02490568,0.92695862,1.53975403,0.86754793,0.40494800,-0.94450945,-0.20581444,0.38886184
3,0.504000,tongue,2,-0.08700119,-0.03272874,-0.80223703,-1.36756933,1.45340681,0.09075841,-0.62604445,-0.38479328,-0.09197408,-0.17072809,-0.60814083,-1.14226103,0.53238302,-0.19652376,-1.61682403,-0.67939776,2.04384995,1.03443682,0.10920455,2.21340275,-0.27156210,-0.00160602
3,0.508000,tongue,2,0.63983971,-1.03817439,-0.39294603,-1.28528726,-1.76825333,0.68559068,-0.97951990,0.57362467,-0.75817519,1.11873055,-0.70221174,0.43666029,2.01590705,1.12894583,-1.33302259,0.50231111,-0.55899900,1.00422609,-0.53160447,-0.43294328,-1.24609244,-0.31260127
3,0.512000,tongue,2,-0.59504527,-0.95343149,-0.54339302,1.89589643,0.89573252,-0.08757582,0.23185486,-0.56089848,1.37940454,-0.52009368,-0.13475510,1.16052520,-0.61453629,-1.44962275,0.16481444,0.25746706,-0.35707453,0.73890752,-1.83887446,0.26151958,-0.02607325,0.26654291
3,0.516000,tongue,2,0.67807633,-0.20589399,0.91389775,-1.33619666,-0.24614415,0.23036230,-0.02436004,1.69557095,-1.13685107,-1.23985672,0.49410498,0.28592253,-0.72230273,0.34249905,-0.44890872,0.95976216,-0.40493038,-1.69482362,-0.78433597,1.26563263,0.87182570,0.48161745
3,0.520000,tongue,2,-0.46627477,-1.55980647,1.80613279,1.46109343,-1.32118165,1.06587040,1.29175043,0.87473047,0.60966331,0.25968438,0.65557307,0.77398127,2.12913084,-0.28454286,-0.30211148,0.02511818,1.33206618,-0.10036644,0.48793650,-0.17362341,0.25718343,-0.00409464
3,0.524000,tongue,2,-1.99404860,-0.06423607,1.08303571,-1.60525548,-0.45236713,1.33384717,-0.02237325,-0.26059806,0.88617027,-2.26156092,0.93823844,-0.17584863,2.38457060,0.25448039,1.35126102,-1.82962608,0.59893721,0.02485560,-0.75962871,-0.69035965,-0.20563124,-0.11516876
3,0.528000,tongue,2,1.19264269,0.25970760,-0.11748954,-1.02540445,1.50089896,0.98056549,-1.47436142,-0.56114477,-0.75503486,-1.30301094,0.79616421,0.91922939,-0.53997278,-1.92895854,-0.23584089,0.07806599,1.80996251,-0.29571891,0.45061797,-0.90244853,-1.20448482,0.43956226
3,0.532000,tongue,2,0.27556917,0.12289275,-0.72131878,-0.31732053,-0.30933216,0.80620867,0.29397398,0.15206680,1.24232233,0.41650456,-0.53889775,-0.91006023,-0.02810390,-0.97932172,0.36865848,0.16125803,-0.30813718,0.28295994,0.17071468,-2.04106450,-0.75085473,-0.83987117
3,0.536000,tongue,2,1.80325186,-0.51066166,-1.89853597,0.15679426,-0.07831863,-0.77504641,0.86872321,0.05111674,-0.52390039,-1.23922265,-0.87419766,-1.54652452,0.37145644,-1.05252647,-0.31465593,0.54801071,0.04952429,-0.43933117,-2.04168296,-0.91751426,-0.62141889,1.37557268
3,0.540000,tongue,2,-0.50442564,-1.36507881,0.47019047,-1.08066440,-0.32444632,0.01282781,-1.23812985,0.11963084,0.85422587,0.46003765,-1.65871763,-0.86534268,0.41245666,0.17170945,-0.61865819,-1.98409390,-0.46240401,-1.33847702,1.92512023,0.61929417,-0.01186336,-0.65329611
3,0.544000,tongue,2,-0.72622073,0.82009822,-1.17180634,-0.19984478,-0.98901963,0.45886672,-1.03331518,-0.41226974,-0.74703962,-0.87476164,-0.11767305,1.38876534,0.91353184,1.58852398,-1.05753028,-0.35718399,1.92584717,0.85805023,-1.56515801,0.06695394,-0.33059752,-1.91638958
3,0.548000,tongue,2,-0.64887375,-0.03308422,2.11532950,0.15287305,0.02361624,-0.68313366,-0.05905427,-0.14378233,1.85598624,-0.14024203,-1.22679377,-0.76795006,-0.68748248,-0.84781915,0.87263858,-0.80064470,0.22638343,-0.00306123,-0.29121867,-0.42743564,0.78382856,-0.29470384
3,0.552000,tongue,2,-0.48241270,-0.26937973,-1.15016568,0.25524229,-0.48743173,-0.40371287,-0.12295626,-1.28731561,0.25979543,0.42231473,-1.84343004,-0.71342784,-1.05231225,-0.46497589,0.17501235,0.02179984,1.49710310,-0.62742394,-0.78933060,0.65805107,-1.29895616,-0.56045222
3,0.556000,tongue,2,-0.32268643,0.35772291,0.27898139,1.19740272,0.85600108,0.81712925,0.16200167,-0.16878060,-1.75416470,-0.41947758,0.12253488,0.73766279,0.35938832,0.33503392,-0.51736158,-0.28630841,-0.27931565,-0.23555566,-0.93303746,1.19400275,-0.79890525,0.99094421
3,0.560000,tongue,2,0.78402859,0.95754766,-1.34234643,0.68581134,-0.20754704,1.80476737,1.17331839,0.82094467,-0.21494348,0.11570077,1.33931172,0.24657004,-0.35175186,-0.90424663,1.94567466,-0.52110142,-0.59201944,-0.05689260,-0.30266127,0.59732640,-1.39840567,1.36235774
3,0.564000,tongue,2,0.32753733,-1.49017215,-0.05631429,-0.38253978,-0.02289461,0.18082701,0.88391429,-2.48878241,0.12679458,-1.11527169,-0.70974571,0.63684636,-1.20150566,0.31854555,-1.24224246,0.65028220,-0.79570878,0.55946070,1.32148242,-0.05809902,-0.32287765,0.56446028
3,0.568000,tongue,2,0.01516772,0.33882874,-0.58424503,-0.15326676,0.22242519,0.88553715,-1.49638772,-1.75337195,0.74842221,-0.86400813,-1.27234125,0.00721386,0.97214383,0.17195016,-0.73390055,1.33617532,0.14671701,0.15698496,0.43376571,-0.16708833,-0.33778438,-0.06503037
3,0.572000,tongue,2,-1.09517622,-0.25325394,1.52519703,-2.51983953,-1.10085440,0.59877795,-0.78703761,-1.70005739,0.73220497,1.17249501,-0.71383792,0.78279984,0.28977516,-0.48700345,-0.50299102,1.82477653,0.33729568,0.00615864,-1.24102890,0.34595972,-0.41994545,-0.70821637
3,0.576000,tongue,2,-1.70084739,-0.48212701,1.58929217,0.87756777,0.46798798,1.63974738,0.25123957,0.34000969,-0.08973540,0.36082053,0.31273776,-0.04492439,0.26917806,-1.42465103,0.12138104,-1.11197627,-1.12089622,-1.70507514,0.66379958,1.74263036,-0.02918465,-2.54184604
3,0.580000,tongue,2,0.52302331,0.03525798,-0.26771653,0.58149308,0.33915493,-0.94182950,-0.34919304,-0.70556855,-0.60337383,-0.60715342,-0.43470103,-1.42212546,-0.23080659,2.05039287,-0.24425173,-0.60518092,-1.76884913,-0.57951480,-0.92124617,-0.04239410,-0.62442642,-0.53219175
3,0.584000,tongue,2,-0.09472929,0.20445250,-1.38181317,-0.32242781,1.58017063,0.51078963,-0.17954519,-2.00517821,-0.81989563,0.77346301,1.59370792,-2.33076382,-1.47987914,-0.70652920,0.12833458,-0.49467784,0.41152731,0.18130845,0.03562879,-0.32535493,1.86623847,-0.10307272
3,0.588000,tongue,2,0.78545153,-1.10521805,-0.43974492,0.83086157,-0.92013907,0.35882962,0.28534952,2.03233314,0.12976266,-0.19371858,-0.64689738,1.13734686,-0.76649624,1.01196325,0.16050509,0.66813534,-1.07021785,-1.15961885,-1.96230423,-1.93659389,-2.29697919,0.44996527
3,0.592000,tongue,2,-1.58348179,-2.00380898,-0.99264938,0.04552507,0.01427018,-1.68673754,0.25913930,0.10973091,-0.51423842,1.43243933,0.43952331,1.50612962,0.02543790,-0.58859473,-0.54284531,-0.35403794,0.83516836,1.29561710,0.27775064,-0.55935657,-0.15095334,0.65993142
3,0.596000,tongue,2,0.64254451,0.88767457,0.02300922,0.56276065,-1.77896142,0.21456294,0.90867770,-0.07315605,0.59014726,0.16512565,2.85981464,-2.72444224,-1.39467978,-0.75510669,0.06765967,-0.10439634,-0.37090480,0.44418222,0.57656628,-0.42197126,-0.93141484,-0.66192448
3,0.600000,tongue,2,0.88571578,0.14628470,-0.20949528,0.79338753,-0.65303004,0.57266963,-0.81216460,0.37216270,0.50293291,0.49807674,-0.53675842,1.09744561,-0.44702098,0.29191852,0.12063951,-1.76766682,0.55018216,0.90882349,-0.29479766,0.69235295,0.64069086,0.20592932
3,0.604000,tongue,2,-0.70072758,-1.07481289,0.60993940,1.80452192,0.19441454,-0.24879676,-0.80146605,1.35316837,0.71956521,-0.29323050,-0.11801691,0.14657043,0.96990973,-0.10688252,-0.53606772,-2.43404746,-0.00534114,0.44853681,-0.13788685,1.37985909,-1.85261691,-0.48037228
3,0.608000,tongue,2,-0.91834706,0.26343262,-0.65250105,-0.67706734,-0.78494340,0.32628101,-0.27993852,-0.64968103,0.89066273,1.53691900,-1.72088253,0.63227040,-2.28923440,-0.58266902,-2.03057003,0.38057148,-2.19465351,0.46808621,1.86254489,1.02902818,-0.50937510,-0.41904408
3,0.612000,tongue,2,-0.83430767,1.45026231,-0.25280395,-0.35675946,1.87498343,1.05060470,-0.88207376,0.96393794,-0.47398803,0.00396825,-0.12914734,-1.02087712,1.65517604,0.75445449,0.75833052,-0.46220729,-2.17819834,-0.51743269,0.76193947,2.11601663,0.29360247,0.30771792
3,0.616000,tongue,2,-0.90819389,0.55185664,-0.22798258,-0.86202323,-1.38312864,0.22736853,-0.54974431,-0.61797029,0.52916586,0.71562618,0.05766109,-0.81047344,2.51136518,1.62243199,-2.56249189,0.02518389,-0.63896000,-0.58963019,0.25212562,1.66173077,0.52436805,-1.20180035
3,0.620000,tongue,2,-1.02962136,-0.12751882,0.48434186,0.77368939,0.82839441,1.22425735,0.12711252,0.21652639,1.21377349,-0.94091225,1.26721549,-1.58834326,-0.53449517,-0.71983808,-1.09392738,-1.75551832,0.03844331,-0.55489552,-1.30216920,0.67570007,-0.29101336,0.82535678
3,0.624000,tongue,2,0.77104241,0.13008115,0.45094922,-1.18427753,-1.87831664,-1.71186829,0.22341952,-1.04613066,-1.46595085,-0.51097292,0.43081421,-0.04359243,-0.19097871,0.98555988,0.32635951,0.24102846,0.76220018,-0.64509654,0.37635332,-0.35504964,1.32596028,-0.12032688
3,0.628000,tongue,2,0.07648361,0.56890446,0.28818205,-0.38469845,0.34927395,0.92634958,0.97246486,0.72438574,-1.02672470,-1.90771735,1.15984583,-0.47720405,1.42151928,0.91880339,1.17387927,0.04941767,0.37130576,-0.89466405,1.43988466,-0.71907568,1.77904260,0.65507042
3,0.632000,tongue,2,0.05217139,0.80480522,0.37747195,-1.10033095,-0.39146453,-0.15322943,0.10039247,0.32960844,-1.12669420,1.49432158,-1.21308756,-0.08291540,1.61828578,-0.05258646,0.45740557,0.66997808,-0.60189652,-0.34963718,0.15698445,-0.90982336,0.96325445,1.59240437
3,0.636000,tongue,2,-1.50426674,-1.77060461,-0.18340005,-0.46549970,-0.56353682,-0.26761305,0.73521054,0.31099337,-1.06035972,1.08104658,1.43252027,-0.69964474,0.29830343,-1.20240223,1.13763905,-0.54595250,-0.75199771,0.29084936,1.34072924,-0.25039148,-1.15033376,-1.97797620
3,0.640000,tongue,2,0.28686196,0.23869655,-1.05249929,0.38016158,0.85459197,-0.48543221,0.59113920,0.76409698,0.74553549,-0.62808949,-0.51628655,-0.84367824,-0.23157381,-0.44297913,-0.13130201,0.61723679,1.53256667,0.92423779,1.48349655,2.15083766,-1.55176747,-0.41360167
3,0.644000,tongue,2,0.61453378,0.60451913,-1.25520134,-1.62583828,-0.30035764,-0.04211177,-0.44969401,0.55713105,-1.26893568,1.16182041,-0.09832881,-1.28897500,1.15264356,-0.24331604,0.27628729,1.19821942,0.16324022,0.44408557,-1.84347343,-0.44501412,0.47006321,0.61859787
3,0.648000,tongue,2,-0.28859949,3.04257751,0.69077200,1.45986617,-0.43284309,-1.03438783,2.51365995,-0.25399280,-0.06508689,-0.00095192,-0.60394275,0.42727250,0.94937629,-1.23936105,-0.97054845,-0.24457465,-0.26060998,-1.21738529,0.93205708,-0.64701325,-1.04978180,-0.74214089
3,0.652000,tongue,2,0.80414784,0.22280635,1.98135865,0.04576233,0.23808572,-0.71783507,-0.04099074,0.00759703,2.15229845,0.90656292,-0.26021004,1.00709951,0.61742938,0.61961925,-1.00899267,1.17136395,-0.55270243,-0.14278476,0.17423527,-1.49541962,-0.09213448,0.26700312
3,0.656000,tongue,2,1.09690201,0.09410992,-2.34946275,-1.26002586,0.28357169,1.71436143,-0.43338129,0.45646819,1.54862583,-0.65958524,-0.24604730,-0.96470803,0.91960514,-1.13095045,0.08100295,1.52697110,-0.62884331,-0.43774277,1.04689527,-0.87452221,-0.76725394,1.11374998
3,0.660000,tongue,2,1.00545549,-0.83904469,1.09812236,0.29665646,0.71770436,-1.75892544,-0.71552706,-0.25082883,-1.08547401,0.05766406,-1.03574061,0.84168208,0.37521929,-0.88358170,0.04000164,-0.47176364,2.18643808,0.36378142,2.08213282,-1.60115623,-0.05782180,-0.23707987
3,0.664000,tongue,2,-1.27647579,1.39407861,0.70600098,-0.42182791,0.53114003,2.12629223,0.56063849,-0.97885150,-0.41613808,0.20763695,1.94196641,2.17856860,1.15451121,-0.74883777,0.29969141,1.04919314,0.54334563,0.50348377,-1.61610699,-1.13769424,-0.58433020,1.20957220
3,0.668000,tongue,2,-0.65189171,-0.29634053,-2.40915012,2.18856072,0.04751576,-1.11771679,0.04705757,-0.09712452,0.98692131,-0.84621531,-0.08102375,1.43059957,-0.39122429,-0.74121243,2.01733327,-0.51499999,-1.25878775,1.49560010,-0.17044480,-1.57093883,1.48548234,-1.68480790
3,0.672000,tongue,2,1.13350701,-0.88895500,0.38131472,0.59574318,-1.94815969,-1.67592049,-0.78284937,-0.23775804,1.47837210,0.20043403,1.07392490,-0.48954460,0.42991114,-0.01175896,-0.61823326,-0.91185731,1.92372334,0.32585961,-0.00415294,-0.98534364,-1.16714692,-1.29580665
3,0.676000,tongue,2,-0.34160590,-2.83670592,0.63249254,-1.54014361,-2.38234520,-0.00872918,-0.57324368,1.02931464,0.83137369,0.15695629,-0.08059205,1.25506008,-0.35803086,-0.92336631,0.35267299,1.32558417,0.73593158,0.85380095,-1.37975252,-0.69497633,2.39399481,-0.23021683
3,0.680000,tongue,2,0.59485340,-2.07507801,0.81147444,-1.80393398,-1.41937268,-0.14736480,-0.37184349,1.17576289,-0.96633351,1.77871954,1.73296821,-0.59510690,-0.11289069,-0.55771613,0.48173031,-0.61392045,-1.22497249,0.61304265,0.14299546,0.25387141,1.30947757,-1.29013228
3,0.684000,tongue,2,-0.98295063,-1.78102696,-0.93100113,-1.44234145,0.40233392,-0.86529034,0.46901780,0.50079226,0.70460886,-1.56677973,-1.82454109,0.93373144,-0.36872831,0.94419545,1.78692031,-0.54841286,0.69274253,0.01977665,-0.27800831,2.57673979,-0.10670863,0.69051355
3,0.688000,tongue,2,0.71007365,-2.13816524,-0.21460545,0.32682523,-0.83183759,1.15944982,-0.65124100,-0.08718694,-0.17668299,-0.50397158,0.67237389,0.30272245,0.41841522,0.22068681,-0.22919902,0.65000796,0.12298238,-1.28372812,-0.72217041,-1.18178344,0.01287201,0.18614405
3,0.692000,tongue,2,0.33375657,-0.87188005,0.44702852,-0.46492586,0.23303625,-0.24838157,0.03803627,0.45285177,-0.70208627,0.40780732,-1.19746554,0.92562145,0.91447759,-1.22578073,1.06344163,-0.00367235,0.09071774,1.55116796,-0.41932288,0.46500373,-0.42929271,1.66862988
3,0.696000,tongue,2,-0.49868637,-0.79150039,-0.68384683,0.48305643,-0.45633915,1.38462365,0.24505405,-0.99144822,0.57618135,0.18628892,-0.76184076,-0.65969968,-0.37093025,1.30153465,1.19827890,0.40359125,-0.97500104,0.66199565,-0.47791734,-0.74642956,0.34056562,-1.00538099
3,0.700000,tongue,2,-1.65632725,2.30489826,1.07642365,1.27976394,0.86850476,-0.02370640,-1.10925508,-0.47189838,-0.21791407,-1.89226258,-0.03440181,0.06985895,0.58123273,1.11335254,-1.37516320,1.85336065,0.22775771,-0.45890456,-0.37614533,1.15800381,-1.10332954,-0.39883938
3,0.704000,tongue,2,0.88910979,-0.34532523,1.11276913,2.64135814,-1.33392024,-1.16817307,-0.08621729,0.05382928,-1.39216566,-0.32037348,0.90860564,0.60475469,0.52440715,1.34958243,-1.41267109,-1.55007505,0.42483407,-1.28073752,-0.73364902,-0.29943037,-1.49553680,1.82335675
3,0.708000,tongue,2,0.87845206,-0.81336302,1.69275367,1.27401137,1.40656567,-0.30286741,0.22958227,0.28279248,0.96894711,1.21272516,0.68364632,-0.57148415,-0.48018092,0.00630090,0.07014260,-1.25406063,0.30296704,0.33113235,-0.67664385,0.30908227,-0.95344520,-0.17720805
3,0.712000,tongue,2,0.58019322,2.09207034,-0.97232437,-0.14981025,-1.32095051,0.65465063,-0.36892888,-1.43667912,-0.57352996,0.06963988,-0.64580578,1.23707545,0.67999268,-1.19266498,0.36937764,0.14710557,3.76086545,0.49847069,0.06646560,-0.87773615,2.37566566,0.56940925
3,0.716000,tongue,2,0.07151590,0.08187608,-2.04945636,-0.78937650,0.35727334,-0.90503460,0.97162420,1.32393920,-0.38131207,-0.01432571,-1.43498063,-0.42501971,1.51884508,-0.73474878,-1.01198733,-0.81029963,0.38797018,-0.21952392,-0.92983204,-0.70437235,-1.08630371,-1.66945899
3,0.720000,tongue,2,0.94776517,0.23300439,-2.44267035,-0.96711296,1.81800008,0.63223451,-1.63695204,-0.27001867,0.92438585,0.20304102,0.91053176,-0.06015512,-0.30328223,-0.78558326,1.06504071,-0.39843291,0.29143929,0.78146213,-1.07645380,1.26117027,-0.82978398,0.74152231
3,0.724000,tongue,2,0.40495163,1.23041749,0.67313612,-0.86316454,-2.04933810,0.71839929,0.98451453,-0.04583745,1.62433684,0.57086718,0.74055839,-0.10687441,1.81768560,-0.46175957,0.81787795,0.51663238,0.89274943,0.78469276,-0.07831962,-1.59037971,0.51050365,-0.16893478
3,0.728000,tongue,2,-0.45962989,0.92912674,-0.03822444,0.47877005,-0.45154065,-0.81359124,0.90636605,0.19981799,0.20759970,-1.70680881,0.58186555,-0.44001818,3.01484227,0.49777555,-0.12654880,-0.49913833,-0.20942985,-0.53585887,1.60364509,-1.39999318,-0.66627061,-0.08021711
3,0.732000,tongue,2,0.95746148,0.77307600,-1.00851226,-0.61910087,0.71375430,-1.96382773,0.40986717,-0.18936667,-0.30920202,-1.64842772,-1.37903547,-1.65813732,0.12737720,2.25940084,0.47701085,-0.00488085,-0.81518507,-0.08248930,-0.28258771,0.48057595,-1.09214938,-0.33074221
3,0.736000,tongue,2,-1.81510174,0.45665240,0.32074735,-1.96336460,-0.16564150,-1.71579945,-0.40289611,0.35626212,-0.76509517,-0.21616964,-1.66187108,0.79409707,1.62812066,1.30070746,-0.45389616,1.41046047,1.68099582,-0.28610197,0.10424027,0.60940504,-0.18842165,-0.16756849
3,0.740000,tongue,2,1.97091556,0.83158004,1.56958508,0.00247388,-0.08946940,1.44460082,0.06682178,-0.26602733,-1.34739292,-1.02191317,-0.14036024,0.80741388,-1.24869239,0.28577638,-0.91744739,-0.83921885,-0.16690260,1.18068218,-0.56055778,-0.39508599,1.54102421,0.46863174
3,0.744000,tongue,2,1.50987339,0.24564360,0.13917546,0.09689251,-0.32540447,-1.24844980,1.40124309,1.70545840,0.54753309,0.79896092,0.24215707,-0.46483073,2.16585493,0.06762776,-1.53562343,0.94564772,-1.60672736,1.07010639,-0.34697697,-2.80257320,0.93938833,-0.61680013
3,0.748000,tongue,2,0.33512077,1.44620967,-1.66162872,1.37244952,1.27449107,-1.33967936,0.44627139,0.07664276,0.55225134,-0.16790055,0.83834589,-1.23117244,0.41123563,0.10698903,1.18299055,1.25558817,2.04210377,0.00557596,-1.60025012,0.64320034,-0.77381688,-1.70633864
3,0.752000,tongue,2,-0.24379168,0.05023507,-0.35223606,0.18457121,-0.32218775,-0.61488050,0.39720035,-0.44210780,2.22324228,1.31529117,-1.79582608,-0.23991436,0.45714915,1.16961348,-0.60880649,-0.35929230,0.89169168,-1.35876477,-1.11364746,-0.79718375,0.72677040,1.26700163
3,0.756000,tongue,2,-0.01227659,-2.31580925,-0.54014915,0.94283718,-1.73908854,-2.14322352,-1.11765671,0.37033004,-0.85491049,0.68791306,-0.22145000,-0.72806942,0.77805746,-2.82521296,0.30669582,-0.50596011,-1.39978564,1.26835239,-0.50830203,-0.72516590,-0.75075841,-0.68809623
3,0.760000,tongue,2,-0.98016757,0.71606112,-0.38137212,-1.26652801,0.69513792,0.27280298,-0.18438272,-1.85389972,-1.15928328,-1.05551302,-0.85500914,0.04666830,0.33905467,0.44418091,-0.20390123,-0.38860810,1.11450183,-1.02083158,-0.66285944,0.05029489,-2.39716554,0.16017693
3,0.764000,tongue,2,-0.21881953,1.08990908,-0.25755796,2.86911941,2.03111577,-1.01164174,1.41103911,-0.92097610,-1.36326647,2.11580968,1.18812931,-1.11582363,0.99156636,-0.74422222,0.27633184,-0.73300964,0.16790590,2.14547753,0.60561281,0.41809106,-2.08831120,-1.36703980
3,0.768000,tongue,2,-0.71299279,0.47375426,0.95997262,-0.85308444,-1.85546505,0.50041294,2.08817363,0.47891870,-0.30288830,-0.56610692,1.24100137,-1.10506475,0.97378260,0.76919460,-0.64767909,0.49013281,0.66396403,-0.55758643,-1.10955715,1.55887377,-0.17286867,0.66190773
3,0.772000,tongue,2,0.79300761,-1.78362715,0.23484583,-0.32502025,0.99351484,-1.12506974,0.37516847,0.33263779,-0.39298734,2.29651976,0.03583559,-0.15470286,0.41707107,-0.78179514,1.31910396,-0.95935881,0.49046880,-1.41330254,-0.09143393,-0.49022195,0.63274473,0.43276221
3,0.776000,tongue,2,-0.18367274,0.92943984,-0.05606007,0.76610744,-1.85480344,0.14998066,-1.02197754,-1.53523612,-1.72909331,-0.39655143,-0.38558629,-0.09838554,-0.33636892,-0.51995921,0.48438191,-0.15438211,-0.08923397,0.01459325,1.77975142,0.36396998,0.59287423,-0.55184096
3,0.780000,tongue,2,0.01626004,-0.58223689,-1.14030123,0.10539966,0.95151913,1.00999701,-0.86229515,-0.57439780,-1.71476364,-0.28605160,-1.30208337,-1.40962172,-0.89697653,-0.10401164,1.63784969,1.91039610,-0.96252304,-0.18156500,-0.94347984,-0.60422975,-0.49769181,0.12980740
3,0.784000,tongue,2,0.74144536,1.98632252,1.91909695,-1.05980802,-0.92006457,-1.34580779,2.22933173,-1.58839345,0.41922191,-0.42330009,-0.82789844,0.39420706,0.07676019,-0.37902179,-1.14216149,0.10349619,-0.12221745,-1.02472174,-0.25442329,0.29629958,1.18814003,-0.37656891
3,0.788000,tongue,2,1.42204773,0.87658876,-0.74827516,0.56688780,1.07280350,0.73681802,-0.32367298,0.34613577,-1.22188997,1.24055004,0.62494135,-0.50290006,-0.71416569,-1.13964403,0.43964067,1.51987362,-0.64163685,0.89988655,-0.12647563,2.48859596,0.73783690,-1.43938649
3,0.792000,tongue,2,0.47552389,0.05945350,-0.72001767,0.56854427,1.25479102,1.04931605,-0.02534695,0.25770223,-1.77216291,1.06440866,1.25476730,-1.01619136,0.64049226,1.30038869,0.92594832,0.55637646,2.50383949,0.52901310,0.90885824,-0.59292811,-1.84611785,-0.75127578
3,0.796000,tongue,2,-0.48783278,-0.52707714,1.14300537,-1.12903917,0.49149406,-0.55297673,3.60260439,0.79499048,0.98868531,0.53171396,-0.91535676,-0.14015649,-0.26065806,-0.91524184,-0.79540706,-0.17911576,-1.10572004,0.66739845,0.99454886,0.32753831,-1.67336965,-0.04019838
3,0.800000,tongue,2,-0.89518297,-0.48120177,0.42016825,0.30130327,0.10443888,-0.47758251,0.02772018,1.70552003,-2.89230418,0.37123364,-0.49312723,0.89608693,-0.09508825,0.95412832,1.30528998,0.85470665,1.38122535,-1.05701828,2.06655765,-1.42415190,-0.78810632,-0.85181868
3,0.000000,left,3,0.14113213,1.29791856,0.50327283,-0.54768485,0.24537332,-1.81753767,-1.21822691,0.23461229,-0.54983598,0.48003727,0.63186049,-1.33790123,-0.47082523,0.57746798,0.42164817,1.60675097,0.29441372,-0.24413572,-1.12097979,1.26955497,-0.92581046,1.80330765
3,0.004000,left,3,0.14202432,-0.90185535,0.33131349,0.13410340,-0.32454327,0.01083344,0.28320155,0.73393995,-2.96087742,-0.73490077,0.86377412,0.96593291,1.05786300,0.84302765,-0.31415772,-0.78836048,1.75540435,-0.51439041,0.90180552,-0.62849808,0.25355765,-0.17720729
3,0.008000,left,3,0.02473058,1.56338739,-0.48956943,-0.15408920,1.49312270,-1.43945646,-0.11378291,0.07267910,1.27089286,0.76449311,-0.92322189,0.52363390,-0.09294879,-1.87919855,0.46632850,-1.11384058,-0.43683517,-0.71776551,-1.46447420,-0.77760553,0.20644650,-1.10722935
3,0.012000,left,3,0.23254885,1.57950294,-0.53049982,-0.10420183,-1.67356265,-2.00308180,0.67595261,-0.22776480,1.86447108,-0.07012197,-2.70024157,-0.66529191,0.70665067,0.58990723,-0.13904463,1.08543742,0.82335323,-0.36021328,1.15795922,-0.06744400,0.59744811,-0.42024866
3,0.016000,left,3,-0.71635377,2.35360575,-1.43703043,-1.13079214,1.14203143,-0.69821590,-0.90396398,-0.37010321,-0.18711461,1.34974694,-1.85961902,-0.28965470,1.05714655,1.28183150,-0.39679149,-0.22602783,0.63102931,-0.55410606,-0.77795660,0.41304612,0.76291442,0.13933057
3,0.020000,left,3,1.74520981,1.16958439,1.78816438,0.65997988,0.18270968,-1.25361574,-0.02570355,0.49492520,0.49450400,-0.32889244,0.53568721,0.29755387,-0.81145120,-0.35003856,1.64701641,0.88823342,1.09049559,-1.34109974,-0.83832204,0.08425381,0.82528228,-0.50434542
3,0.024000,left,3,-1.07423973,-0.71470594,-1.00803721,3.16841912,-1.33394027,0.05418982,-0.53249460,1.39928520,0.28615370,-0.41901845,1.03116000,-0.03106261,1.12679720,0.77359474,-1.14324629,-1.26613545,-1.13084769,0.39999911,-0.71965480,-0.43424398,-0.78907859,0.69442409
3,0.028000,left,3,0.03044558,-0.51856762,-0.51174837,0.17454603,0.00515744,-0.43356588,0.63488656,1.08749247,1.16313958,-1.97563863,-0.13128398,-0.19028243,0.86999977,-0.30763155,0.19723156,-0.67602336,-0.38188994,0.19663835,0.75347495,-0.02215295,0.83572227,0.44503692
3,0.032000,left,3,1.57097948,1.05268371,-1.66576862,2.40131283,0.04237218,-0.92106825,-0.87466335,-1.45556033,-0.26038072,0.62114710,0.43920803,-0.31866702,-1.43668044,0.09824911,-1.43943870,0.26794350,0.64636105,-1.66778934,0.76443589,1.30663872,0.43774277,-0.19585505
3,0.036000,left,3,0.32625321,0.15468699,-2.26143622,0.51942885,0.76505464,-0.73503774,1.85255432,-0.80202419,0.82113284,1.90416038,0.74366391,-2.39189005,0.71360624,0.22333606,-1.48416567,0.12684691,0.89035016,0.18985648,-1.06287861,-0.92191750,0.42981330,0.34204486
3,0.040000,left,3,0.33618987,1.16679823,1.95061922,0.75263596,-0.39309943,-1.32692575,0.03783676,0.08600530,-0.62980521,0.84604937,0.13834757,0.37975115,0.48022574,-0.60005713,-2.25352430,-0.69663942,-0.15416051,-0.14537710,-0.01380771,-0.00366478,-0.34873283,-1.40336573
3,0.044000,left,3,-0.11190786,-1.88229513,1.09179652,-0.50564539,-1.89326048,0.78661203,-0.73247260,0.86866719,0.89681423,-0.09024329,0.80842078,0.14317577,0.95007819,0.97183371,-1.73134136,0.09525613,-0.82596916,0.50756311,0.10611980,1.59682536,-0.43992329,-0.63551217
3,0.048000,left,3,-0.13502046,-1.24438322,1.33360314,-0.40591425,0.25881174,-1.34437251,0.42397153,1.25783598,-1.08809423,0.78206849,-1.93627775,-0.49647811,1.65315866,1.71640897,-0.37260389,0.78250349,0.82084888,-0.90480793,-0.44778696,-0.81966573,-1.94886243,-2.12922955
3,0.052000,left,3,1.09846950,-0.45662028,-0.59395671,-1.13283718,0.45434505,-0.47788852,-0.62795621,0.61430264,0.14185661,0.48324451,0.35498035,-0.38907272,0.13817175,-0.85509449,0.64980644,-0.27738959,1.84492576,-0.69761276,-0.65305859,-0.19739935,0.32194802,1.64514410
3,0.056000,left,3,2.04207325,-0.91047287,-1.20372009,-0.46220559,-0.76954395,-0.83995581,1.53918874,-1.11614418,-0.74701881,1.91266513,-1.17791378,-1.05795527,1.34386635,-0.67882568,-0.39140528,-0.31911868,-0.82243842,1.28757274,0.61329716,0.00140229,-0.34400475,-1.14734197
3,0.060000,left,3,0.43299448,0.03404784,-0.82813060,-0.51141703,0.53450578,0.15854199,0.15316267,-0.49439847,-0.69179589,-0.39153767,-0.28002298,-0.30693495,0.49877393,-0.78689438,-0.07269590,-0.67778450,1.47053814,-1.12150943,-0.04749312,1.26742160,0.62128407,-1.30890453
3,0.064000,left,3,-0.63923216,0.20132960,-1.07951570,-0.46512651,1.19816029,-0.13844220,-1.22665942,-0.58358157,-1.77646255,-0.58071434,0.89467764,-0.73410398,1.23147607,-0.33043364,0.65364844,1.41801417,0.36125773,1.07785034,2.00173211,0.46968189,-0.23393045,-0.34175777
3,0.068000,left,3,-0.83076006,1.05215681,-1.78631735,-0.18777093,-0.16516344,0.44925600,-0.90158188,0.33614892,0.48575950,1.66684747,-0.94029725,0.81748104,-0.13594824,-1.27568257,-0.36385614,0.17658575,-0.73324144,1.19085765,-2.25817585,0.64163870,-1.19217634,-0.43419111
3,0.072000,left,3,1.54627740,-0.06372119,-0.25401041,0.14611427,1.26167953,0.24390994,1.06426334,2.18928838,1.01507783,0.32403785,0.74326932,0.71692890,-1.66506839,-0.90981650,-1.03399742,-1.82275140,0.61504632,0.69741154,-0.69952416,1.91152048,-0.59143853,0.39973196
3,0.076000,left,3,-0.69747138,0.60582942,-1.13522601,1.27419198,0.72352105,0.95906585,1.80068696,0.54434693,0.67557436,-0.88661963,0.15952232,1.39707947,1.92821944,0.40794843,-0.46713400,-0.73216498,0.22190873,-0.71317309,0.54510969,1.61435330,-0.56339192,-0.47845426
3,0.080000,left,3,-0.16034818,0.70034176,-0.85717720,-0.61164415,-0.20882942,-0.56129158,1.45653343,-0.32592070,-1.14863753,-0.78815752,0.78176165,0.04773373,0.25460505,-2.27942729,-0.25203764,1.22173226,-0.36695975,-0.26080960,0.67853963,-0.32779133,0.42062536,-0.06203201
3,0.084000,left,3,-0.93239808,-1.66198814,0.19688830,1.39271331,-1.07891631,1.09810174,-2.12677264,-0.37461483,0.45925799,-0.09595373,0.12441037,0.60638094,0.91305113,1.38512957,-0.09666963,-0.80350643,0.47610134,-1.18716669,-1.12153029,-0.33287504,1.11362767,0.44939807
3,0.088000,left,3,-0.84284967,0.66776848,-0.43728185,-0.15517114,-0.00211808,-1.20238292,-2.79728985,-0.62815118,0.63406610,0.92763782,1.08071423,1.01375103,-1.94981420,-0.20922345,-1.77656376,-0.96050322,1.04146206,-0.78553391,-0.54546118,-1.14159286,0.81239974,-1.65320814
3,0.092000,left,3,-0.68344069,1.10036969,2.19739771,1.29726052,-2.06514955,1.33266330,1.15154707,-0.18972135,-0.23729086,-0.69877988,1.07782865,-0.84554571,1.91391814,-0.80362767,0.90193295,1.74651027,1.05115008,0.81957072,-1.26334953,0.26072037,-0.03519800,-0.43972051
3,0.096000,left,3,-0.36211824,1.39529014,-0.04243584,-1.84508824,-0.58680785,-1.49549365,-0.01607087,-1.07740414,-1.50406837,0.47302601,-0.76533860,0.99353582,-0.78661621,0.45312813,-0.01819343,-0.62878746,0.30962247,0.27064168,-1.98163271,0.55943507,0.02015379,-0.95797598
3,0.100000,left,3,-0.24174535,-1.21170568,-0.26720911,0.21812373,-0.08353873,-0.36148474,-0.02434091,1.40682948,0.15800449,-1.10700393,0.00674348,1.01058424,-2.24337626,-1.46074820,-0.80307126,1.73922014,-1.71683466,-1.37981606,-0.05314403,2.33778334,-0.80872750,-0.79457295
3,0.104000,left,3,0.50288022,-1.01939416,1.54952490,-0.09346910,-0.36954594,0.26722875,0.53748238,0.82132941,1.37044680,-1.03942478,1.47180521,0.77876091,-0.06134260,-2.05345988,-0.03295830,-1.23906040,0.67816085,0.10742183,-0.62038505,-0.39208162,-0.31939337,0.84375703
3,0.108000,left,3,-1.36585212,-2.03986502,-0.24569482,2.10829449,-1.64947069,-0.95960689,-0.52578896,0.57353497,-0.63386595,-1.36215651,-0.81223243,0.09307611,0.79764962,-0.26017877,-0.11147352,-0.36719003,-0.01193671,-1.55073607,0.70228201,0.71898288,-0.09681234,-0.84021980
3,0.112000,left,3,0.13213482,0.99050641,-1.11360168,1.31768143,0.65101373,-0.43968546,0.08287728,-0.17890564,0.23319209,-0.96321470,-1.80396080,-1.03888619,-0.35383505,-1.06087697,-0.93808204,0.21088032,-1.08053851,-2.21097374,-0.47693017,-0.99679273,-0.63639605,0.17629892
3,0.116000,left,3,-0.32238567,-1.16031849,-0.41683424,-0.02915584,-0.37904355,1.16660786,0.07660275,0.01626263,-0.03067071,-0.91648525,-0.12369293,0.33810213,0.88350683,1.33725822,1.48116434,-0.45822898,1.78307319,-0.04956453,0.46069786,-0.09677045,1.22451842,0.62141043
3,0.120000,left,3,-3.40485072,0.15014756,0.48475143,2.50682259,-0.03185264,0.33287224,-0.11955123,0.86637866,2.90008426,-0.85607964,1.48064375,-0.71319354,-0.85448200,-0.11936114,-0.38496357,0.39671451,-0.97100466,-0.59461236,0.29006463,0.40001923,-0.69813532,-1.05576074
3,0.124000,left,3,0.17875169,0.48804334,-0.54333836,-0.88863820,-0.02314310,0.26380792,-0.55612683,1.37831175,-1.70521736,2.39689589,-0.83604997,-0.61865771,0.56477231,-0.36510387,2.37781143,0.86013103,0.15210269,-2.44226813,0.26323271,1.11416924,1.80390036,1.61580110
3,0.128000,left,3,-0.34007218,0.68783432,-1.01119089,-1.11817026,1.30068493,-0.86753535,-0.99361193,-1.35102904,-0.45853409,-0.32888073,-0.28277230,-0.19564800,0.71817333,-1.05474949,0.94576722,0.52733797,1.15719235,0.36799791,0.21686740,-1.27123690,1.76218283,-0.41218215
3,0.132000,left,3,0.31870827,0.83105612,-0.08386413,-0.38159311,-0.65248716,-0.11669945,-1.94059861,-0.77301139,-0.49158186,-0.19216663,-0.22361262,1.22885978,-0.29804170,-0.73771971,-0.24272172,-0.50660044,1.50168562,0.27610809,-0.81230271,1.80063045,0.38642162,-0.90695441
3,0.136000,left,3,0.12172924,-0.09907805,-0.18511394,-0.18070891,0.40881783,-0.17967653,0.06566148,0.25313929,-0.22403418,0.40573102,1.38630664,1.38571453,0.30344096,0.19109550,-1.43167460,-0.38557810,1.99409580,1.13891864,-0.37238398,1.06390131,-0.65242290,0.76930088
3,0.140000,left,3,-1.78004003,-0.46465743,1.33984864,0.70754325,0.48249921,1.79257560,0.66290814,-1.19829881,-0.36244398,-1.29006600,2.12553573,-0.52739954,1.10914290,-0.87399906,-0.91412997,-1.77574623,-0.76878530,0.77048868,-1.22813570,0.49899992,0.64365274,1.47864532
3,0.144000,left,3,-0.42170796,0.29129452,1.48300362,-1.95280397,-0.35978469,0.18785584,1.76648319,-0.58562148,0.39085159,0.77192134,-2.53386736,0.55909568,0.53712845,-0.27877411,1.13899052,0.50860375,-1.89340401,0.16803779,-0.28937584,-0.76098788,-0.71124446,0.25149682
3,0.148000,left,3,0.15055622,0.66148329,-0.47115970,-0.74993628,0.33238536,-0.31776729,-0.26777598,1.03468800,0.14740990,-0.41162133,-0.00206729,-1.40379274,0.28683993,-0.18009174,0.44408479,-2.62280178,-1.80489874,1.63638282,-0.85509539,-2.11911893,1.28216100,-0.53550959
3,0.152000,left,3,-1.31139624,0.48114917,0.21864842,0.83826739,0.17246439,-1.59588706,1.82156956,-0.74303311,-0.30665010,-0.25251353,-0.44963166,-0.15804616,-0.18170995,1.19216335,0.40946200,1.14222920,0.94396448,-1.83907700,-0.78097939,0.37030342,-0.62530053,-1.09687471
3,0.156000,left,3,0.77891195,-0.26509789,1.24474430,0.45560092,-0.28435868,0.68803090,0.21354233,0.40422833,-2.08990979,3.02184677,-0.82096946,1.34486890,1.25230539,1.51042652,1.40331554,-1.45150876,-0.04298226,-1.48595333,0.14280555,-0.49305281,-1.89508200,-0.72777712
3,0.160000,left,3,-1.12552762,-0.57394832,1.96904016,0.89776933,-0.27328295,-0.55039704,-0.40442300,0.69991386,0.46363109,0.47537512,0.93925810,0.62680501,-0.13900639,0.21182209,0.93369246,-0.80131829,-0.33723509,0.93521023,-0.67024642,0.30215055,0.47278449,0.28578788
3,0.164000,left,3,0.34695867,-0.93779594,-0.08808388,0.10026542,-1.47406518,-0.33843279,0.46211201,-0.23767290,-0.72622448,-0.78817743,-0.58902645,1.02122116,0.86115485,0.10798091,0.01635254,-0.43831575,-1.72361612,-0.29622611,0.04644929,0.38384399,0.37015104,1.46058095
3,0.168000,left,3,-0.21742228,1.47846925,1.03622842,0.40959772,-1.47938740,-0.54119515,0.14470072,0.01281191,0.66151357,0.49024966,0.73808640,1.76989424,-1.67466140,-1.72359431,-0.91989022,1.23771954,-0.47658357,-0.31897062,-0.58603239,-0.64977437,-0.15520573,1.31955934
3,0.172000,left,3,-1.08864808,0.43263513,1.29155684,0.23418984,-1.38415337,-0.47789142,-0.29511985,-0.30211499,2.20281291,0.25868073,0.33451685,0.30014741,0.02019033,0.71017212,-1.00456464,-0.70568776,2.22280478,-0.18326542,-0.20251538,-0.97650260,-0.11639344,0.29389766
3,0.176000,left,3,0.54355323,-1.67181230,0.69814992,-1.59359944,-0.51183313,-1.36215746,-0.93746316,1.01051021,-1.81577659,1.53285158,0.14037961,-0.31377113,-1.19387662,1.18678963,-0.86393720,0.43348721,0.55587065,0.68761981,-2.01351142,1.78629112,-0.75586849,-0.03728825
3,0.180000,left,3,-1.56989586,-1.27090669,-1.06074595,1.69649482,0.12254724,-0.34369519,0.65924418,1.63871682,0.81487411,-0.10209513,0.27051923,-1.10602689,-0.70689142,-0.17489509,-0.30493104,1.59643495,0.76250488,1.59055984,-0.21141572,-0.00940989,0.72752678,0.57591963
3,0.184000,left,3,1.14600122,-0.69454682,0.73664069,-1.10892868,0.14642109,0.24838085,-1.03161776,-1.07279706,0.03599972,1.15369809,-0.93605822,-0.16641866,1.22351110,-0.83009565,0.14196581,0.83806455,-0.24254183,0.41309083,0.14176613,-0.25983873,-0.32970881,-0.65398484
3,0.188000,left,3,0.79841942,1.11450911,-1.26005757,0.98130822,1.16999328,0.95067441,-0.05495284,-0.31432056,1.32172692,0.65778005,0.26614237,1.08960783,-0.78853095,0.16385974,-0.58354616,1.84142518,-2.05914879,1.06005859,-0.66118670,0.43654501,0.35868180,0.82126135
3,0.192000,left,3,-0.59523618,-0.67348868,0.21584947,1.00105917,2.20594954,0.84733170,-0.61643004,0.43491355,-0.01577509,1.47069395,1.58648300,0.62678087,1.14814007,1.74721134,-0.31546786,-1.37483978,-1.03734362,1.72763419,-0.48547792,1.21431696,0.85183150,0.98036110
3,0.196000,left,3,-0.38899261,-1.56814587,-1.53153396,1.74822080,0.10637172,1.36808479,-1.50939512,1.09852433,-0.98340017,-0.62194985,-1.07323968,0.62285399,1.08840024,-1.04111707,0.24435984,-0.07973321,0.58852321,-0.79784548,0.79430223,-0.52762812,-0.47101361,0.25325513
3,0.200000,left,3,-1.62547255,-1.62275875,-1.16196275,1.21732962,0.53820145,-1.63950348,1.43959236,0.46247104,-1.64459646,-0.12331769,1.01091552,-1.08559108,0.29254323,0.48044291,-1.47038460,-0.79220772,-0.66382086,0.14659539,1.21994591,0.32033670,-0.52012104,0.97510737
3,0.204000,left,3,0.56340903,-0.64337808,2.09931445,-0.65837646,-0.82805842,-0.69410264,-0.40019733,-1.91411459,0.87380892,0.21333116,0.83993149,0.08809443,0.47915223,-0.43367988,-0.39364338,-0.25254068,0.87559068,-1.03537476,-1.08951783,-1.06565285,1.89403987,0.51374710
3,0.208000,left,3,-1.16319978,0.31212190,-1.35037959,-0.05230493,-0.05386139,0.65265298,0.94841456,-0.11545090,0.64015299,0.92188394,-0.44490242,0.74336392,0.23378047,-0.41897121,-0.09507527,-0.53122240,-1.37054443,-0.20387205,-0.12261965,-0.02558629,0.77176332,-0.76126605
3,0.212000,left,3,1.23112881,-1.08221304,0.80202568,-0.67823702,-2.52177453,0.48741081,1.09863651,-0.05402032,-0.18912899,0.15749833,-0.07110809,-1.15276372,-0.85397679,-0.60848916,2.33290172,0.46216637,-1.89362061,0.60801005,-1.87971139,1.22922659,1.00322866,1.46187246
3,0.216000,left,3,-0.56269318,0.20509085,0.58091950,-0.73040956,0.29974076,0.76589811,0.80699968,0.10438544,-0.51799715,0.91724604,-0.24168995,-0.15119042,0.07858869,1.66142702,-0.39195400,-0.49158180,-0.87294704,-0.19353604,-2.48273230,1.25793970,0.13705580,-0.59749210
3,0.220000,left,3,-0.27635586,0.49132890,-0.61327845,-0.63010210,-0.93227375,-1.14828014,-1.65309954,1.72196376,1.36886179,0.90464872,0.27670288,2.39499450,0.71834177,-1.86379373,0.07667764,0.53592223,-1.58086872,-2.78541493,1.51622832,0.65260237,-1.67210233,-1.64862728
3,0.224000,left,3,0.46313164,-0.90611875,0.22447215,-0.72801137,-0.39805803,1.64420390,-1.17207575,-0.19167849,-1.29480278,-0.13352837,0.60989887,-1.13602722,1.21388686,0.16352616,-0.85063791,-0.90310174,-0.02589654,1.22197700,-0.43603033,0.06789453,1.88196933,-0.18044041
3,0.228000,left,3,1.14968657,0.08055051,0.06525585,-0.86732906,0.01993799,0.33796644,-0.47544420,0.91875511,1.55390120,-1.56865144,-0.55433887,-0.78583395,0.54251236,0.08922028,-0.92668003,1.31904626,1.80422246,-1.04108763,-0.60614771,1.48078394,0.24491948,-0.64630634
3,0.232000,left,3,-0.40276295,0.40022326,1.20964706,0.47728258,0.57801467,0.58525038,-0.52234346,0.86479157,1.26043415,2.62261558,-1.49673235,1.34624338,-0.19886991,-2.16503072,-0.04078983,0.72271919,0.03073969,-1.53655875,0.14052486,0.25749779,-0.67338198,-1.43916643
3,0.236000,left,3,1.73935390,0.77013308,-0.63842607,-0.23834956,-1.18118691,0.60814393,0.01639431,-0.89399719,-0.54035544,0.76074255,0.29610002,1.21633530,-0.84257013,-1.66425598,-0.99806631,0.10973894,-0.22587822,-0.40799558,-0.04091994,0.75759476,0.39352098,0.28524306
3,0.240000,left,3,-0.98316693,-0.16181017,-1.09722400,-0.36803141,-1.23279750,1.10163426,-0.05258802,-2.12626863,-3.32637811,0.95677274,0.13728806,0.04569630,0.52865732,0.96877211,-0.52439427,-0.83583325,-0.43544108,0.10134331,0.49998593,1.30606329,-0.12580489,-0.96625793
3,0.244000,left,3,0.03834206,-0.59645677,-0.86032557,0.48792189,0.10385207,-1.72953629,-0.52211905,-0.11649324,1.69334865,1.24899566,0.88322586,2.38061070,-0.16048729,-0.46548998,-0.56537002,0.80970287,-0.29658908,2.29387188,-1.01039851,-1.21095455,-1.21617019,-0.04137694
3,0.248000,left,3,0.63590503,-2.16888094,-1.97389579,-1.75561786,0.91914600,0.10018715,0.29081511,0.36521354,0.10005455,0.26122442,0.92552406,-0.76535267,0.09400947,0.24400912,-0.11268809,0.53337663,0.64792269,-1.03601706,-0.45929489,0.52376026,-0.68255371,-0.49928102
3,0.252000,left,3,1.04448152,1.15538454,-0.50685632,-1.53037548,1.29889584,-0.21729600,-0.10366428,0.39822096,2.70806623,2.00823021,-0.23101461,0.59728009,1.13014257,0.42948997,1.25480926,-0.11159643,0.04979427,1.25337362,-0.94216365,-1.68702435,0.52790475,0.37692040
3,0.256000,left,3,0.86051953,0.01414670,0.80523640,-1.33671021,-0.80244684,-0.60837448,-0.39397714,0.10354154,0.83933347,0.34289765,-0.15489601,-0.49208993,-0.06387098,0.49433759,0.39535871,-0.24866147,-0.82244670,1.45173669,1.27301037,-0.28010818,-0.44584414,-1.64734232
3,0.260000,left,3,0.27990574,0.09515847,-0.75273788,0.82851356,-0.82710767,1.58320034,0.40700254,-0.60802156,-0.80397135,-0.34973258,1.34809315,-0.26542568,-0.11420897,-0.39442402,0.22381824,1.53983152,-0.48995566,-1.18184912,-0.71821839,1.26835632,0.18277951,1.15274596
3,0.264000,left,3,-0.21217984,1.21529114,0.57361722,-1.48927081,-0.32628638,1.18044209,-0.49399853,1.61391115,-0.53096622,-1.19039643,0.54993004,-0.16790721,1.09780800,-2.29630160,0.39861906,0.27776945,0.89600748,-0.33073056,-0.31523955,-0.83575028,1.52447999,0.28733525
3,0.268000,left,3,0.36572570,-0.67268741,0.48272231,-0.72408336,-1.05297065,-1.59935153,-1.44785845,-0.37219706,-0.07694301,-0.14547463,0.83141398,1.36588728,0.43314287,0.23907284,0.59966916,1.22546136,0.21561894,0.79991251,-0.72932613,-0.26630461,-0.20809704,-0.38757974
3,0.272000,left,3,-0.70571429,-0.15519807,0.57827020,-1.47043324,-1.05073535,-0.07807822,-0.03508440,0.22947781,0.70257246,0.34636703,0.78545302,-0.15515289,-2.63297677,1.97846603,0.48477262,-0.28194261,0.57324421,0.13322359,1.36866319,-0.43592176,0.27444506,-0.02129190
3,0.276000,left,3,-0.24032275,1.82235384,-1.49049151,2.11241341,-0.50748342,-0.48965290,-0.41353869,0.17044124,-0.37243676,0.16219212,0.56330323,-0.56694955,0.34901848,-0.70609361,1.08440268,0.27730796,-0.84915596,0.14381850,-1.81830215,0.58111596,1.09189129,0.99801755
3,0.280000,left,3,0.20753583,1.87950051,-0.92488456,0.20978752,0.56972688,-0.81800628,-1.08457363,-1.11803830,1.56324971,-0.37714937,0.45702368,0.68837464,1.07417238,0.57703656,0.40334925,-1.14991391,-0.36768380,-0.12631923,2.28570223,0.02377596,-1.61392808,1.06433189
3,0.284000,left,3,0.93513310,0.72406185,0.31460723,1.15443993,-0.76750642,0.24777265,-1.64708376,-0.26538596,-1.23553801,-1.87344265,-0.34563127,-0.78999698,0.20096278,0.20701261,-0.06850565,-0.60165662,-0.36855385,0.29905626,0.47408199,1.23782146,-2.71406364,-0.64868414
3,0.288000,left,3,-1.12580609,1.30999672,-1.03474951,-0.16358885,-1.06814337,-0.44909787,-0.37058395,1.98464108,-0.18793520,-1.61461437,-0.41397998,0.18173659,1.79070354,0.37060034,-0.41207042,-1.96013463,0.22853230,-0.94089770,-1.31099117,-0.62144536,2.06756902,1.52981102
3,0.292000,left,3,-0.73123318,1.00945437,-1.58350432,0.06855789,-0.21910784,-0.20293809,-0.77360570,0.98088598,0.14773294,-0.15733038,0.18878636,-1.49647152,-1.53697169,-0.23020861,0.70052147,0.53827614,0.20042625,-0.39878711,-0.27164465,0.46078739,0.90133476,2.11588454
3,0.296000,left,3,-0.34589475,0.63566351,-1.81073391,-1.05527282,1.41190481,2.98156691,-0.24131504,0.58637238,-1.14266109,1.52649844,0.27089000,1.24264264,-0.84727818,-0.77052981,-0.51065302,-1.40511918,1.49204361,0.69092244,-0.19227624,-0.69772184,-0.09973255,-0.20758791
3,0.300000,left,3,0.24669577,-0.54797393,0.07371980,-0.53712177,0.56309390,1.12025404,-0.18080685,-1.02192497,-0.14097732,-1.02620852,0.78204763,0.59469318,1.03871346,-1.28115678,0.75281310,-0.37605861,-0.88308144,0.13445857,-0.66971618,1.56272614,1.68985128,0.81951523
3,0.304000,left,3,0.39612707,0.40042976,-0.45879203,-0.09293869,-0.20861380,-1.83656228,0.54586232,0.15637535,-0.33952585,1.54108071,1.65902424,1.96043527,-0.03338819,-1.56461751,0.78674102,-0.63781899,-0.02954004,1.16454935,-0.89321053,-0.24572994,-0.72984809,-0.28496036
3,0.308000,left,3,1.03757143,-1.16592133,-1.64194548,-0.30564502,0.26952341,0.04410598,0.14275989,0.55640036,0.67153567,0.78803176,-0.10730078,-0.51645416,-0.39106193,-0.71726048,-0.91995311,0.98754144,-0.58933181,-0.76739466,-0.15519801,-0.21439731,0.41034350,0.89024413
3,0.312000,left,3,0.26423225,-1.07075226,-2.33864713,0.92785817,-1.90282166,0.55506712,-1.51688445,1.08076131,1.25774348,-1.28359330,0.04614756,-1.10613418,1.84921324,0.92638433,1.40327978,-0.03399942,0.20472234,0.34174913,-1.38659954,1.60279298,1.24515796,0.49746472
3,0.316000,left,3,-0.69352621,0.83385837,0.40461475,0.00669602,-1.35223615,0.57252991,1.20417202,-0.69652539,-0.52732468,-0.40398794,0.82486999,0.45160779,-0.86764055,-0.46025425,-0.83313912,0.95226657,-1.08080935,0.80722636,1.93489325,1.08285272,0.46003902,-0.47094491
3,0.320000,left,3,-0.64423072,0.28020209,-0.96602297,0.48567834,-1.15033615,-1.37293506,-0.74469930,2.00229764,-0.97520107,0.91865516,0.74687809,-1.39639103,-0.27461946,-1.91162384,0.03933312,-0.06102547,-1.60953784,0.55449361,-0.38960001,1.25664127,-0.08808690,0.02524281
3,0.324000,left,3,-2.19540143,-1.34112036,-0.65692091,-1.16456580,0.66508263,-1.56413567,0.73400348,0.84677815,-0.64880013,1.34534204,-0.25089267,0.28297380,0.29543704,-1.40751457,0.36099705,-0.25248411,-0.16247013,1.39283323,-0.38550201,1.26584697,-2.33466315,0.41489616
3,0.328000,left,3,1.14661598,-0.53038567,1.51413774,0.08241990,0.30864009,-0.08931182,-0.07800111,1.57757556,1.03916609,0.46704170,0.27822164,0.67648196,1.01013625,0.53300798,-0.21635485,-0.47949904,-1.46143734,0.67362130,-1.62854135,0.80303776,-0.74617106,-0.67838156
3,0.332000,left,3,-0.17661129,0.43214667,0.83406597,0.37586233,-0.71084714,0.04696371,1.40708780,1.58787835,1.16785061,0.46187344,1.95955372,1.14749515,0.59367794,-1.43714619,0.77860463,1.09855604,1.18538594,-0.71298212,-1.77242041,0.17955963,1.38573956,0.16223645
3,0.336000,left,3,-1.45621228,0.20977780,0.82955450,-0.20290431,-0.08561206,0.35305998,0.18060796,0.41229630,-1.12633514,0.59064770,0.93582475,1.29147255,-1.02610576,-1.07122433,-0.38749936,1.37261593,1.03558576,-1.01402211,-0.11292715,1.04419208,0.76714653,-0.50450957
3,0.340000,left,3,0.35040954,1.49786150,-0.54987413,0.35828102,-0.89872754,1.17231798,1.15143311,-1.68721354,-0.01098260,-0.76810139,0.47576311,1.63885260,-1.98935342,0.23077470,-0.85840344,0.87270421,-0.17185883,-0.13093877,-0.50066096,1.08102560,0.65019143,-0.87942445
3,0.344000,left,3,0.08022901,-0.93855953,0.45231110,1.63270915,-0.79250038,0.93221134,0.51876271,0.05888572,1.23314786,-0.82290435,0.62272382,-1.08203042,1.32467222,0.84185469,0.76147789,-0.76083875,-2.84315801,0.03824531,-0.65982187,0.48907593,0.41034007,-1.09745514
3,0.348000,left,3,-0.41475922,-1.05566955,1.57173681,-1.13717079,-0.24996062,0.96889532,-0.13405727,-1.51921320,-0.61429477,1.86612737,-0.42185676,-0.49187732,-1.15069687,0.79607815,-0.78235263,0.57069182,-0.42336911,-0.23724917,2.22985649,1.36426389,0.91311812,0.26619509
3,0.352000,left,3,0.04455353,1.39818740,-0.19005309,0.37912911,0.95475477,-0.20961496,-0.71066445,0.14118800,0.22149549,-1.82751751,-0.08066820,-1.24745083,-0.40526897,0.23589829,-0.89289159,-0.78679729,-1.79941595,-0.84788185,-0.43733680,2.33409548,0.02473781,0.23390877
3,0.356000,left,3,-0.15873033,2.95604992,1.62946308,-0.30553186,0.73954284,-0.01768718,0.34922653,-0.03807554,1.82081366,0.90562183,-0.37130487,-0.69727606,-2.26329494,0.70088160,1.28532743,-0.26891845,-1.06934488,0.08124354,1.62525713,1.90121257,1.06098592,2.07875013
3,0.360000,left,3,0.26852930,0.33317924,1.33099389,-0.86685801,-0.76651907,-1.43434894,-0.19627845,1.03498673,-1.94313765,-0.26567650,-0.27803284,-0.75699508,-0.73906612,-0.40289640,-0.00017127,0.62640315,-0.27772012,-0.94059050,-0.07352872,1.32078218,-0.21145314,-0.09563664
3,0.364000,left,3,0.70752954,-0.24789968,0.16374429,0.63928491,-0.89077926,-0.78817964,-0.79127538,0.64207524,-0.59931248,-0.19359414,0.13369557,1.03329933,0.82285380,0.77909154,0.09089758,-2.53231978,0.74432319,1.35504174,1.16474986,0.50564277,0.15136252,-0.42538622
3,0.368000,left,3,-1.44817305,-0.17371330,-0.06965786,-0.62006718,0.97710216,-0.67322898,0.62499917,1.38673985,1.00738800,0.36931705,-0.54271585,-0.66774935,-0.75850046,0.08945681,-0.38445148,0.07309164,-1.26054132,-0.74806416,0.09095021,1.11380804,0.73608822,0.35072461
3,0.372000,left,3,-1.80858648,-1.12147021,-3.55576110,0.39736882,-1.07008362,0.47077480,2.07338953,-0.35271093,0.14975634,1.11660039,-0.19219892,-1.21118176,0.59550095,2.33482409,1.19424534,0.38886973,0.83377254,-1.93638420,0.35371137,1.00970078,-0.04329484,0.74043989
3,0.376000,left,3,-2.21963692,-1.97262490,-0.23479842,-0.76697838,1.16634548,-0.64890397,1.86623561,-0.08139616,-0.83598685,-1.59379399,0.30234671,-0.75962639,0.14046331,-0.59269840,-1.31102192,0.65018541,-0.15279222,-1.14295232,1.13097978,-0.27823535,1.09552109,1.22925234
3,0.380000,left,3,-0.65407604,0.82398957,0.95310962,0.80404198,-0.96832329,-2.07479167,0.97054392,-0.98963070,-1.12186170,-0.28405601,0.05815864,2.07100081,0.69207168,-0.42010617,0.97164202,-0.03562582,0.78018486,-0.12872884,-0.15426493,-0.36044082,1.20894849,0.22311707
3,0.384000,left,3,0.99975920,-2.42390203,0.47249594,-1.14739811,0.43457800,-0.62746227,1.84356904,-0.07228501,-0.76835060,-1.18160760,2.14804745,0.65851045,-0.86334127,0.48574188,-0.20993729,-1.56323004,-0.57608116,-1.01964474,0.53890902,0.83260477,-0.03066510,1.94570494
3,0.388000,left,3,-0.35959128,-1.29426360,-0.47055197,0.66367269,0.80593252,0.69538188,0.71719903,-0.43942627,-0.27411869,0.49615011,0.66551346,-0.54512602,0.59241486,-0.85015237,0.80810410,0.13154019,-0.02305694,0.06434111,-0.68650579,-0.07522421,-0.25018239,2.07653403
3,0.392000,left,3,-0.88151491,0.49417758,1.29367292,0.11084047,-0.30227727,-0.50901401,-1.31981647,1.09123433,0.70755219,-0.20649776,2.15988946,0.62430596,-1.02037489,0.30431369,2.05318403,1.45569909,-0.94163877,0.82948828,0.14152135,-1.50642121,0.38706785,2.08773804
3,0.396000,left,3,1.24822938,-0.61099702,0.57140917,0.39067212,-0.19722350,0.42236745,-1.14642382,-0.06603573,0.79629993,1.29400563,-1.21997178,0.77111953,0.63833284,-0.20065685,-0.74889600,0.27500695,-0.23360088,0.26061141,-0.13628380,0.03039054,-0.31636512,-0.60574019
3,0.400000,left,3,1.22564626,2.32623839,0.36117750,-0.03941186,-0.40966952,-0.25672898,-1.51940346,2.78986979,-0.83165228,0.92672318,1.29639137,0.39593813,0.49509865,-1.02492344,-0.62320054,0.48652744,0.07463475,1.75415671,-0.52676064,-1.01011372,0.21264991,0.17951262
3,0.404000,left,3,-0.93752438,-0.24364656,0.03703836,0.20120758,-0.05861023,-0.74311727,0.48249263,-1.12568688,0.48676556,0.35853633,1.06644034,-0.00698955,-0.80551285,0.12283794,-0.28497052,-0.04412892,0.30576918,0.69735253,0.00237592,0.04574000,0.14478178,-0.94647026
3,0.408000,left,3,0.03522667,0.52926046,-0.33575863,0.39671645,-1.15800202,0.16506097,-0.76255155,-0.21601325,-0.45017213,-0.01696601,1.27653444,-0.97063398,-0.77706397,-1.26773667,1.09524572,0.90299034,1.58182001,-0.00453456,-1.20433509,1.80806100,-0.04924497,0.17795615
3,0.412000,left,3,0.10766691,0.38338938,0.55340010,-0.50392479,0.02366517,1.09395301,-1.99992847,-1.48424304,-0.45702413,-0.59727484,-0.61441654,-0.41486716,0.39765856,-0.66904277,1.39168537,0.72082126,-0.59045750,-0.11432634,3.07771182,-0.01385447,-0.61098003,1.06271207
3,0.416000,left,3,0.32475042,-0.61291498,1.64529276,0.70318019,0.34235832,-0.00819666,-2.72148800,0.35316947,-0.28493154,-0.70496720,-0.88283598,0.48122880,-0.20383076,0.08101580,-0.65636301,-0.84484404,0.12103557,0.39656532,0.06533112,0.49560332,-1.70866561,-0.17832933
3,0.420000,left,3,-0.36448163,-0.51768076,-1.00339222,0.48912141,-0.04315543,1.61411464,-1.22583342,1.13386416,1.38733697,2.09762359,0.53953588,-0.21449716,1.68110991,-0.10449624,0.28417090,0.73567998,0.78417128,1.98767984,-0.30232728,0.76801658,0.57233441,0.59369224
3,0.424000,left,3,-0.35509565,1.29106629,1.45045471,1.71622550,-1.33767951,-0.85082299,-0.46310982,-0.72696847,0.76266360,0.36789417,0.83386922,0.35629368,1.93274832,-0.76571435,-0.06864704,0.30851486,-0.78601229,-1.04310131,-1.44384611,0.67553872,1.12830222,0.82409620
3,0.428000,left,3,-0.32245737,1.29504395,-0.49773717,-0.41010597,0.49683422,1.48621094,-0.29932350,0.13702950,1.41477633,0.29249203,-0.75042641,1.11318111,-0.25538492,2.60500598,0.26771864,0.32716629,-2.02078438,0.25202134,-0.91549402,0.91297680,-1.51060200,-1.25563645
3,0.432000,left,3,0.70249933,1.25740933,1.40290380,0.70523816,0.72301948,0.34225711,0.22491699,1.45050597,-0.25194427,-0.16962957,-0.79015648,1.48474324,0.02227020,0.30528146,0.15671507,0.01348115,1.25194311,-0.10323795,2.24269605,0.44761086,0.95267588,0.15930784
3,0.436000,left,3,-1.20923698,-0.08533658,-0.06541152,0.99273574,0.35565448,-0.25485224,-0.07071114,0.88746083,0.51175863,-0.09648933,1.06460989,-0.17875130,0.38930172,-1.15229237,-0.63256472,-0.24617369,1.04290032,-0.47355512,0.80562574,-0.05594210,-1.60996950,-1.00700808
3,0.440000,left,3,0.87561369,-1.74018371,-0.52466726,-0.52110744,0.16151847,0.30569339,-0.52917552,0.88274693,0.34800112,-1.73351860,-0.56036103,-1.30678093,0.14884751,0.68402201,0.49617594,-1.36172915,-0.26319215,1.75194204,1.60718858,1.43916607,0.67137259,-1.98741114
3,0.444000,left,3,-0.26185083,-0.71128994,0.99081749,-1.87618196,-0.69273585,0.99665767,-0.52967155,-0.88195884,-0.88022530,0.85651833,0.77742136,0.94769484,-1.04697597,0.29666770,-0.27882782,-1.79727888,-0.64724296,0.57303005,0.45841181,-0.70759642,-0.78071487,0.78558552
3,0.448000,left,3,1.51484179,-0.86475021,-1.14117825,1.22213721,0.25277045,0.19714533,-1.02717233,-0.81094843,0.35723504,0.28615609,0.17019679,-0.57839030,0.75526446,0.30713242,0.12790704,0.61032534,1.46647453,-0.89094251,1.17184639,-0.11827604,-0.93789226,-0.72175002
3,0.452000,left,3,-0.75489777,-0.21379957,0.75153756,0.68146163,1.02848566,0.02755904,-0.54240185,-1.47214460,0.88738436,-0.97284055,0.26148945,-1.10421348,-0.72233373,0.64243370,0.74375391,-0.00834161,-2.00179815,-0.73969114,-0.50386941,-0.11264701,0.14965698,0.06126659
3,0.456000,left,3,0.69653636,-1.26635575,-0.95445383,-0.70776302,1.48493910,0.26067275,0.68349129,0.55619806,0.99984688,-1.31895101,0.04831967,1.06171203,-0.11733563,-0.15302759,0.01793144,1.46043444,-0.34584022,-0.07540368,1.70957327,-1.78747451,0.24737412,-0.88607925
3,0.460000,left,3,0.07843769,0.35597154,-0.24969223,-0.84232873,0.31669751,2.72160673,-1.09175110,-0.52471530,-0.77371776,0.46394318,1.22039282,-0.17416976,1.30615830,1.14509690,1.55184233,-0.16402762,-0.81933486,-1.83787620,-0.36861038,0.32846299,1.79240143,0.33448187
3,0.464000,left,3,1.34636211,0.41525793,-0.96198571,-0.21205692,-0.85551274,0.75252157,0.63879716,-0.61109316,0.66187578,-1.11421406,0.96934181,-1.13288510,-0.82553023,0.36031300,-0.27310386,-0.72909051,-1.20404816,-0.23708969,-1.22520065,-1.21459401,0.46103576,-0.56414688
3,0.468000,left,3,-0.65668100,0.10394885,0.02342235,-0.90655190,-1.15762103,1.34275401,0.47853309,0.90549380,-1.81202233,0.60148120,-0.71551913,1.21919513,1.03633368,0.74234211,0.65435344,-0.80750573,0.21317478,0.40580013,-0.79030305,1.85507309,-0.76082391,0.96304220
3,0.472000,left,3,-1.17912722,0.49595821,1.09043574,0.70361471,1.26296115,0.81593621,-0.47880828,-0.34685853,-0.21754088,-0.09362817,0.48934156,-0.77483612,0.33300793,1.17648888,0.00307256,-0.10559002,1.46814895,0.06386333,0.11055768,-0.10470834,-0.88403773,-0.95619404
3,0.476000,left,3,1.38951957,0.42612919,1.18297088,-2.66285110,-0.89665467,-0.54161179,-0.81688172,1.65545976,1.45330966,-0.80155021,-0.29072013,-0.37539160,0.19124722,-0.68910390,-0.59423137,-0.80874103,-0.04952880,0.80186558,0.79449153,-0.17568527,1.68510926,-0.17501806
3,0.480000,left,3,-0.50715595,-0.49019676,-0.04294784,-0.75125670,1.57854652,2.98235607,1.39645314,-1.18016481,0.17343582,-1.20446765,-2.61604548,-1.25389040,0.61174351,0.02223136,1.13380778,0.50088984,-1.16281664,0.15146881,2.52255917,0.44425723,0.55734020,-0.62228668
3,0.484000,left,3,-0.17567708,1.89832938,-0.01442728,-0.16861854,1.16494942,0.01620307,-1.14221179,0.72911090,-1.32086933,-0.57771575,-0.21008983,-0.41140628,-1.13837993,1.32617950,0.49949899,-1.44427705,0.20342526,0.80842638,-1.10816813,-0.92575437,1.53953314,-1.07108617
3,0.488000,left,3,0.29387861,-0.37056905,-0.40310353,-0.04737122,-0.61016178,0.23786470,-0.61922145,1.53914118,1.40840459,0.48801222,0.20789784,-0.10783882,1.26001751,-0.88832945,0.54417145,1.10964072,-0.73294860,-0.22702268,0.29794446,1.85829425,0.69237584,-1.00564337
3,0.492000,left,3,-1.62388408,1.11832607,-0.17113303,1.17819536,-0.76536655,0.02302394,0.48918793,-0.54429281,-1.04628229,1.78039289,-0.64530391,0.19391327,0.16566063,0.71082133,0.14943177,1.61674571,1.07729566,1.23871851,-0.52743578,-0.20275581,0.20476763,0.47211525
3,0.496000,left,3,1.15282607,-0.18728928,1.20366526,-0.81273776,-0.96943802,0.72620869,-1.97885764,-0.22969291,-1.28157198,0.86954534,-0.79885215,0.07340188,0.42206138,0.25808275,-1.88672304,-0.93360490,-0.60297000,0.89031601,1.23021901,1.31657147,-1.47115326,0.16867226
3,0.500000,left,3,0.87125671,1.36316848,0.34789732,0.41541258,0.12261844,0.07619034,-1.67140925,-0.16899371,0.05817604,0.29274130,1.38749909,2.22615743,2.67767358,1.55856836,-0.64681751,0.09858720,-0.12947288,-0.37468195,-0.53829318,-1.53776717,-0.29885194,-0.54108298
3,0.504000,left,3,0.38468814,0.00936618,0.36931667,0.31217852,-1.47757173,-0.77463859,-0.26802614,2.34759235,-0.21906389,-0.97495884,0.11139932,-0.77439123,2.22659898,1.57509863,1.58494675,-0.48932266,-0.13492037,-0.64723229,-0.27648774,-0.14055642,1.79744864,0.54913336
3,0.508000,left,3,2.09727049,0.72231865,1.21422458,0.46902940,-1.21795547,-0.29264835,0.77498013,1.33673155,-0.15148056,0.27254832,-0.36931562,-0.40924191,1.10254133,1.93429089,0.21069148,0.96459484,2.23918939,-1.23727560,0.48761752,-0.80169022,-0.96857715,0.05592515
3,0.512000,left,3,1.07105064,0.44759327,0.43066892,0.61383456,0.48679960,0.97024190,1.89163518,-1.24008501,-1.72644162,-0.01496723,-2.07108188,-0.56310177,-0.71659720,-0.24634193,-0.28005299,-0.54964131,-0.83090836,-0.60830283,-0.58164561,1.44686842,-0.42499548,-0.05924204
3,0.516000,left,3,-1.42255235,-0.98962080,0.17133383,-0.88753521,-0.62965751,-0.38714877,-0.31300846,1.44342446,-0.76908565,0.91381043,1.36468863,-0.86954600,-0.38492179,-1.52320528,0.62736124,1.02747834,-1.35821319,-1.23273957,0.54097843,-0.49182048,1.01303864,-0.43227649
3,0.520000,left,3,-1.08738196,-0.32851478,0.21958119,-0.08142065,-0.54257989,0.91663122,-0.45476049,-2.05206490,0.28908202,-1.12587392,-0.60117966,1.14211452,-1.18599260,-0.62694138,0.67357874,-0.16905971,0.80440247,1.04558110,-1.42137396,0.67058575,0.71922100,-0.35636783
3,0.524000,left,3,0.99905407,-1.32838929,-0.60625201,-0.10094078,0.19729935,-1.12923622,-1.61654353,0.08062803,0.12931411,0.38699520,-0.95540804,0.39244229,-0.50774354,0.47561795,0.01270741,-0.90405840,0.18012248,0.90225077,0.41956800,0.28851077,-1.54223597,-0.92772686
3,0.528000,left,3,-0.41487619,-0.89253211,1.35729027,-0.75170904,-0.39676854,0.75204295,-1.04969215,-0.57480693,-0.69449586,-0.54340667,0.65036601,1.11328852,-1.18419564,0.41057470,-1.11733842,-1.24943662,0.44208890,-0.28579894,0.97273022,0.92808568,-1.94881105,0.62618572
3,0.532000,left,3,0.05585074,0.56415355,0.57618034,-0.30189651,-0.96394759,1.03168941,0.53223222,-0.58860511,-0.25974450,0.66041738,0.01267638,-0.64153737,-1.46703327,-1.04811764,-1.56767607,-0.38252211,1.21482694,-0.17747071,0.25708842,-0.79131341,1.21650386,0.68140471
3,0.536000,left,3,-0.88575709,-0.99841148,-0.42405516,-0.10198920,0.22816376,-1.09893310,-1.90087008,-1.31644380,1.11998343,-0.20115452,0.26488295,-1.46209037,1.26134109,-0.56133574,0.27736747,0.76146281,-0.93461466,-0.96623868,1.54309940,0.44649988,0.79352427,-0.23611329
3,0.540000,left,3,-0.26448074,0.04665852,-0.07658605,0.15813310,0.53646964,-0.83224392,1.27690542,-0.41903865,1.81989908,1.25037110,0.97408712,1.00642097,-1.19189298,-0.67188716,0.64157134,0.11085293,-0.65862495,-1.06974101,-1.16903162,-1.19508612,0.99635220,-1.50044680
3,0.544000,left,3,-1.74694800,-0.60850000,-0.23087597,0.03897117,0.57491708,-1.50713611,2.05478978,-1.09087265,-0.93065536,-2.17018437,0.58594447,0.37555417,1.58737016,-1.10471606,-1.14361811,0.96181166,-0.74716341,-1.07380021,2.24920797,0.76541579,-0.87645781,1.12180221
3,0.548000,left,3,1.99055541,-0.36530527,-1.32643306,0.80879223,0.23922922,-1.59444594,-0.44262144,-1.59169495,-0.97461772,0.48336768,-0.43284819,-0.99188304,0.45467624,2.52906871,1.40758634,-0.72159845,0.24497041,0.47120371,-0.69128340,1.43127191,0.61858910,-0.39508453
3,0.552000,left,3,-1.11228156,-0.38046733,0.44129193,0.56883097,1.40937936,1.10494304,-0.37936163,-1.15316296,0.71269542,-0.71950883,0.27808756,-0.98780507,-1.77838349,-1.70395410,0.24784686,-0.66918445,-0.53997552,1.33304179,2.04797459,-0.71167248,0.03577956,-0.70483434
3,0.556000,left,3,0.98427933,-1.78483188,0.67368621,-1.21883130,0.85090965,-0.32703131,0.39032838,-1.27168417,-0.49903199,0.05901209,-0.43151319,-0.90724367,0.19471543,0.72411299,0.07378052,-1.90393651,0.86088377,-1.22633207,0.42510137,0.31848240,1.84872043,-1.13033390
3,0.560000,left,3,-0.26081070,0.00950524,1.09904289,0.34759837,0.48912174,-0.37104416,-0.42026809,0.94987488,0.83423918,-0.90651631,0.03791666,0.19205904,0.99943203,1.64536095,2.26326227,2.03184295,0.58808148,0.17533584,-1.28543365,0.85651231,0.98462194,0.47747508
3,0.564000,left,3,1.55392766,1.48546922,-1.10093415,-0.67109609,-0.36215618,-1.01470172,0.49800864,1.32493329,0.87946045,-0.19302560,-1.57113910,-1.84385490,-0.45901424,-1.44169044,-1.43895328,-2.77876091,-0.06654285,1.40548027,0.03974031,1.43683457,-0.66782767,0.14108607
3,0.568000,left,3,-0.17505613,-0.70951408,-0.13374051,0.21006471,1.12790334,-2.87521839,1.07929420,-1.60869360,-0.37254465,-0.03525549,-0.39604315,0.27952644,0.49426237,-1.20558000,-0.08845933,0.60645926,-0.45359460,1.25131583,0.42138726,-0.22013319,-0.89890772,-0.59055018
3,0.572000,left,3,0.63091797,-0.45407763,-1.47075999,1.28743482,-1.03740919,-0.28168800,0.28819850,0.12948008,0.21680301,1.00564170,-0.11408205,-1.31010377,1.11949277,1.32257390,3.64051795,0.13541760,1.18789268,-0.59198833,1.15413904,-0.41549388,-0.09174421,0.15775706
3,0.576000,left,3,1.66497636,-0.25433031,0.24269569,1.50415599,-0.87010938,-0.61583775,0.58237976,0.08887298,1.41610527,-0.09984995,1.23590553,-1.18857729,-0.47862470,-0.48626375,-0.46713644,-0.76173818,2.03863382,0.69755316,-0.56614155,0.01939768,-1.19206536,-0.96189910
3,0.580000,left,3,2.57442784,0.27633008,-1.20758450,-0.73289859,1.15183794,-0.77385336,0.40622747,-0.55973911,-0.25007501,1.39814365,-0.00121802,1.05894470,-0.51842874,1.57533801,1.06230664,0.84195071,1.06187725,-1.83663571,-1.82091451,-0.99255985,-1.00107741,-0.27899686
3,0.584000,left,3,1.42697048,0.06871852,-1.06891847,-0.27638754,-0.46831828,-0.65764636,-1.00632453,0.62574422,-2.15596318,-1.26710260,-1.55605972,-1.00276494,-2.18678570,1.20443356,-1.42947662,-1.15958333,-1.88561535,1.00909030,1.36192167,-0.42408955,0.86043638,1.33596671
3,0.588000,left,3,0.44315040,-0.45494801,-0.62999171,-0.50781661,-0.20640813,-0.60493386,1.67450726,-0.07345170,0.00340811,-0.58853430,-0.38153690,-0.45743588,-0.57129228,1.06862545,0.10038754,-0.48095870,0.59706926,-1.00776434,1.20796776,0.17277136,-1.20697093,1.74675024
3,0.592000,left,3,-0.41332537,0.94611472,0.85850626,-0.98982853,0.57169861,-0.76950258,-0.08934727,-0.63375062,-1.58576655,1.06453753,0.98114324,0.31726220,-1.47879577,-0.45923620,-0.98982543,1.16628325,-0.51801652,-0.05486010,1.16030669,1.39269829,-0.55853146,0.89775795
3,0.596000,left,3,0.97800499,0.54780132,1.03657126,-0.25981069,1.28730941,0.17437035,0.22560108,-0.88391382,1.30760014,-0.01477335,1.12271821,1.01479459,0.41443077,1.26992118,0.65264237,0.01058962,-1.06000209,-0.57817626,0.09221135,-1.54444575,-0.74463338,1.69250226
3,0.600000,left,3,-0.35002366,-0.96874779,0.77250564,0.36016414,0.75356716,2.27089095,0.06938770,-1.53580248,1.03500938,1.05222249,-0.16789889,1.18481493,-0.28647175,0.13058072,0.13650428,-1.14541256,0.96954089,-1.42991257,0.97485417,-2.69372487,-0.19077088,-0.77351737
3,0.604000,left,3,-0.12975079,0.63933271,-0.36356303,0.10942312,0.57530427,0.56273037,-0.96118563,0.16291901,1.78373480,0.59634495,1.26993430,-1.61005914,-0.68726534,-0.80748379,-0.96088821,0.83370984,0.30874419,1.34331489,0.53185296,0.43821070,-1.23834646,-0.50973123
3,0.608000,left,3,-0.42442462,0.32960427,0.89340639,-0.46564949,0.78136206,0.25442389,-0.13072085,-1.41647506,0.45333439,1.65619552,0.41754815,-0.10749727,-0.45418689,0.88103133,0.38595092,-0.23968410,-1.55869877,-0.00240995,0.99160463,1.03237975,0.83050799,-0.18978059
3,0.612000,left,3,-1.38274634,-0.28917822,0.10357280,-0.87940407,-0.75406772,0.78190905,-0.49085221,0.53575999,-1.20632923,-1.51330400,-0.50512975,0.64976031,0.21283105,0.79528165,0.04179047,-1.43407404,-1.45013595,-0.35053366,-0.05879404,0.23669390,-0.74354839,-0.29635626
3,0.616000,left,3,1.83157516,0.71854192,-0.55659854,0.25705072,-0.23979816,0.24213476,0.40751612,-0.61436862,-1.03804481,-0.22518916,-0.03948794,0.81475610,-0.38771659,-0.73674393,-0.07724401,0.55272198,-0.37948155,0.40534502,-0.15342498,-1.76025641,-0.11925713,-0.20474979
3,0.620000,left,3,-0.33474070,1.99821007,-0.16707459,-1.41430008,-0.04223929,-0.36982152,0.74256754,0.81248087,0.61087358,-0.03493525,0.26596853,1.96645045,1.35067773,-0.61502534,1.13880587,0.17248110,0.53441274,-0.03955476,1.52315891,0.55961424,0.15457055,1.28794217
3,0.624000,left,3,0.23924354,-0.99160135,1.97474289,2.59933281,0.07969007,0.53944314,-1.37752569,-0.33658323,0.64255208,1.12403381,1.61295485,-0.44355512,0.37953115,-1.57862580,-0.99955916,-0.06372550,-1.45107925,-0.33344477,-0.88517779,0.19964372,0.15216938,1.87070167
3,0.628000,left,3,-0.29311925,0.09618057,-1.66540194,0.96854794,-0.25786716,-0.98138416,0.75644273,-0.54862916,-3.12412906,-0.64545411,-0.73309439,1.75173211,-0.76824981,-0.87207550,1.35993075,-0.66650885,-1.34002388,-1.00583875,-0.33030316,0.22124186,-0.37131351,-0.37655276
3,0.632000,left,3,0.75989169,0.01941855,-0.78832018,-1.51567519,-0.21441914,-1.51490867,0.78740311,0.18520042,-0.92641294,-1.45021093,0.29180557,-0.09971166,-1.46786654,-2.29427123,-1.01007092,-0.22217722,-0.59975445,-0.53961778,-0.51816624,-1.51912844,0.00374531,-0.77591252
3,0.636000,left,3,0.42800474,0.46643266,0.05126734,-1.05680466,1.07654119,-1.23138261,-0.88225466,-0.15892786,0.65900546,-1.67080474,-1.79278994,0.55386901,-0.40034807,1.56040490,-0.21125688,-0.67934853,-0.50045437,0.29442996,-0.52795750,0.20554650,-0.26472661,0.02504789
3,0.640000,left,3,-2.12577844,1.18328202,0.05805063,-1.22778094,0.42749262,0.73146772,0.53329396,-0.44130898,1.25221837,0.37253323,1.69130278,1.12022197,-0.04774970,0.57291818,0.14729472,-1.10079467,1.27210855,-0.10880381,-1.37823820,-0.84518796,0.72141552,-0.34856752
3,0.644000,left,3,-0.02926545,0.38933966,0.45890608,0.59930968,-0.25209230,-1.51612639,-1.64468598,-0.24840793,1.11284435,1.22668910,-0.91894633,1.29024327,0.31144187,1.92402494,0.74994332,0.70439726,2.31433082,0.20094761,-1.52141380,-0.70626938,0.07113104,1.76751459
3,0.648000,left,3,-0.18196855,0.36473852,0.51486355,-0.37456921,1.02042711,-0.95666522,-0.60919839,0.36365589,0.18242356,1.73027551,-0.14183909,-0.71735597,0.50874466,0.57714617,-0.19145149,-0.76819825,1.29624176,-0.74006319,-0.06793884,-0.00526505,-0.58336240,-0.72750372
3,0.652000,left,3,0.60867232,-0.46093094,1.03891385,-0.24325961,-0.29769439,-0.41203097,-2.57025862,0.75938004,-1.14550900,-0.98844928,-0.08928561,1.02593029,-1.03679550,-0.80310404,0.05432836,0.62832421,0.59006971,0.26730964,1.16882074,0.09087203,0.12619336,-0.12434872
3,0.656000,left,3,-0.05371568,-0.14998855,-0.29677764,0.22582498,0.97242004,-0.39503112,-1.40616000,-2.06847072,-0.74011642,0.45474988,0.74982858,0.47806725,-0.21482106,-1.70762563,-0.79006940,-1.27317798,0.58316308,-0.70058066,-0.13192989,-0.91105896,2.05161262,-1.37654388
3,0.660000,left,3,0.80642354,-0.87291938,-0.00184355,-0.83619821,0.17351069,-0.95707524,-1.56194770,-0.90172571,-2.19348216,-1.10392511,-0.22683696,-0.01769091,-0.92428577,-1.19915879,-0.98638016,-0.99433750,0.73825788,-1.08799493,0.09913057,0.84578192,-0.43692887,0.68334115
3,0.664000,left,3,0.74350202,-0.50733650,-0.97334564,-0.63628936,-0.16109982,2.03041244,0.63797015,-2.39257193,-1.07628739,1.75827515,0.43811402,0.71220344,-0.40509933,-0.63080901,1.28632283,-2.57552218,-1.09087718,-0.32853901,0.36553717,-0.19945100,1.28049874,-1.40000987
3,0.668000,left,3,1.23158562,-1.67478824,0.02324824,-0.99673498,1.86150575,0.06758847,0.09945647,-2.10540247,0.46237767,-0.89178622,0.95633519,1.90990591,0.68032080,-0.07346923,-0.74258971,-0.66035557,1.48614347,2.60830045,2.63143945,-1.80181277,-1.31887078,-0.57910937
3,0.672000,left,3,-0.71805310,2.70232463,0.17721018,-0.33296797,-0.16112877,-0.19940078,0.82577443,1.11936188,0.48387361,0.24091433,1.02639735,0.17586854,-1.41838288,-0.68473560,0.13002890,0.88329756,-0.39119816,0.25662971,-0.61554003,0.60898590,0.06370053,0.64030302
3,0.676000,left,3,-1.22150731,1.20619130,0.53013152,-0.26728660,2.06240416,-0.25184610,0.17657942,-0.83325917,-0.51543444,-1.71614540,0.54478365,-0.28315532,-0.35321122,0.71313930,-0.57605696,-0.10355757,-1.83484697,2.11455131,-1.14857602,0.50674528,0.46176651,-1.20552075
3,0.680000,left,3,-1.08265567,-0.59257811,1.83874130,0.66250300,0.36531177,-0.45458081,-1.24505639,-0.28176782,1.79039514,-0.11672164,0.57378817,-0.46403241,0.17476028,1.69537544,-0.43543959,1.63828683,0.72294170,1.25427175,-0.36528668,-0.80433112,-1.66314554,-0.66216201
3,0.684000,left,3,-0.07100889,0.08758429,-1.44980478,0.70970225,-0.45493719,1.92433524,0.81132382,-0.29455906,0.08304629,-1.32494509,-1.46876526,-0.39221001,0.14839356,0.12757060,0.89596772,0.21974389,-0.96573383,-0.40412807,-0.27903175,-0.35237888,1.05102646,1.21913087
3,0.688000,left,3,1.95325196,-0.83548343,0.45961750,0.70851409,0.67047495,-0.79676807,1.14028227,2.47567415,-2.58025098,-0.18842080,0.56205708,0.41888463,0.17723449,0.72019100,-0.76413494,-0.96339095,0.53567600,0.81264555,1.56630301,-1.75030959,0.39112070,2.06742620
3,0.692000,left,3,-0.15294027,1.21688795,0.23654743,0.93813396,-1.50277138,1.08963466,0.37589866,-0.84759581,0.40780622,0.57405472,-0.94537586,-0.70863533,1.41208553,-0.03371399,0.35108328,-0.57924092,0.33690655,-2.09060216,-0.05482854,-1.60885048,-0.49730158,0.92996585
3,0.696000,left,3,-1.18359327,0.76239467,-0.36190075,1.55800641,-0.52365381,-1.68222368,1.02108872,-0.73805475,-0.27750719,0.05524232,-0.24044329,-0.94598740,-0.51071548,-1.22771502,0.03944908,-0.64420211,0.39534912,0.24574743,2.03288484,0.28756881,0.20800440,0.90476918
3,0.700000,left,3,-1.10990965,-0.08653323,1.49205947,-2.62032866,0.86616683,-0.30398583,0.65348208,0.02500809,1.98693287,-0.86326402,-0.57280016,-0.65080631,1.28168201,2.19126415,0.21469156,2.24882698,-0.38462722,0.11735339,0.11530560,-0.03599746,-1.40461826,-0.47221228
3,0.704000,left,3,1.34647083,-0.04683981,0.58251858,0.60555303,0.62653655,-1.00645137,-0.40848488,-1.51838350,-0.25946513,-0.51918977,1.25355220,0.04381156,0.46378207,-1.60580206,0.96794963,0.39682907,0.82834685,-0.69901460,-0.87503880,-0.20749299,1.73690712,-1.28621626
3,0.708000,left,3,0.64557379,0.00564090,0.03034881,-0.51791620,0.68518215,0.08883466,-0.62606460,-0.03852589,0.68860364,0.17044917,0.83385122,0.77067310,0.53812772,-0.81359595,-1.11587811,-0.57212120,0.84081244,0.43679792,0.28786683,0.26653084,0.45842046,-1.03655016
3,0.712000,left,3,-0.86790538,1.67816317,0.60876083,0.52618909,0.08289298,1.47850633,-1.02627861,1.34677327,-0.65230960,0.30875236,-0.02485819,-1.99807739,-0.98396653,0.60917485,0.75426173,0.28720117,1.33901429,-0.05266330,0.73948735,0.06551912,0.43270987,0.47021687
3,0.716000,left,3,0.31249127,-0.33301178,-0.34452513,2.11323857,-0.56616813,-1.06325662,0.02673647,-1.87150669,0.90918911,-0.11442715,-1.46279395,0.16715069,-0.75804663,0.60874492,-1.16937077,0.37029222,-0.07245846,-0.56992763,-0.18743142,-0.06659251,-0.70040733,0.13214371
3,0.720000,left,3,0.28616872,-0.53621906,-0.10542925,-1.46141911,1.89107203,-0.33692265,0.74168992,0.30418599,0.45808524,-0.89526469,-1.82700694,-0.76976526,0.85853279,-0.02318615,0.75366586,-0.33505726,0.50361454,0.49739513,-0.35288620,1.18100405,-0.08793593,-0.97296774
3,0.724000,left,3,-1.86278510,-0.58069855,-1.47764647,-1.61291683,0.44535595,-0.24169797,-0.65147442,-0.16384916,-1.61458731,-1.97182357,1.33384418,-1.44373453,1.15325499,-0.35782656,-0.10543442,-0.00015372,-0.96843499,0.77533203,-0.19739902,0.00067528,0.49306232,-0.04987148
3,0.728000,left,3,1.08737183,-1.29775763,0.49225602,-0.10856759,1.55467463,-0.99361426,0.63575947,2.49467492,1.57641172,0.08685232,1.14728189,-0.93932402,0.32056811,0.83745575,-0.58479053,0.89180350,0.81844550,-0.46917957,-1.65304756,0.55941367,-0.53150076,-0.62224329
3,0.732000,left,3,-1.73346627,1.39116395,-0.24471085,0.19207466,-1.09996021,0.98470610,0.07220882,-1.86573434,-0.22346348,-0.48406723,0.10260355,-1.25749540,-1.29720461,-1.27574790,-1.65251112,-0.67373580,0.17413446,0.66975915,0.87308937,-0.09138975,-0.29101515,-1.95501173
3,0.736000,left,3,-0.43041176,-1.28149128,1.07753575,-0.15935542,-1.08759439,1.50472414,-0.63601708,1.31533659,1.28805256,1.38739181,-0.98497719,0.18597603,1.08517766,1.05456710,-1.48269761,-0.69521874,0.63768309,-1.14250171,-0.52795488,-0.61461031,1.55873096,0.34790844
3,0.740000,left,3,0.86063403,1.06562328,-0.54989779,0.36286649,-1.00220537,0.65979183,0.55746627,0.23396495,-0.04013083,-1.60882127,-0.41093060,1.97489393,-0.74748188,-0.78350461,0.94706804,-0.35420594,-0.45284128,-0.41413677,0.32000959,1.84784877,0.33325931,-0.28838018
3,0.744000,left,3,0.58321744,0.19316320,0.18042473,0.44603464,-1.27911949,0.10916406,0.09660450,-1.73441434,-1.50299919,0.29068893,1.78908300,-0.49048042,-1.42564261,0.52747315,-0.86750543,-0.85363382,-1.68896604,0.04357250,0.19762956,0.67079711,-0.77100062,0.16988064
3,0.748000,left,3,0.78759050,-1.18261349,-1.16477144,2.17991447,-0.67480886,-1.25382459,-1.14417362,-0.81960320,1.23730123,-0.81903714,-0.32907778,2.36806607,-0.68214983,1.35056949,-0.91989720,-1.01992047,-0.20125911,-0.71991211,0.39713091,-0.67354882,-0.24139655,-1.09583664
3,0.752000,left,3,-1.00545335,0.09010976,-0.87248874,0.97811747,-0.54460239,-0.48089164,-0.37324652,0.51808077,0.80783844,-1.54072106,0.79234701,1.88326776,-1.13977945,0.99920362,0.28631717,-1.39037871,-0.60546762,0.49973732,-0.89613193,-0.68425685,0.70921052,0.14263631
3,0.756000,left,3,2.26811218,0.66425234,-0.52448267,-0.99695438,-1.36377788,-1.61835563,0.04370021,0.05021966,-0.77055132,-0.65803146,-0.26864213,0.01954124,0.46893105,0.32110327,0.30077752,-0.10813227,-0.41006532,0.28555724,-1.34535694,-0.28315562,0.06793279,-0.92741299
3,0.760000,left,3,0.39810848,1.08526194,0.82625180,-1.23249888,0.22092313,0.95595181,-1.16721296,-0.17617010,0.71188247,-0.38666308,0.91059053,0.64131200,-1.43930376,-0.62202173,1.22557366,0.58960074,-0.08083124,-1.47123492,-0.65851516,-0.67858261,0.09551721,0.49754936
3,0.764000,left,3,0.27499563,0.12665331,0.21590836,1.17614543,0.02935776,0.13154615,0.75572854,1.19706583,1.05572140,-0.58756471,-0.27048862,0.24327393,-0.78575730,-1.21469986,-0.97962755,1.24305665,-0.52882731,-0.62497979,0.36697042,0.39627707,-0.54055500,-0.15005127
3,0.768000,left,3,1.82978535,1.44056392,2.67511106,-0.41062298,-0.33862960,1.36384773,0.87361300,2.59526849,0.67529982,-0.00578906,1.34662008,1.16553223,0.76328433,1.67118859,-0.42774591,0.48522183,1.59035575,-1.36559916,0.18367225,-1.26918638,-0.51636726,0.20653643
3,0.772000,left,3,-2.18136811,-1.44586349,-0.84358883,-0.72418684,1.47812176,-0.89203280,0.05643454,0.30044767,0.31856123,0.25642720,-0.11512534,1.45705080,-0.06455901,-0.86026335,-0.44931024,-0.62382334,0.31030780,-2.83807015,-1.50870717,1.75363100,-1.20538902,1.11220050
3,0.776000,left,3,-0.91860807,-0.71228600,-0.60760885,0.43486217,0.40220448,-1.51983356,-1.30186749,-0.15168646,0.28646538,0.12443556,-1.23942614,2.19155383,-0.98646802,-1.46942294,0.25909278,2.49224186,1.30971289,-1.12479460,-0.27270800,0.50302631,-0.31188172,-1.89294565
3,0.780000,left,3,-0.86937678,-1.51149499,0.34846747,-0.59363949,-1.66017389,1.46927750,-1.01258910,0.57167423,0.57714432,-0.83553565,-2.70756817,-0.18919997,0.44990829,0.75862527,0.98698860,0.84601760,1.13869870,0.21030731,0.22306997,1.24328995,-0.03254230,-2.73614168
3,0.784000,left,3,2.07717752,2.55015135,0.01355402,1.05594385,2.08077526,0.49578294,-0.65563720,-0.39699855,0.09343588,0.28114676,-0.84863174,0.65101475,1.29546845,-3.00418234,-1.71556830,-0.90656459,-0.77532274,-2.16154218,-0.04904877,0.84291655,1.30694079,-0.96810585
3,0.788000,left,3,0.60007024,0.25302911,1.08698308,-0.03185792,0.52735871,-1.69555068,-2.09037519,0.68764842,1.24291134,1.29767108,-0.73592049,0.57405937,-0.32565358,-0.36599842,0.11958140,0.16849455,0.81272000,-0.87740761,0.54160190,0.34663609,-0.20564745,0.51023108
3,0.792000,left,3,1.10655236,-0.75727749,1.21044672,0.36628008,0.58172369,0.43060750,-0.39103746,-0.76267195,-0.60168689,-1.68753850,-0.03505336,-0.50797451,0.48652932,0.43143922,0.20815167,-1.74037910,1.15064192,0.64316034,-0.58726633,0.61774307,-0.02546440,0.05811888
3,0.796000,left,3,-0.76884449,-0.58077043,-0.22120860,-1.07796144,0.37958449,0.26045313,1.30424762,0.06386103,0.68268472,1.09672832,0.05378953,0.27109909,-0.53783733,1.06442666,0.14305329,-1.91069329,-1.07952499,-0.46988970,-0.51748371,-0.18371680,1.16122532,2.59954047
3,0.800000,left,3,-0.63205063,1.66106331,-0.32032257,-2.22640753,0.78979170,1.14029348,-0.26628774,-0.01858762,-1.39064431,1.57662427,-0.45847040,2.28373003,-1.07646573,-1.53485203,-0.90165514,-0.83603019,0.22916341,0.06305053,1.78237212,-0.65570730,0.17788260,-0.78796059
3,0.000000,right,4,1.45627201,0.24817832,0.60562724,-0.18102527,1.18660545,-0.94759506,-0.49842730,2.81910038,-0.26137525,1.05767441,0.73775613,0.23532021,-0.99502242,0.63846648,0.02128357,1.15304947,-1.06041348,0.07175051,-0.96147186,1.47450805,-0.73513973,0.07021768
3,0.004000,right,4,-0.68564683,0.58095020,-0.20682143,-0.49866864,-1.52102101,-0.22932053,-0.02014292,-1.30746841,-0.24714054,0.75272036,-0.12879319,0.63662004,-0.55108887,0.92553860,-0.85015649,0.07624497,1.39186883,-1.48203468,-1.12074804,-0.96373671,-0.87735122,-0.12033276
3,0.008000,right,4,0.78103912,-0.53577435,-1.32145810,-0.09935192,1.16891658,1.19280100,0.52011573,-1.44449997,-0.79581702,0.31045517,-1.47351432,1.04335940,-0.75532269,0.47989976,0.19612481,-1.22363842,0.52674741,0.04005468,-2.35715866,-0.38392410,0.92454040,1.59894490
3,0.012000,right,4,-0.83297807,0.35430506,1.55280685,-0.30828792,0.05353328,0.22417337,0.16693221,-0.01415229,-0.05256755,-1.15493166,-0.83491820,-0.58007669,-0.69037998,0.39267388,-0.90358329,-0.32645136,-0.90885317,-0.21513908,0.56181639,-1.73642039,1.05902696,0.35243398
3,0.016000,right,4,-1.63070238,0.68669999,0.77484930,0.45860612,-1.58785701,1.76937950,1.12681782,0.84932727,0.35367620,-1.86545622,1.91929078,-0.88687491,-0.16607536,-1.14890456,0.86303878,1.52573133,0.20431742,0.23002024,-0.09975813,-2.99480391,-0.97539395,1.23324716
3,0.020000,right,4,0.06856748,0.90905333,-0.32781935,-0.70649242,0.96393836,0.71955758,0.58944684,1.31159985,2.01195407,-0.72534430,0.24005108,-0.79957801,-1.44777012,-2.13290453,0.29446965,-0.69612569,0.76723754,0.66480726,1.49163735,-0.00322279,-0.86583686,-0.42908821
3,0.024000,right,4,-0.33763215,-0.98365319,-0.19716063,-0.78275681,-0.09339161,0.05564549,-1.09138584,-0.00921618,0.26168948,-0.50122130,0.08638911,1.26577246,0.90325999,-0.11239741,-0.20258547,0.60188484,-1.25971651,0.86501831,-0.15244326,-1.72254205,-1.28319705,-1.18987346
3,0.028000,right,4,0.18315709,0.09920175,-1.22249448,-0.04464481,-0.03437581,0.03276420,0.67825508,-0.91212738,1.95876503,0.79493177,-0.30463508,0.45266348,0.80543536,0.53757572,0.41955706,0.24647032,-1.37666965,1.86674869,-1.21235693,0.42653787,-2.14571929,-0.87894046
3,0.032000,right,4,0.18752730,-1.18697727,-0.20059067,-1.16549468,2.23931265,0.76800305,-0.26515618,1.29787064,-1.27503669,0.32629561,-1.01998532,0.25087562,0.72785610,0.40450650,-1.36526442,-0.17453022,-0.41909781,-0.12261132,-2.60262823,0.00443276,0.09530316,-0.25303012
3,0.036000,right,4,-0.16156341,0.48622775,-1.94433522,-0.83459628,0.54018903,-0.87529802,-0.57973981,1.81273460,-0.05515622,0.62994450,-0.71567655,0.74470639,1.14226675,-2.07448101,0.27382290,-0.70212036,-1.68252158,0.79367369,-0.41311702,0.72978061,0.06345316,1.86831844
3,0.040000,right,4,0.23812027,-0.01612225,0.10494219,1.55096269,-1.13041496,1.25576925,-0.68725675,-2.42285109,0.27072319,-1.43168187,-0.54006374,-0.12205985,-1.26856923,1.26669049,1.43557703,-0.27114463,-0.25529158,-1.42489517,1.21403515,-0.80324781,0.66355044,-1.37422693
3,0.044000,right,4,0.00621251,-1.38283467,1.04400337,1.36898422,0.90376163,0.59542871,1.83054161,1.24887967,0.98077351,-0.72308367,-0.55578887,-0.38553101,-0.09084591,-0.25547814,-0.96100390,0.41865113,1.01103187,0.64312476,-1.26353300,1.67110205,-0.86421359,-0.01254700
3,0.048000,right,4,1.08157969,-0.47967532,0.24210535,-1.78423655,0.71012968,0.96245337,-0.24919172,0.09721157,1.08400822,-0.30721149,-0.66544449,-0.66852272,-2.20557761,-0.85661018,1.98953938,1.64777780,-0.58809197,-1.98254073,0.24558613,0.93075097,1.23687184,-0.49854213
3,0.052000,right,4,-0.03433275,0.88228917,3.09288192,0.12691170,1.61854315,-1.50254273,1.00759411,1.79746449,0.56248689,-0.01489116,-1.21701813,-0.09383316,-1.47862494,0.49470350,-0.16771911,-0.91064310,-0.34758031,0.27111462,1.02033997,0.96561676,-0.51142764,-0.04471400
3,0.056000,right,4,-2.01353407,2.25944686,-0.44336945,1.20938003,-0.47430265,0.54424286,0.69354123,-0.63914317,-1.26632345,-0.33915696,0.54561907,-0.79682767,-0.24234317,-0.46684033,2.56680441,-1.15998411,-0.51663768,-0.20613275,1.08287787,0.44533330,-0.89474970,1.29813457
3,0.060000,right,4,-1.22782576,-0.24034336,-1.02219880,-1.57752013,-0.01782696,-0.01352920,-0.02963411,-0.18854113,1.44762218,1.83159888,-1.76380897,-1.31467950,-1.18989420,-0.47613668,-0.29727748,0.38029844,-0.71720541,-1.98661852,-0.35394311,-0.02481031,0.35547036,-0.56192172
3,0.064000,right,4,0.15375642,1.03356481,-1.44514489,-0.73751915,0.77498639,-0.33493444,-0.56472212,0.35068375,0.23902178,-1.64063764,0.08093871,0.81797493,0.82900971,-0.94919240,-0.13321304,0.04175694,0.81633973,-0.34813043,2.08009195,-1.46445799,-0.38226825,-0.19887058
3,0.068000,right,4,1.01231039,0.97863007,-0.03413840,0.02272349,0.21843801,-0.08012424,-0.73628616,1.16966975,-0.54167116,-2.18915129,-1.23142600,0.43198600,1.52589655,2.39859223,0.63513565,0.75362033,2.04036188,1.92223251,-0.34981745,-0.01076407,-0.50503737,-1.10234940
3,0.072000,right,4,0.45615491,0.72150290,2.10632515,-0.29270402,0.73166126,-0.43925121,1.01841652,0.32296231,-0.46592635,-0.46555206,-0.01429900,0.20572090,-0.91997063,1.03252828,-3.56941748,1.35398042,0.82599866,-1.68395793,-1.08561552,0.92177331,0.37390739,-1.65262115
3,0.076000,right,4,-0.31928629,0.27610379,-0.08507168,0.52975023,-2.25061536,-0.45394844,0.99531204,-1.84686077,1.48687565,0.90458119,-0.26111779,0.33693916,0.06136613,1.15581501,1.83387601,1.55726004,-0.99430698,0.76109642,-0.64872068,1.06888306,-0.26132762,-1.46472788
3,0.080000,right,4,0.66763276,-0.07114251,0.19622630,0.83303750,-0.78780669,-1.48772109,0.17731634,-1.45736659,0.87236691,-0.18975863,-0.17350303,0.45568067,-1.43309116,-0.89425302,-1.22613358,-0.42346248,-0.98029733,0.95516771,-3.36363649,1.94521880,-1.43190157,0.74715978
3,0.084000,right,4,-0.30287775,0.75698984,-1.02605712,-1.60114026,1.08652222,0.74733979,-0.73405528,3.43489552,-0.80704141,-0.36911520,0.81543082,-0.94437134,0.46727869,-1.57144821,-0.21208631,-0.55756855,-2.45837522,0.16908644,1.06996346,-0.04420704,0.03138972,-1.03799927
3,0.088000,right,4,-0.57882208,0.04119251,-0.43458739,-0.30162436,-1.57963920,1.02245343,-1.28413081,-0.01116478,-0.12497988,0.47377869,-0.96414971,-1.34698880,-0.52064860,-0.64126992,0.12362103,0.58225262,0.40360299,-1.43282080,-0.23335278,0.09811007,0.68568498,-0.47567302
3,0.092000,right,4,-0.97023940,-0.85309184,-0.34827036,1.86301935,-0.09472358,0.16786291,-0.07257439,0.34590644,0.33967113,1.89027703,2.15529537,-0.05028119,0.70113903,-1.76186514,-0.33483982,0.42446092,0.45085245,0.06211385,0.49975097,0.49701414,0.20424460,-1.49628782
3,0.096000,right,4,-1.05458176,1.16507494,-0.96990448,-1.68009436,-0.61936140,-0.57405114,0.06931245,0.79122895,1.23750520,1.21359253,-0.99912304,0.99274296,-0.22481684,-1.32177711,1.31723082,-1.39829922,0.01094686,-0.76702416,-2.76684237,0.99634075,-0.61127299,-0.19167538
3,0.100000,right,4,0.90577787,0.13019563,-2.77556443,-0.07140790,-2.14229846,-0.38963985,-0.43695608,-0.28066841,0.57549566,1.10276139,0.43463841,0.11684084,-0.50798541,0.01190008,-0.29593027,1.90796661,-0.68837696,-0.47683021,-0.29967484,1.25657845,-0.78739899,-0.91089952
3,0.104000,right,4,-1.63428640,0.93160820,-1.63151646,0.45335481,-2.02413726,-1.30301774,-0.38239202,-0.51899266,0.30602488,-0.49344665,-0.54729223,-0.58551675,-0.38078701,-1.75529945,-0.01044573,-1.36709130,-0.34247741,0.36142316,-0.35034657,0.11634932,-0.18776768,-1.19882953
3,0.108000,right,4,-0.53448600,-0.05998432,-0.12395217,1.82625568,-1.00831532,-0.40290111,-0.03541891,-0.07929752,-0.18199086,1.77130640,0.28278196,0.50198275,0.17134991,1.69137824,-0.19288534,-0.44694471,-0.87981009,-1.40748537,-0.27613989,-0.90578634,1.29210544,1.30538690
3,0.112000,right,4,0.26961428,1.16359425,0.70375949,0.71055967,-2.49841547,-0.92344135,-0.72398466,-2.51619077,-0.49578822,-0.03064492,0.31662282,-2.70283389,-0.56336576,0.24634199,1.49953544,1.18267572,1.21473157,-1.50497139,0.89109588,-1.32956994,0.43613538,-0.62944096
3,0.116000,right,4,1.20429218,1.03470266,-0.67525691,0.89471722,0.15410283,-1.22049165,0.50595576,-0.63124847,1.77868557,-0.45236427,-0.26580378,2.29057050,0.61412394,1.29887509,1.83962488,-1.00699222,1.86094487,0.64308512,-0.91750729,-1.03881335,-0.27974167,-0.23371355
3,0.120000,right,4,0.36330283,2.41086149,0.18246531,0.06698842,0.40412167,1.43765461,-0.85596204,1.78499365,0.57259870,-1.34008574,1.50203705,-0.04847183,1.30882275,-1.23034000,-1.20964336,-1.19376111,0.94397146,-0.13959119,-0.69906145,-0.35478929,-1.50907719,0.34644538
3,0.124000,right,4,-0.31173173,-0.51865429,-1.22642696,-0.65478355,-0.65178710,-1.70587802,-1.58980429,0.64685047,0.90788335,1.18197930,-0.58258444,1.26776266,0.13559811,1.41215575,0.82139331,1.64094949,0.99223650,-0.81941634,-0.46906880,-0.06173595,-0.00857910,-1.27481687
3,0.128000,right,4,-1.65295279,-2.13672042,-0.43040758,1.39642143,-1.55444777,-0.92283642,-0.50374955,1.30071068,-0.79188591,-0.58754575,0.53167295,-0.39156747,1.28146827,-1.85272491,-0.40623209,-0.34528345,0.32451406,-1.84577143,-2.16210008,0.57298738,-1.73565018,0.79881573
3,0.132000,right,4,-1.02159381,0.43595266,-0.30581930,-1.80477726,-0.56462502,0.02983067,-0.05945577,-1.52115548,1.00143266,-1.24125385,1.12728465,-0.73776752,-1.55705595,-0.23476872,2.21581292,-0.12976742,0.23486291,-0.22840244,1.14002120,-0.83059752,0.24175481,0.47273481
3,0.136000,right,4,-0.72838306,0.30166075,-0.29437855,-0.57844591,-0.28619349,0.80272710,-0.12426553,0.94088346,-0.24742934,-0.07551702,-0.50022763,1.50169230,0.49384192,-1.44792676,-1.13671005,1.35248637,-1.45288420,-0.74637079,-1.22392929,1.54917157,0.79305494,1.29335725
3,0.140000,right,4,0.09544673,-0.18571085,-0.66240662,0.09166777,0.06522915,-1.71536994,-0.06157792,0.00120571,0.89005041,-1.31523061,1.53234112,-0.94010341,0.27641046,0.78762865,1.08821106,-0.14269170,-0.77139264,-0.75944132,-1.20989895,0.71456742,0.55875129,0.35165930
3,0.144000,right,4,0.63550115,-0.88567340,0.27521953,0.60998154,-1.36400604,0.94467825,1.80343723,-1.23485374,0.83816880,-1.65243495,0.02367155,-0.13610959,0.83536655,-0.70210588,0.45356113,2.07694674,-2.14828348,0.30820364,-0.41001758,-1.83811200,0.04046511,-1.91379607
3,0.148000,right,4,1.24611926,0.89607388,-1.15160036,0.76444846,0.45814064,1.62646925,0.67806929,1.05003595,0.53698492,-1.28466165,0.62889051,-1.02218556,-0.07023744,-0.36754680,0.08688595,0.26292560,-0.56146467,0.46246606,0.32431924,0.57709944,0.41898644,-0.25109002
3,0.152000,right,4,1.61388969,-0.12299822,-0.66105282,1.91817987,-0.64102626,-0.63694328,0.90043265,-1.91240835,1.14246893,-1.59064960,1.62174368,0.21871591,-2.53536749,0.03479035,0.51244009,0.07773153,0.52981919,-1.03298664,0.66682249,2.00169110,1.79528451,-1.06088245
3,0.156000,right,4,0.92196620,0.67416209,0.81917959,-0.40284109,0.99586964,-0.04336749,1.44983482,2.10005832,0.61446482,-1.58349061,0.22461796,-1.19238949,-0.77256554,1.96638751,1.93601680,-0.19834989,0.50996554,0.58859861,-1.16136420,-0.45386010,-0.71752644,1.34086788
3,0.160000,right,4,-1.64860165,-1.37089694,0.99592769,0.45107791,-0.80620795,-1.50962698,-0.21785247,-0.84833831,0.81710601,0.17203030,0.24544623,0.65800351,2.05970979,0.10260366,-1.71205270,1.17069054,0.05130376,-0.58705014,-0.67038435,2.35219312,1.46647239,-0.28195947
3,0.164000,right,4,0.00704752,0.63811356,-1.79982758,0.47030270,0.99768454,1.39451754,0.11277898,0.25414556,-0.26907882,-0.21205905,-0.08275308,1.29398465,0.88751012,-2.88749075,-1.22929788,-0.72283745,-0.02547215,-0.57079065,-1.47011924,1.66090524,-1.27919483,-0.13692126
3,0.168000,right,4,0.88466573,0.18111928,-0.37364721,-1.32008326,1.25138485,1.29991066,1.28653538,-0.24896532,-1.50975704,-1.97127473,0.84909600,-0.64358777,-0.21699634,0.13407101,-1.53864419,0.40577757,-0.63801181,-0.64102203,-0.14693098,-0.53799552,-0.55073148,2.34779835
3,0.172000,right,4,1.30419874,1.39856791,-0.92958337,0.58236831,-2.15236473,-0.31683010,-0.08297545,-0.60225797,-0.17263055,0.55953783,0.42001089,-1.08644819,-0.70313489,-0.57839179,-0.62824231,0.63290131,0.66801810,-2.39878750,0.47875616,0.56600749,-2.57612324,-0.24271014
3,0.176000,right,4,-0.30942619,-1.16583383,1.60096884,-0.27462250,0.38745305,-0.50842160,1.12651825,0.43183473,-0.84516251,-1.00221586,-1.78616965,-0.28263947,-0.54917735,-1.32903421,0.65214026,0.13457279,-0.19372612,-0.67746150,1.64898264,0.01484968,2.31842732,0.62541395
3,0.180000,right,4,0.44219959,-0.12545334,0.30577520,1.84078145,0.82357508,0.52532464,0.33988053,-1.67420650,1.42885244,-1.06343675,0.18101805,-0.03834705,0.19468395,0.41831246,1.16707313,-1.32357371,-0.68854725,0.74836546,0.36158958,0.31780180,0.93167555,-0.47985628
3,0.184000,right,4,-0.01170654,0.35684642,-0.22367847,0.22707933,0.14881064,-1.09451544,-0.89935702,-1.67711210,0.69615632,0.19859523,-1.72514045,0.20393051,0.50311601,1.41225243,0.41102177,-0.90735865,-0.74922264,-1.86828387,0.73986143,0.06115001,0.68247783,0.29323563
3,0.188000,right,4,0.71838152,1.37723434,0.27598825,0.55614585,-0.77884966,-0.33471110,1.01031673,0.52683824,0.35492975,1.69384122,-1.52429962,-1.35654163,-0.63061798,-0.96714777,-1.39538956,-0.89677006,-0.45117980,-1.16246235,1.25630391,0.20777756,-0.39423880,-0.83525443
3,0.192000,right,4,0.34878334,0.35373476,0.76966608,1.73660946,0.72213686,-1.39665306,0.62643552,1.44881165,-1.24648321,0.13398056,-0.39440617,0.22353795,-0.76137060,-0.37401876,0.78519624,-0.01910402,0.35200074,-0.55328602,0.32522959,-1.55928683,1.39259565,-0.48819891
3,0.196000,right,4,1.47015738,0.34594074,1.32948089,-0.58867753,-0.29100204,1.92075729,-1.34279847,-0.13110876,-0.28854263,-0.05052528,-1.09893596,-0.16156395,0.94371396,-0.46339437,-1.84671092,1.10225928,1.62774003,-0.78127027,0.92461598,0.31059429,2.31029558,0.85369796
3,0.200000,right,4,-0.26313695,0.75721705,-1.72586811,0.29133999,1.18037319,0.28156707,-1.03088272,-0.08429293,0.39822873,1.11199892,-0.27840865,-1.43055725,-1.41910243,-0.03732010,0.53023291,-0.78011626,0.05603779,0.43421352,-0.29146633,0.68166482,1.01915920,0.43413907
3,0.204000,right,4,-0.56771272,-0.38729620,0.83731502,1.08769774,0.53361380,1.35284019,0.23692301,0.33409864,-1.02989268,-0.65499192,-0.65819925,0.39774746,0.89768076,0.57798600,-0.37009129,-1.42099893,1.44182158,-0.81937432,-0.87729007,0.47961581,-1.86818826,0.12923260
3,0.208000,right,4,1.15901196,-2.93002725,-0.00402392,1.98756254,0.17471157,2.21331239,-1.33288288,-0.93129802,0.95038903,0.48021141,-0.90868175,-0.90819943,0.50134629,-0.17490375,-1.24442840,-1.68462086,0.20873281,-0.56613970,-2.11284542,-1.05324209,-2.73729730,0.36769259
3,0.212000,right,4,0.85550851,-0.59003937,1.10399151,0.00844942,0.51418185,-0.22659200,0.32933730,-0.67897856,0.39052299,1.37525761,-0.65755165,0.96539521,-0.26738140,0.16638088,0.79884851,-0.47158906,-0.87321305,-0.96773577,0.30645776,0.15887000,1.14874983,0.55527109
3,0.216000,right,4,-1.60121226,-0.40685910,-0.72259057,-1.47194922,-0.78588551,-1.49647391,-0.69283623,-0.79716730,-0.29134199,0.16713144,1.24389768,-0.86671531,-2.08564687,-0.25785828,0.92425370,0.06817461,-0.33456281,-0.51868987,0.03091892,0.00958755,1.31472492,0.34972131
3,0.220000,right,4,-0.81578851,0.39336136,0.06545588,-0.21491806,0.69148159,-2.29086399,-0.45257106,0.79080343,-0.11986617,0.20237476,-0.92467314,0.46778551,-0.76196182,-1.26335311,-0.69025838,-0.96583903,0.15996124,-0.45953172,-0.49383017,0.76183301,1.35328245,-0.51919723
3,0.224000,right,4,-0.27144456,-1.54079902,0.61075979,0.54806316,0.69090480,0.90020460,-1.98641813,0.28409174,0.77194458,-0.58989692,0.12338615,0.79377717,-1.52267027,-0.43730667,-1.14280224,1.81192958,-0.66031229,-0.12892723,1.74994862,1.55590010,-0.14670244,-0.21346679
3,0.228000,right,4,-0.84216112,0.63577914,0.96581763,0.03908272,-1.32773376,-0.61685419,1.24341977,0.53466016,-0.24897610,-0.37855065,0.85549253,-0.40211976,0.22464475,-0.67017180,-1.47995269,-0.21890566,-1.20547783,-1.80187559,-0.56947994,-0.25238839,2.04057026,0.68289834
3,0.232000,right,4,-1.42789757,0.45974612,0.32557052,-0.60775203,-0.52733016,-1.10098171,-0.22150597,-0.32089120,-1.22754109,0.06758367,0.89975536,-2.05355215,1.21445954,-0.70624381,2.31968069,2.78583169,0.45753822,0.54112720,0.00718067,-0.58715481,-0.04080722,-1.40941751
3,0.236000,right,4,-0.38520944,0.70997250,0.67788631,0.95237845,0.28197154,-2.48922300,0.60254937,-1.40745318,-2.30020285,-1.48786938,-0.65531707,-1.57732487,-1.14318430,3.39574409,0.00200744,-0.07321507,0.24472880,-0.49901479,-0.68486965,1.43575406,1.20021105,-0.34196115
3,0.240000,right,4,-0.06291255,0.25075519,0.06911348,-0.18826115,1.21889210,-0.82683796,0.01509630,0.42681730,-1.21392381,1.02438736,0.82914621,-0.31516013,-1.06412363,-0.31647015,-1.54725003,-0.54552323,-0.44213355,0.19344793,1.53896987,0.88415998,0.46210244,-0.50436080
3,0.244000,right,4,-1.01233864,1.02392769,1.47431016,-0.93947059,-1.41029119,1.50770295,0.35161155,0.71147460,0.21031934,-1.31745088,-0.04313575,0.30601904,-0.39641094,-0.25695282,3.23708606,-0.39697298,0.55495703,-2.25953698,-0.41710097,-1.05348372,1.63386667,0.01644149
3,0.248000,right,4,-1.07157278,1.34250593,-0.71875739,-0.25330997,-0.54007089,-0.61848491,-1.71973479,-1.35955071,-0.53951353,-1.20966542,1.42000318,0.05677810,-1.18058467,-0.99778992,-0.66728282,-0.33685985,-0.32413235,0.82721972,-0.58029163,-1.76904535,1.46024358,0.15412389
3,0.252000,right,4,0.61217064,0.97065187,0.97704428,1.83854902,0.00181811,-0.27905691,0.04649548,0.74312145,-1.63209450,-0.82291335,-0.46400595,-0.97109491,-1.44378412,0.09060208,0.53412080,0.39569992,0.62092304,1.67668200,0.62253451,1.12760127,0.28797695,0.65192401
3,0.256000,right,4,0.45548031,-0.79684591,1.32850003,1.74452233,-1.71544790,0.53372121,-0.42188340,-0.67963058,0.94896811,-0.13094696,-0.15258500,0.52445221,0.14747252,0.18770508,0.07786027,1.70019710,0.45785853,0.46865040,-0.71777827,1.25345755,-0.80073690,2.26555872
3,0.260000,right,4,1.15340602,-0.24291480,-0.70002544,-1.84229898,-0.14320280,-0.07389022,0.35727310,0.82905149,-1.38284147,-0.01537213,-1.36281526,-0.30963284,-0.07392170,-0.83152682,-1.91618085,0.06403143,0.94175261,-1.22039366,1.06023014,0.57357705,0.76530921,0.44141924
3,0.264000,right,4,1.31052458,0.35515156,0.48662198,-0.67390335,0.48907351,0.61998755,-1.76353300,-2.23490953,-0.70827448,-2.15617466,-0.03950580,1.20795608,1.18228281,0.45776212,0.00051112,0.23383495,-0.15371649,-1.64047396,-0.52666044,-1.35470593,1.51857448,-0.74654651
3,0.268000,right,4,0.40225905,-0.16478413,-0.96651387,1.45603347,0.62129366,0.78677607,-0.40668324,-0.20993347,-1.61095238,-1.27317691,-0.15095225,-0.13560599,1.62958193,-1.50424278,-1.19997954,2.27642560,1.54191232,-0.25099653,0.04571411,-0.15637505,0.60885841,1.10137010
3,0.272000,right,4,1.23480058,-0.56383574,0.71116078,1.17308199,0.69598329,1.07595134,-0.77529049,-0.55763364,0.73142475,0.37861121,-0.20637383,-1.50438356,-1.46269286,0.16145176,1.09291553,0.28044084,1.23322690,-0.22022994,0.77163720,0.12918140,-1.06689394,0.94222373
3,0.276000,right,4,-0.93910003,0.34802943,-2.12883925,0.26002803,-0.96886063,0.65446317,0.05463624,1.29717863,2.33855247,-0.51308382,0.90033644,-0.37426150,0.39033723,0.22693035,-0.12609410,0.52195978,-0.50465137,0.90003514,1.29561687,1.54970467,0.58209550,-2.11768365
3,0.280000,right,4,-0.79348493,0.97872114,0.87775666,1.27825141,-0.22538084,1.19355309,-0.23500048,-0.36341399,-0.76299453,0.41406238,-0.01541874,-0.58521545,0.49884146,-1.31758499,0.83757424,-0.16531630,0.83387983,-0.09653866,0.63945258,0.08350264,-0.40718564,-0.71023214
3,0.284000,right,4,-0.06485510,1.81839395,-1.04217124,0.16485989,0.20368537,-0.07339458,-1.38697541,-1.14236200,0.86326122,-0.53426975,-0.57040471,-0.05175037,0.26922923,0.30860010,0.72766817,-1.15545654,-0.80608350,1.15114093,-0.62547874,1.38493538,-1.80551255,-0.20627402
3,0.288000,right,4,-1.52459705,-1.28567445,-0.12028599,-1.47831273,-0.93191743,0.09652653,0.05627139,-0.89744365,-0.39097786,-0.39538795,1.06247556,0.52310419,0.95095509,0.87753004,1.46219492,-0.54563850,0.36730278,1.27122068,-0.82979995,0.44583231,0.83145803,-1.17001653
3,0.292000,right,4,0.97828335,-1.04951310,-0.26490742,0.37687629,1.26403224,-0.69594932,0.33108056,0.97976720,1.56221592,0.11746089,1.29836881,-0.29590514,1.73426676,0.49660650,0.49994105,0.02728048,0.50481892,-0.75447500,-1.31719828,2.01737761,1.01862442,-0.23609735
3,0.296000,right,4,-1.25132489,1.06946766,-0.15414377,-1.27644873,-3.10206866,-0.41940853,0.85013127,2.54312587,0.09585413,0.78374255,1.36342371,1.39914703,1.10451102,-1.45890164,-0.88830328,-0.09533336,-0.13625567,0.39335570,-0.08760782,1.05632126,1.15225196,2.34689164
3,0.300000,right,4,1.16930795,-1.49182057,0.46177050,0.33996147,-1.22303915,1.49742401,1.18162596,1.19911766,0.96903944,-0.32847598,-0.41848311,-0.14754352,-1.32873917,0.68330771,-0.42014998,0.94379163,-0.82110971,-0.56955183,0.02391323,1.05473197,-3.40273070,-1.45533693
3,0.304000,right,4,0.35911345,-0.59079027,0.88304549,0.07817359,0.07281125,0.64859462,1.70741391,1.56917429,0.91815943,-1.31821871,-0.73186523,-0.76992095,-1.11465216,-1.62241995,-2.71277380,-0.35243303,0.46209145,-1.02411735,1.06391788,0.30578488,-0.38415241,0.49995878
3,0.308000,right,4,0.94693011,-1.46964312,-1.17793775,-0.88358557,0.93322545,1.21895194,0.63018835,-0.33359817,-1.15503669,-0.61966860,-1.37077904,-0.48481512,0.30558234,1.10824502,-1.54910851,-0.70492405,-1.69568408,0.95635134,-1.38248265,-0.34586236,-0.70448118,0.66875607
3,0.312000,right,4,-0.53116637,-0.07485905,0.00825211,0.45385954,0.48564240,-0.36403000,-0.86935300,-1.80360925,2.29308009,-0.37290242,-1.57093596,2.19617844,-0.86400056,-1.30363595,-1.59990013,-0.18981534,1.10878861,0.14387411,0.08761784,0.10949916,-0.09390228,-0.76368856
3,0.316000,right,4,-0.19445878,-1.32483315,0.42455915,-1.24828959,0.53068984,2.13066840,-1.21117306,-0.20920706,0.53369266,0.23377520,-0.55562294,-0.12352008,0.60583687,1.32277822,0.53286201,-1.48488426,-0.44029328,-0.68041629,0.80478305,0.64549345,1.01286554,-1.21980381
3,0.320000,right,4,-0.77156764,-0.52944148,1.82678640,-1.61445463,-1.45109749,-0.74827129,1.38728940,1.19566333,0.59156722,0.47150174,0.18102719,0.21657871,1.18296921,-0.05812939,-1.36784041,1.29495609,-0.14190885,0.13382918,0.16729771,0.98363250,-0.96004373,-0.84157825
3,0.324000,right,4,0.81867945,-2.46883249,-0.73687267,0.05838897,-0.40618581,-0.39938623,2.32760334,0.38946438,0.41359428,-0.92624855,0.76402426,1.04409575,-0.08183321,-0.87198508,0.44926456,0.88978148,-0.61003029,0.04393552,0.63019282,1.38153744,-2.44298029,1.80504346
3,0.328000,right,4,-0.55448794,1.40401351,-0.73410207,-0.32621372,-0.76656914,-0.15826619,0.03200264,0.28962016,0.90166706,-0.78420210,1.00003672,0.47929087,-1.42268622,-0.40912256,0.70491153,-1.32192934,0.55625153,-1.01059842,1.94881427,-0.66526318,1.01140749,-0.39886427
3,0.332000,right,4,0.87115997,0.75060248,1.25544202,1.73478401,0.00999502,-0.42854363,-0.31100959,-0.78130925,-0.67132032,0.66102880,1.12536955,0.08531791,-0.64499366,-0.61102927,-0.59087938,0.45093280,-0.44142187,-0.25110632,0.80497301,0.50995880,-0.22474769,-0.30720738
3,0.336000,right,4,-0.70127815,-0.21889153,-0.83141601,0.77143323,-0.14749348,-0.63480675,0.50079805,0.95646816,-0.60256571,-1.29096353,0.01659123,-0.83391064,-0.42309240,0.02007097,-0.83147573,-0.91182065,-1.02728224,1.97943258,-0.03291661,0.43289334,-1.03856206,1.58302021
3,0.340000,right,4,-0.36332387,-0.27486613,2.17943215,-0.53628153,1.04979575,-0.76361227,-0.05246032,-2.05789471,-1.78514624,-1.24498188,1.05560148,-0.42546496,-0.80187583,-2.12045646,-0.51346314,-1.82368290,-0.05749473,1.59848547,-0.80427504,-0.22622135,0.24701744,-0.00904877
3,0.344000,right,4,1.51855361,-0.21708648,0.82435751,1.56607258,0.67382908,1.47920609,0.28211758,-0.76890796,1.42331302,-0.49129817,-0.75525182,-0.28704476,2.22605610,-0.10278074,-2.72451043,-0.86421859,2.32680202,-0.84882724,-0.09312628,-0.14317097,0.19365099,-0.16445553
3,0.348000,right,4,-0.36324686,-1.16123688,0.20533569,0.04345256,0.76057255,0.13192408,-0.42757326,0.47596210,0.38887915,-0.00299728,0.28572929,0.90564406,0.19721298,-0.22818008,2.64622140,0.53797406,-1.45440686,-0.01155443,1.71326602,-0.84882665,0.57371855,1.35629451
3,0.352000,right,4,0.87810928,0.49213320,0.77173001,1.42617476,-0.02613168,0.03898090,-2.12785506,0.75437629,0.52307218,-0.42457896,-1.20084286,2.16190290,-0.24306858,0.67003125,-0.24327751,1.48996937,0.22254770,-0.37045595,1.16448367,-1.26114690,0.63957942,0.19394225
3,0.356000,right,4,-1.03022921,0.49586201,-1.48358500,-0.20629689,0.44881797,-0.40343809,-1.85632694,0.00452599,-2.10486555,0.30128393,0.82001483,0.64916599,1.26451409,-0.46426553,-0.01175554,-1.22881341,-2.81004095,-0.97870845,-0.06145465,0.08645273,-1.65444767,0.47977880
3,0.360000,right,4,-1.03799617,0.78368461,-1.78275728,0.96440417,-0.08189951,-0.59325182,-0.71948689,0.42168429,0.13349816,-0.09368173,0.52808130,0.14373204,1.75151169,0.41562510,-0.48878941,1.12267077,-0.17292412,0.37698460,0.58694589,-0.73289078,0.24786179,-2.06236720
3,0.364000,right,4,0.51857758,0.39585590,0.27692118,-1.07767844,1.18981433,-1.69811308,-0.01611945,-0.45668682,0.65373296,0.83687884,-1.12926781,-0.97711205,0.06381648,0.02774793,0.64275146,0.41129369,-1.46465099,-1.25822592,-0.38363159,1.18081260,1.23585892,0.76432192
3,0.368000,right,4,-0.32999131,-0.29575360,1.23535848,1.22732258,-1.15636837,0.75529855,-0.62060481,-0.75456291,-2.90634751,0.14166965,0.07399774,-0.56657171,-2.91142893,-0.13187481,-0.78679633,0.60014337,-0.12962827,0.01684067,-1.83782578,0.08105861,0.57107908,0.31567892
3,0.372000,right,4,-0.03973237,-0.83752984,-0.74000883,-1.10991228,-0.69395304,-0.72648472,-1.14341497,1.29559040,-0.60794264,1.00941622,1.01891804,-3.72453403,-1.73070788,0.22366501,-1.52460396,-1.11038566,1.13331556,-1.40343070,2.02342415,1.57915497,1.66022480,1.60049510
3,0.376000,right,4,-0.40197840,0.40837201,-1.06194448,0.32236359,-1.71799684,-0.63708717,0.88081920,0.54491919,-0.40558141,-1.95812750,-0.68080425,-0.42869896,-0.50009364,-1.14259171,1.01045275,0.95268577,-0.53112131,1.85254264,0.71145129,1.89504397,-0.04417284,0.11817186
3,0.380000,right,4,1.47655523,1.94128704,-0.89270890,1.35404730,-0.03593811,0.76784629,-0.78919959,-1.27563906,0.43697563,-1.14770532,0.07842912,-0.41300192,-0.92854708,-0.31725693,-0.47971427,-0.05193443,0.46032733,0.18256040,-1.38717330,1.35799849,-1.19819593,-1.22549617
3,0.384000,right,4,-0.07359809,-0.35453486,-1.01017022,1.38443995,0.60306430,0.34274340,-0.19163960,1.14364612,-1.04027057,-0.61903822,-2.57098341,0.04429396,-0.55694264,-0.55609006,0.87175226,1.14144433,-0.60709357,0.89125901,0.74098951,-0.71342289,0.19684482,-0.54748714
3,0.388000,right,4,-0.80673403,0.57854682,1.66633368,-0.30281571,0.23568636,-0.06563073,0.31305248,0.48347381,0.64555192,-0.58065683,0.88039374,1.42341828,-0.75300628,-0.69302177,-0.47599927,0.03547704,-0.28107941,0.44575608,2.10090518,-1.94994748,0.27984729,-0.13259564
3,0.392000,right,4,0.81550968,1.21981943,-1.01901507,0.21958238,-1.34118235,0.92985308,-1.83322382,0.19017455,-0.93744940,0.42132127,0.03836556,0.86893749,0.03027255,-0.42450565,0.34400234,-0.56883818,-0.10305789,-1.13448906,-1.38279486,0.89244533,-0.29664302,1.94586706
3,0.396000,right,4,0.92304957,0.34046507,0.64775920,-0.28279161,-0.85383105,-0.29067567,1.00317752,-0.19324560,-0.92323154,-1.06684601,-0.52958304,0.00220147,-0.19600487,0.00742885,-0.05659760,-0.87087262,-0.15454465,-0.79826933,-0.80202967,-0.02808589,1.46711266,-0.32838425
3,0.400000,right,4,-0.26515901,1.48119938,-0.14864758,1.75333977,0.77584082,0.40203351,0.38749447,-0.41855398,0.63805795,0.23844600,1.79196084,0.85272455,-0.31312868,-1.92625785,0.63363165,1.14186168,0.15473434,-0.14374533,0.24198443,2.26616788,0.07999508,-0.76085407
3,0.404000,right,4,-0.48912168,1.94543028,-1.05506086,0.76169914,-0.51048094,-0.58138645,0.13189761,0.45878401,-1.33696246,-0.06694020,0.59458882,-1.44338608,0.86896104,0.09149960,-0.30158880,-0.72070849,1.03191257,-1.56760132,-0.68442988,-1.70090377,-0.13287951,-0.32757270
3,0.408000,right,4,-1.07378972,-1.83618879,0.49588770,0.11093627,1.62717271,-0.29878142,1.14268136,0.58879566,-1.76220512,1.05298769,-0.09710091,-2.20437312,1.13355422,0.13352506,0.20375912,-1.07676899,-0.16191565,-0.41831887,0.52293211,-0.26365691,-0.93391484,1.12211108
3,0.412000,right,4,-1.37874866,-0.83811957,1.10939908,-1.51511300,0.44923645,-1.08557761,0.15103865,1.37693930,0.62316746,-0.56695038,-0.28016087,0.10677527,1.51926541,-1.36524379,-0.96145338,0.38992152,-1.00048804,-0.97239244,0.89838850,-0.81957656,0.12659609,-0.85167050
3,0.416000,right,4,0.38672823,-0.61207837,-0.64200991,0.97400838,-0.59554952,0.84878111,-1.58458304,-0.73609418,1.83321607,-0.08896114,1.10146558,-0.25151592,0.00415064,0.55368829,-0.00847908,0.22249722,-2.67157531,-1.25354016,-0.01519501,0.29441470,1.56615961,-1.05340886
3,0.420000,right,4,1.15759397,0.21226937,1.61531591,0.68964088,0.45262510,0.55556983,1.00809634,-0.07175261,-0.87252724,-0.33846748,-0.79315180,-2.09358478,0.99327970,1.12680256,0.03109761,0.29495478,1.10131896,0.72450137,0.82881117,0.52814734,-1.68368268,0.25255138
3,0.424000,right,4,0.21070898,-0.77918011,-0.51887882,1.29408264,-0.31270862,0.12108262,0.32618082,-0.02658015,-1.14661682,-0.68668550,0.27879912,-0.07554494,1.51259696,1.29877865,0.14469466,-0.17433518,0.01874721,-1.58914518,-0.37061429,-1.52326059,-0.17094178,-0.82201076
3,0.428000,right,4,-0.74935275,0.17158954,0.65586168,1.49285972,-0.93722254,0.26653609,1.22370243,2.45116472,-0.04525725,-0.65975034,-0.38546488,0.56264484,-0.31868818,-1.26672220,-0.38447830,-0.53781307,0.18604538,1.18482077,-0.76313496,0.75394356,-1.94215155,0.07583003
3,0.432000,right,4,1.56469798,-1.52089405,-0.70610172,0.58081436,0.42681453,1.19440627,0.37265679,-0.50441217,-0.81098878,2.28254271,1.94640350,-1.15968657,-1.08574724,-1.00622785,1.51363027,-0.65644211,0.34843585,0.21160111,0.96065539,1.08463359,1.09436405,1.08620441
3,0.436000,right,4,0.69451410,-0.02840227,-0.63924080,-0.19162472,-1.55532610,-1.03667033,0.18276019,0.87284851,1.20302165,-0.26140982,-1.48486829,-0.27708077,-0.15772310,-1.86271429,0.92105550,1.62085068,-0.04120059,2.17408442,-1.02664280,-1.91990840,-2.35855603,0.26896721
3,0.440000,right,4,0.33402476,-0.94606799,-0.76251447,0.71420157,-1.61319518,0.23876505,-1.51004016,0.23337866,0.69709039,-1.63361228,-1.33114862,0.86301410,-0.95023358,0.07613347,0.28261751,-0.98780382,1.30072582,-0.41314429,0.25956041,-0.59035361,0.43984482,1.22139764
3,0.444000,right,4,-0.92656189,0.35180616,-2.21094990,-0.39178848,0.41391706,-1.78497219,0.77221239,-1.65275586,1.49439692,0.40736368,1.40946412,-1.70972860,-1.08947074,1.10414422,-1.51614475,0.32947844,-0.09578446,1.81113112,-0.12995388,0.33383867,0.12115418,-0.41527313
3,0.448000,right,4,0.67262292,0.24923673,0.77872449,-1.22419488,-1.02950203,0.97746289,0.37058434,0.47476211,-0.36512470,0.84434873,1.10909617,0.81286013,-0.66779816,0.33086142,0.59602892,-0.00680004,-1.02907825,1.18886817,-1.24982178,2.51399207,-0.80482113,0.62878984
3,0.452000,right,4,0.65315574,0.66294980,-1.18933928,-0.47596800,0.00559515,1.56874561,0.65043056,1.18614864,1.39319527,-0.82925683,-0.97092342,0.86840498,0.90599942,1.44603479,1.25611949,0.42650935,-0.38260686,0.15648393,-0.43025184,-3.03721571,1.11848295,1.35008454
3,0.456000,right,4,0.17430885,-2.25027061,0.55598718,1.17879689,-0.59403455,-0.11970603,0.11160075,0.70956665,-0.07265371,-0.04804174,1.45896244,0.52358639,1.49974358,0.70146632,-0.56357509,-0.46422929,-1.23391473,-0.62735498,-0.08183230,-0.23189400,-0.48531631,0.91468900
3,0.460000,right,4,0.06069030,-0.78207242,0.94188249,0.04240699,-0.09442433,0.84335911,-0.63666075,0.41776079,0.03551642,1.72718072,-1.40714753,-0.09812488,0.44949776,-0.22646935,-0.47855246,-0.05371344,-1.28634775,0.61957955,1.88584697,0.24215484,0.28252769,-2.56387496
3,0.464000,right,4,0.26801035,-1.36219680,0.62709194,-0.46145827,-1.71115506,0.75268000,-0.72797114,-2.88101792,-0.10528582,-1.19468713,-1.88987768,-0.78025115,0.17523889,0.50063860,1.12487984,1.20269477,0.53339171,-0.34037831,-0.97498906,1.12187767,-1.31073356,0.74012095
3,0.468000,right,4,0.32312256,-0.31033778,-1.17294681,-0.31626362,1.08333504,1.55913472,0.08281682,-0.07914978,-1.71968591,-0.78985494,-0.91192728,-0.61616391,1.44782805,0.11192842,0.13655017,0.40629393,0.56563950,-0.32686132,-0.39297751,-0.62294096,1.27607560,-1.65731752
3,0.472000,right,4,0.76185519,1.07095945,0.81333178,1.59118629,-0.20214888,0.11659194,0.21432933,-2.44637299,0.05474503,0.07506908,-0.19247904,0.29816210,0.15443368,-0.95663869,0.75915253,1.05774212,-0.25868937,-0.00680787,-1.12214828,-0.82806569,0.29940569,1.26652098
3,0.476000,right,4,0.93016404,-1.16760230,-0.65315598,1.75034678,0.11032542,-0.28876978,-0.15208872,0.84975892,-1.00691867,-0.38106143,0.08897231,0.15181115,-0.71875077,0.16068383,-1.79299331,-0.56131315,0.66908407,0.81466413,1.44105935,-0.83285898,0.88754922,1.40264452
3,0.480000,right,4,0.41779679,-0.13313101,-1.00606906,0.07614177,-0.58271813,-0.53145349,-0.78126371,1.79942667,0.56185758,0.69133610,-0.05521338,-0.73966777,0.66964191,2.38294601,-1.57481349,0.47626925,0.59817541,-0.87580729,0.18061747,-1.57702482,0.02675843,0.78293872
3,0.484000,right,4,-0.49227524,0.12464308,-1.22726822,-0.01022237,-0.24665610,-0.64371586,-0.44909528,0.45814350,-0.99899006,-0.72312617,-0.19914567,0.02556152,1.49318278,-0.66793501,-0.47333908,1.70043218,0.96489781,1.15337741,-1.39513373,1.74334812,0.99245876,-1.08092856
3,0.488000,right,4,-0.23167849,1.62109017,-0.92530644,-1.57755733,1.12674522,0.29865766,-1.49997199,-1.71319020,0.02062554,-0.86332917,0.21724023,1.47244418,0.49032894,0.24818386,1.13663614,0.27303511,1.92822599,-0.42363667,0.75752968,0.78232187,0.34877342,0.34577793
3,0.492000,right,4,-0.09225737,-0.73849529,-0.50631464,1.42852890,-0.87286973,2.00408435,-0.97829431,-0.54684418,-0.16587961,-0.87958890,1.05332088,0.10337529,-0.12715404,1.21912920,-0.67978495,-0.62442493,-0.30889764,1.02885604,-0.36300731,0.56333816,-0.61149937,-1.08324564
3,0.496000,right,4,0.52303928,0.94486189,-0.54514694,2.05028629,0.03327324,1.20797431,0.32727078,-1.35493505,0.45686430,-0.49983388,0.16663937,0.69507551,0.26695383,1.17740595,0.05065724,-0.78017128,0.03891654,-0.51374453,0.54403645,0.96037930,0.76095879,-0.34181228
3,0.500000,right,4,0.57743633,1.75129378,-0.78975075,1.15252841,1.62592471,0.01964330,0.16814825,-0.24138153,-1.00800812,0.65889275,0.72120404,0.69793963,-0.77972335,-1.80702019,-1.70824051,0.11243320,-2.09242368,-0.58206910,0.15294892,1.42817008,0.08347910,0.15593119
3,0.504000,right,4,-0.86789596,-1.03754616,-0.18629295,0.76187521,0.75884223,0.06688531,0.10623842,-0.26891822,-0.03474828,0.46847066,0.15789169,0.80048132,-0.03455083,1.07717550,-0.27453041,0.71724075,-2.00502920,-2.21266913,-1.38671565,-2.09958196,0.83793926,-0.72171855
3,0.508000,right,4,-0.40121317,0.94297570,0.71943933,-0.91900086,-0.23439376,2.18452358,-1.40455782,-1.05719995,2.63795757,0.79251802,0.29503930,-0.00204333,0.99531263,-2.51614857,0.63422602,1.00144601,-0.81115830,0.29494444,-0.69286317,1.23250544,-0.15310535,-0.85363626
3,0.512000,right,4,0.99723893,-0.13216907,0.59313834,0.38176838,0.44874257,0.30454645,0.26105145,1.77156460,0.03212197,-0.47584248,2.20141339,0.66810203,0.60280418,-0.44225702,0.08543172,1.36211479,0.38553375,0.74441898,-0.12752362,-0.25361729,0.98671204,-1.85704815
3,0.516000,right,4,-1.17437732,1.21296549,0.55508310,-0.65612608,0.77340621,0.27370697,-0.87886524,0.89151055,1.07042241,1.45315552,-0.99059421,0.64996862,-1.18151796,0.46880016,0.02069429,-0.84966320,-0.27551857,-0.91794389,0.91954792,-0.87999111,-2.04282570,0.57362783
3,0.520000,right,4,1.48446178,0.24855646,-0.41796064,-0.22930618,-0.41862407,0.45421633,0.51087099,-0.21812311,1.95821464,-0.06437679,-0.49783841,-0.32606977,-1.17652750,-0.45714849,-0.71294415,1.19078338,-1.59645116,-2.04378867,0.43913686,-1.48292542,-0.15165301,1.48079956
3,0.524000,right,4,0.27285308,-1.09852505,-0.50962561,0.45213243,-1.60250413,0.07956915,1.58129144,1.35970378,-0.63216734,0.03511444,0.94704616,-0.86205184,0.56306529,-1.37361896,-0.56110120,-0.12621827,-0.16734904,-0.46612635,-0.26493984,0.75207478,-2.24811745,0.94072521
3,0.528000,right,4,1.25142598,0.14038719,-0.01117569,-0.13210081,1.60674524,0.59049356,1.73129892,-0.14304499,-1.45367873,0.92360753,-1.03042078,-0.43638977,1.34513736,1.18434203,-0.71272731,1.59442568,0.62076485,0.95841777,1.06088173,-1.20953524,0.12125204,-1.08490217
3,0.532000,right,4,-1.80079770,1.16913390,-0.22313234,-0.66933113,-1.20619690,-0.13157661,0.71403122,-1.29658437,-0.75821191,0.08446472,0.37204844,0.40163335,0.50083905,-0.28525999,1.44876087,-0.25907981,0.74820656,1.17262864,-0.06840350,0.40900797,-1.04142058,-0.75930327
3,0.536000,right,4,0.94767439,1.42410028,0.33370164,0.87070513,-1.02586746,0.53173417,-0.30662578,0.49770451,1.54215932,-0.14895770,1.88119805,-1.89150345,-0.76087314,-1.95788264,0.95390350,0.33091205,1.86600888,0.73019981,-1.17567170,-0.66859865,0.93935865,-1.43948126
3,0.540000,right,4,0.62799662,1.40220201,-0.92404890,-1.12228739,-0.66795933,-0.81754875,-1.12858367,0.43263578,1.56878781,-0.15534234,-0.00666728,0.03129252,1.58288991,-2.55269504,1.03683972,-0.56246907,0.49625197,0.86899972,-0.83928847,1.89393818,-1.49216378,-1.05129027
3,0.544000,right,4,-0.01153712,-0.25580755,-1.06932461,-0.92969966,-0.15457782,-0.99900711,-0.97817963,-1.00358415,-0.94735920,0.33153424,0.73008376,-0.20927659,-0.73381436,-0.93764317,1.41157007,-1.50070977,-1.07241809,0.46949455,1.40155828,-0.93204904,0.10032219,0.10747137
3,0.548000,right,4,-1.16464603,-0.78563422,1.38449502,-1.17206383,3.13609076,0.51627225,1.91705823,-0.14867097,0.91865647,-1.80899763,1.72237372,1.52964354,-0.21323124,0.46100584,-0.69913214,-0.91675448,0.55469847,-0.43583718,1.22065842,-1.99171281,-0.78715020,-0.43379560
3,0.552000,right,4,0.08014590,-0.20506209,0.49619544,0.51581168,0.39258915,0.42607054,1.90607595,0.19037099,-0.08711565,0.50684923,-0.60632616,0.43659523,0.00906478,-0.15587358,1.92780185,0.03858396,-0.63951319,0.20984899,0.27579173,-0.43223634,1.02666676,-0.62948138
3,0.556000,right,4,-1.72472918,-0.11161207,-0.96317255,-0.46521693,1.00444627,1.35269499,0.39753670,-0.01576456,0.12074929,1.46304882,-1.84051847,-0.45034859,1.18095458,1.76219463,-0.91135365,-0.85658532,0.77290720,-1.42515457,0.13081792,-2.00941801,-1.96404147,-0.41297895
3,0.560000,right,4,-1.36776066,-0.10775244,0.24018720,0.74757600,-2.27139139,0.03450980,1.20887196,-0.30493519,0.08555402,-1.79739594,0.53439927,-0.36615920,0.68182683,0.81443357,-1.78779531,-0.53242648,0.97698438,1.22099090,-1.46187901,-1.13307726,-0.38815510,-0.34113646
3,0.564000,right,4,0.15881339,-0.15389454,-0.88532209,-0.59408456,-0.32690191,0.64609939,-1.98526704,1.41390467,2.14578676,0.81074554,-0.44508916,-0.70021242,2.07821584,-0.80001694,-0.23200545,1.57362533,-1.02923346,-0.70691323,0.11729516,0.76413602,0.95843536,-0.47792771
3,0.568000,right,4,0.66776425,-1.03096950,-1.03928137,0.69283861,-1.59164214,0.54708505,2.14611268,0.31298885,1.49532008,0.92521608,-1.44395685,-0.52606797,0.67408210,-0.47530881,-0.02005739,-1.44685984,-0.24618153,0.22741403,-0.39965403,-2.61113620,1.72763693,-1.28789806
3,0.572000,right,4,0.08795249,0.19028746,-0.18398282,0.29267120,-0.12069696,0.52644181,0.17897362,0.51083905,0.52779901,0.23476939,0.38665885,-1.01660657,-0.70692515,-0.78258306,-2.00743437,0.01415606,0.25304931,-0.10346442,-0.77404433,-1.51982033,0.22070998,-0.03962041
3,0.576000,right,4,1.84116066,0.26994967,-0.56072676,0.09922102,0.23443031,1.04930711,0.07494356,0.69245881,-1.55447841,-0.46886346,-2.08781576,-0.15955208,0.13969921,-0.57241821,-0.76981980,0.59683114,-0.91870230,0.02559277,0.29180649,0.11036330,-0.04502916,1.04819930
3,0.580000,right,4,0.93082196,-1.42497456,1.45164347,-0.38323611,-0.68233699,0.17094599,0.75404048,-1.89728093,-1.03855276,-0.38883138,0.01799282,0.77196324,-0.78100157,0.13875994,0.97999924,-1.71779454,1.08095145,0.05395005,1.64940083,-1.06092358,1.34244609,-0.96639901
3,0.584000,right,4,1.30395555,-0.68242157,-0.13168630,0.93349093,-0.64043462,1.42892730,1.76291037,-1.84393764,1.78346837,0.45627469,-0.38076565,1.54473388,-0.57518268,-0.59067440,-0.15707208,-0.92826146,-0.23378275,0.17536563,0.48411047,0.38900489,0.25004196,-0.18040355
3,0.588000,right,4,0.46815297,-0.25644934,-0.31415609,-2.72413564,0.94404370,1.21929085,0.68660402,-0.13237755,-1.09539521,-0.27031964,0.90404344,-1.05973172,0.21671718,-0.53783882,1.10172880,-0.60801929,-0.34223112,-1.31774712,-1.40678644,-1.12598372,-0.50826919,-0.85909152
3,0.592000,right,4,-1.00035810,1.50865209,-2.14303660,-1.90023577,1.36770105,-0.53145349,-1.21117187,-0.11753298,0.01653133,-0.15034109,-1.55993593,0.09918020,0.21254694,0.17914003,-0.52782929,-0.02692799,0.79676896,-0.24984045,-0.89138013,1.74550724,-0.87071979,-2.37185335
3,0.596000,right,4,1.05193162,-0.05185284,0.16857681,-0.19508414,-1.18432605,0.67582184,0.15188646,2.09385347,0.81091875,1.18914688,0.70296073,-0.07164404,0.12227800,0.15906692,1.16225493,0.77995068,0.36645567,-0.12359480,-1.83329546,-0.13975896,0.23122922,1.32383072
3,0.600000,right,4,-0.44802660,-0.77450466,-1.61601782,-0.57761055,1.00664473,0.88269138,1.02460527,0.07361384,-0.52055067,-0.25729761,-0.83001232,1.27217281,0.58613020,0.33713984,-0.09110709,0.71255636,-0.57713187,-0.04764520,-0.78624469,1.28961885,-0.64533740,1.66231716
3,0.604000,right,4,-0.17970362,0.69296724,-0.46753636,0.67295283,0.53745306,0.97707641,1.04341924,-0.49924594,0.48264551,-2.08071303,1.50505042,0.20973000,1.63046455,-0.54680771,0.95757979,-0.63463724,2.04711843,0.26679912,0.76567513,0.22399469,0.31284130,-1.53755987
3,0.608000,right,4,0.15976268,-0.19025682,1.54724085,-1.11355770,1.11771941,0.47492489,1.57051349,2.11779833,0.30810863,-1.37158298,-0.98375958,-0.71803558,-0.74086732,-0.32865590,0.70653713,0.72926712,-1.33190298,1.17850745,0.16130354,0.08411092,-0.01278696,0.54500180
3,0.612000,right,4,-0.77320379,1.21120346,-0.59134334,1.36689234,0.10887302,2.13549876,-0.69072902,-1.51473403,-1.66267037,1.42298055,-1.05682361,-0.79071760,-0.98342687,0.89126396,-0.32867664,0.31413302,-0.17779624,-0.39447191,-0.44797215,2.50880575,-0.78786176,-0.61927187
3,0.616000,right,4,-1.24113369,1.33472610,-1.09100640,-2.29417300,-0.15216728,-0.68777210,-1.99772549,-1.05257785,-0.93585020,-0.17900503,-1.45855010,-0.85850906,1.21032250,0.67560375,1.39402926,-0.42537352,-1.00373971,0.90377414,2.49276638,1.56656539,1.00102508,0.10191545
3,0.620000,right,4,-2.11700749,1.02188087,-0.07403408,-1.15668964,-1.14671731,-0.07628943,-0.48596701,1.91659439,-2.51784849,-0.24110821,-0.24068354,1.06616771,0.16212004,0.54568362,0.76313716,-1.07100284,0.31653178,1.46587563,0.46771765,0.46722615,-1.32403803,-1.60095060
3,0.624000,right,4,0.74395132,-0.39194208,-0.51337457,-0.71928602,-0.32283431,1.05602205,-0.81496191,-0.10141862,0.38804820,0.45504186,-0.28062665,0.52632052,0.34695169,-1.18776500,0.87364817,-0.51133472,0.67000532,-1.83329690,-0.63332295,-0.14474204,-0.16234793,0.19904657
3,0.628000,right,4,-0.15263295,-0.93818784,-1.57347727,-0.05031604,0.27193922,0.30799687,-0.09518979,1.35029292,0.11138947,-0.39523453,0.80098873,0.70471179,0.97891158,-0.48789948,-0.73646903,-0.28674465,-1.29781914,-0.20817073,-2.83834291,0.40448532,-0.27643618,0.36566967
3,0.632000,right,4,0.71040058,-0.40313438,-0.57765907,0.69363129,-0.44431591,-0.53420246,0.85846120,0.18485458,0.41462538,0.75473547,-0.40057543,1.14759803,-1.34394014,-0.01515584,1.24553263,1.91620231,-1.11178887,0.59822351,0.08807375,-0.70567113,2.67847538,0.26999211
3,0.636000,right,4,-1.05442643,-0.51293808,0.92289370,1.42045176,-2.21617293,-0.54079467,-2.76857090,-0.56712765,-1.11617601,0.06807251,-0.84071654,-0.38609689,1.23766494,0.45214257,0.47675136,-0.68898982,-0.30271381,0.70923662,-0.66930366,0.04086982,0.98365998,-0.92072290
3,0.640000,right,4,0.36652809,-0.30545032,1.73679721,1.37547326,1.25080478,-2.31878519,0.04965336,0.00705803,-0.65221864,0.10950384,1.33505774,-0.38029799,1.36983013,0.81772250,0.90092772,-0.42154974,0.74293083,0.14839727,-0.91244996,-0.77866226,0.27349225,0.49316499
3,0.644000,right,4,-1.51161122,0.45468181,-0.30171585,-1.22633290,0.62070334,-0.07144727,0.90630168,-1.93750036,-1.48697400,-0.02142974,-0.82710886,-1.51710784,-1.69585216,-0.98577446,-0.78492463,0.27888906,-0.43307436,0.46204603,-0.83525479,-0.54029059,-0.78265530,0.34502134
3,0.648000,right,4,-2.07568717,-1.54085660,-1.37579107,0.17536853,-1.47303104,-1.33438158,0.07007066,-1.13909101,0.78359395,0.86736631,0.58885425,-0.65577608,2.54766321,0.83495736,1.44321990,1.28385389,0.17941874,-0.22514424,-0.31167626,0.50743705,-1.79666495,-0.92929989
3,0.652000,right,4,-0.77842826,1.07399225,0.89037961,-0.08499644,1.37981534,-2.08995175,0.04459571,0.81736642,0.24354547,1.56811094,0.41461211,1.47708464,-0.96773291,-0.65449196,-0.09614397,-1.81048501,1.36617327,0.94202751,-0.75770152,0.68778795,0.53475302,0.27488273
3,0.656000,right,4,0.10643797,0.35767612,-0.62528682,-1.64437151,0.12490788,-0.53428900,1.37462831,-0.35973054,1.98478663,-1.07098436,-0.23164192,2.35861588,-0.02531198,0.95426607,0.94580030,0.05539743,1.11223066,-1.41466594,2.18862510,-0.51790261,-1.12568915,-0.87907344
3,0.660000,right,4,-2.26668382,-0.71017021,0.18347752,-1.68865943,-1.03486931,-1.20788944,-0.30983254,-0.14715524,-2.00071621,-0.13780236,0.82034206,1.39600086,-0.82716316,0.85761893,0.14860573,0.18537034,-0.62593704,0.19105701,-0.35326013,-0.04048857,0.54678571,1.11561096
3,0.664000,right,4,0.19114475,0.66211808,1.06326139,-1.19507313,0.37366688,0.86261755,-0.65357792,-1.86133075,0.55868614,0.17100430,0.92658806,-0.47485146,0.71912378,0.03060518,-1.00758290,0.16097611,-0.56503308,0.62556344,0.38637117,-0.24559835,1.89208138,-0.42043161
3,0.668000,right,4,0.23034944,0.80207384,-1.43308687,-0.78865772,-0.09721226,-0.70902908,0.90589845,1.29171288,0.32299092,-0.23373708,-0.46771348,-1.01446903,1.20843279,-0.85011077,0.77452761,-0.78427750,-1.60564923,1.47171056,-0.80691326,-0.21459755,-0.78990501,0.00100579
3,0.672000,right,4,1.56428933,-1.00873840,0.34913641,0.76914144,0.15325771,-0.93149787,1.23977160,-0.48920763,-0.96696013,0.75864577,-0.72351640,1.60835743,-0.16495365,0.66132134,0.94223684,0.56048006,-0.13785955,0.84643251,0.51979572,-1.36345398,1.57625806,-0.30919585
3,0.676000,right,4,1.36227262,2.27427053,0.44580120,-0.65466863,-1.05535984,0.67551708,1.59790146,-0.55570775,-0.58418429,0.98125124,-0.92021716,-0.80859941,-0.09413530,0.34006646,-1.40186226,1.22636640,-0.59654939,0.87112552,-1.12216556,-0.18226552,-0.02018051,0.10565717
3,0.680000,right,4,-0.13553280,0.64236563,-1.11741197,-0.60885775,-0.48501688,-0.85538161,0.76036686,-0.04914459,1.30776274,-0.76825649,0.61732632,-0.69033206,0.55360442,-0.31332979,-0.31212059,2.16579008,0.03129309,-0.94073570,-1.33373380,0.42956942,-0.83561307,-0.37117657
3,0.684000,right,4,-1.04073822,0.54142052,1.48153305,-1.56095695,0.27587625,-0.33331448,-1.13188565,-0.39061022,0.10843173,1.42399299,-0.45442888,0.07724415,-2.02785039,0.22956231,0.52227521,0.46153536,2.36442685,-0.47499621,-0.65623999,-1.80731678,-0.24900818,0.96651512
3,0.688000,right,4,1.04884934,-1.42615676,-0.32662132,0.71904033,0.98273122,-2.20146775,1.08011186,0.26366958,0.11980528,-1.25220525,-0.10611176,-0.53306466,0.27353066,0.98481500,-0.07680806,1.33730435,1.45632005,1.00928748,-0.93017375,-0.28586119,-0.09162433,-0.63757962
3,0.692000,right,4,0.35999855,-0.66974539,-1.39729035,-0.36318129,0.52973163,-0.33391705,1.47471058,0.86078769,0.85628045,0.88913345,-0.94691563,-0.25364518,-0.43538162,-0.32721522,0.57219660,-0.06254834,-0.19403835,0.01603193,0.80236721,0.98483300,-0.23805186,0.28670093
3,0.696000,right,4,-1.01663649,-0.97630298,2.06957746,-0.56219059,0.24342823,-0.60958529,-2.23606086,1.49603319,-0.45159557,2.08652449,0.10425258,-1.17556870,0.38542643,-1.80767393,-1.23876297,0.67311972,-1.77086449,-0.84349263,-0.09262492,-1.82646477,-1.00965893,-0.05103950
3,0.700000,right,4,-0.89443880,3.38726330,0.01615625,-0.21019046,-0.64809328,1.36298990,-0.08725440,-0.87851530,-0.51004189,-1.13412762,-0.69491827,-0.18860739,0.10664527,-1.28704572,-0.34916514,0.44501090,0.89031011,0.39323533,-0.44925752,0.62489903,-0.70396006,0.23261386
3,0.704000,right,4,-0.89280027,0.59946692,1.13218796,0.02704988,2.18298745,0.84047204,0.00178885,-1.02885807,-0.01086256,0.25650430,-0.77812642,0.51976907,0.44156069,-1.11415613,-1.08104384,1.71530068,0.40675032,-0.19551940,-0.08644827,-1.18192983,-0.24644780,-0.72408247
3,0.708000,right,4,0.98790735,-0.14515781,-1.07703531,0.79834694,-0.86648351,1.41807485,-0.18593709,1.07700765,0.36144644,-0.27030781,-0.63648349,-1.38842869,1.27577364,-0.26559860,0.62893152,-0.83900779,1.71732211,-1.44160104,-0.50054061,-0.95611113,-0.56574184,1.83961880
3,0.712000,right,4,-0.48207617,-0.29009876,-0.38224405,0.29020384,-0.70894772,0.31110558,0.78120333,1.06860673,0.13465059,-1.04428899,-0.50564951,-1.40566015,-0.56964791,-1.18283105,0.10984427,-0.12217709,-0.38144064,0.94156146,-0.29688379,0.85634583,-0.22410081,0.81115067
3,0.716000,right,4,-0.98677164,0.60083306,-1.69990718,2.30684566,-0.58385706,0.94209677,1.94531453,-2.76245594,1.99644172,-2.34298062,0.27618137,-0.56997329,-1.62288654,1.00195420,-0.48596308,2.05020452,0.94795722,1.77026689,-0.51116610,-0.32818982,0.09462941,-1.74846900
3,0.720000,right,4,0.97762769,0.60736299,-0.76649410,0.20478088,0.32937083,1.23827553,-1.54053581,-0.46230322,1.32022679,0.62950093,-0.67713749,-0.70546395,0.61785173,1.87200248,-0.66418904,-1.15319288,-0.13851945,0.17551418,-1.61352766,-0.78622293,-1.13553751,0.18505682
3,0.724000,right,4,0.03600208,0.77262968,-0.43580517,1.76585853,0.16066782,2.61564445,-0.27581808,0.72395831,-0.15938017,-0.54404777,-0.17656167,0.07412372,-1.31857705,1.21799493,-1.28659236,1.16011918,-1.09556925,-0.49852416,0.34013635,0.76082152,-1.47337604,0.14216143
3,0.728000,right,4,1.85754824,-0.58562165,-0.26808316,1.60416818,0.06434827,-0.82140303,0.73565120,-0.32075140,0.25391224,-2.47964597,-0.10860846,0.55094349,-0.84901589,-0.37015182,-1.51368392,0.75072372,1.50894773,1.35445178,1.59239769,-1.27484643,0.08281235,0.49616814
3,0.732000,right,4,-0.01278907,-0.35784504,-0.91367698,-1.97885394,-0.37424901,-0.39499196,-0.44996145,-0.04955318,0.75922018,1.49587607,0.47891024,1.47865283,0.03728472,1.05995762,0.51908213,-1.27754676,-0.05378758,0.16472815,-0.31517953,-1.65509987,-0.11511484,0.26202300
3,0.736000,right,4,-0.22346911,1.06773007,-1.24526525,-0.60140717,-0.04328036,1.35271370,0.22470635,-0.58958769,0.89169812,0.38795999,-0.22045064,-1.19469380,-0.68508178,1.54077411,0.13542148,0.10251644,-1.11918521,-0.04023771,1.61915052,-0.86617410,-0.03845578,0.39728761
3,0.740000,right,4,0.13321902,-0.92281377,0.91648722,-1.43972862,0.35703138,0.29252803,1.61528802,0.08757491,0.45833883,1.18721318,0.14566138,-1.20863056,-1.67825496,-1.32044590,-0.49355495,0.55830568,1.09974146,0.94205660,-0.69271970,1.21608901,0.43407834,-0.63730681
3,0.744000,right,4,0.87121755,-0.95145267,1.58231163,-0.56915414,0.96276689,0.24679768,0.58825427,0.76262432,-0.73560375,-0.34459609,0.44367975,-0.64342916,-1.46957064,0.29022014,-0.03764495,-0.01289015,2.41161013,-0.02666815,1.14543533,-0.30356109,0.99341172,-0.00780152
3,0.748000,right,4,-1.33329797,-0.70082784,-0.13786265,-1.60567844,0.30571729,-0.27888703,-0.69534218,-0.74354511,0.15819962,1.81206512,2.23606825,2.33179975,-0.27376264,0.28048041,0.93608397,0.66036952,0.92320305,0.46633676,-0.70464760,-0.28219202,0.50600815,0.34221268
3,0.752000,right,4,1.54351270,-1.29950833,0.97795796,-1.17907631,0.36986575,0.45188978,0.18596776,0.63786453,0.82593495,-1.01629341,-0.49538642,-0.53858268,0.73280859,0.01433873,-0.34428656,-0.41183698,-0.81263280,-0.43904451,-1.21776247,1.27394557,-0.68902743,-0.11192136
3,0.756000,right,4,-1.12553120,0.30697727,1.83956110,-0.64543271,-0.18417139,0.59568059,-0.97015029,0.37829423,-0.60244912,1.48784053,0.09488183,-2.85350132,0.43044895,1.22377884,0.58162189,-0.34208128,0.09961218,-1.30936956,-0.95386338,0.53243816,0.87812299,0.40501967
3,0.760000,right,4,0.56435782,-0.38164538,0.66951472,0.80054832,-1.85488057,-1.43371332,0.44378126,-0.61563516,-1.83478582,0.44515342,-0.80617213,1.06133401,-0.12697990,0.69622636,-0.21465357,-0.43714738,-0.62035996,0.43557161,-0.27445161,-0.53114927,1.36309421,1.52036572
3,0.764000,right,4,0.02677532,-0.24552011,-0.53210503,0.12769115,-0.00929132,1.32424736,-0.16587909,-0.18744245,0.30476940,-0.43045127,-0.23147652,-0.35393298,-0.20920166,2.41970468,0.79155421,0.67659372,-0.55317020,0.26373231,-0.18175600,1.14045167,1.05949748,-0.39998865
3,0.768000,right,4,-2.59448957,1.74816990,0.49520946,-0.72388339,-0.42285609,-0.85470980,-0.50391638,-0.08472544,0.32985067,0.63166142,0.51779276,0.28650749,-0.17650363,0.70733613,0.79552120,0.86446208,0.20216990,1.70582187,-1.43720722,-0.09967072,2.43665814,0.25289363
3,0.772000,right,4,0.07829677,1.98857713,-0.54543048,-1.02002251,-0.05639476,-0.74041784,0.29731318,-0.71855032,0.03272421,0.04233130,-0.55203384,1.03243232,-0.64357048,-0.78237224,-1.81319749,-0.88355094,-0.76256287,-0.20937957,0.19660406,1.22228348,0.64672291,-0.21801631
3,0.776000,right,4,-1.15297472,1.57650292,1.56091082,1.62360632,-1.24374628,-0.55227023,-0.68762642,0.02386305,-1.10787714,0.63461554,0.48897934,-0.01697106,-0.40120286,-1.42427289,-0.68126208,-0.07365889,-0.25140423,0.83840382,1.44444013,-0.17194903,2.08018160,-0.92323327
3,0.780000,right,4,0.36761627,0.63172346,0.26565453,-0.20428793,0.42615718,0.65942621,-1.68578303,-0.90430075,1.93676519,-0.90082556,0.74711025,-0.80287689,0.46078396,0.99088657,0.87892950,0.58720994,-0.44184545,-0.13800797,-1.34225810,1.45760238,-0.76445580,-0.04402512
3,0.784000,right,4,0.15594006,-0.19525875,-0.23533385,0.41305965,0.78041619,-0.53695059,0.48113382,0.46123150,-0.87034690,-1.39421630,0.92510015,-0.24254303,0.41897440,-0.53365517,1.02703893,-0.60146040,-2.11866403,0.49205580,-1.48183274,1.44608247,-1.31012499,-0.65695739
3,0.788000,right,4,1.33577776,-0.65837097,0.55409366,-0.43232745,1.01265776,0.28692612,1.02707505,-0.88067186,-1.35336018,1.46440089,-0.51877767,1.89201987,1.41064608,0.08453344,0.50221288,-0.65610301,-1.59668636,-0.95142746,-0.16337766,-1.21130383,-0.90797549,1.00737762
3,0.792000,right,4,0.41797745,-0.47578400,0.81133771,-0.39479041,-1.43254423,0.68518806,1.80471003,2.00559473,-0.14154945,1.47261000,0.88913983,-0.74906522,0.26583210,-1.30600107,0.43345940,-0.02281504,1.18025637,-0.44350177,0.50959373,0.71159428,0.28885683,0.81232089
3,0.796000,right,4,-0.05904808,-1.02786660,0.90762031,0.14439888,1.00246429,0.90770704,0.61894757,0.77031410,-0.10017484,-0.94909316,-0.47292620,0.74356842,1.37998307,0.07522782,-1.63183069,-0.29162738,-0.29705030,-0.59368140,0.87203526,1.54323053,-0.19798370,0.48923311
3,0.800000,right,4,1.49017859,0.46414244,0.57380754,0.69741410,1.83621669,2.27621341,-0.87158656,-0.84839988,-0.00736546,0.60195535,0.48805067,-1.90057600,0.00395417,-0.08480085,-0.14331795,1.35011303,-1.97632444,0.94982278,-0.76489031,-1.40414178,0.14422798,0.28502741
4,0.000000,tongue,1,0.83626676,-0.93888056,0.45968005,-0.68065363,-1.22053850,0.23480865,1.91077256,-0.75309247,-0.62159991,0.35679871,0.75435865,-0.62477857,1.02879047,-0.09294627,1.53388000,0.90370017,0.53339779,0.25028476,-0.73043865,0.09577091,0.97538435,0.56690013
4,0.004000,tongue,1,-0.06704425,0.63573277,-0.10572523,-0.26184562,0.10590713,-0.82257265,-0.98251170,0.18095671,-0.05043745,-0.51819330,-0.19483428,-0.37569144,-1.84903228,0.05892026,-0.28928474,0.57102251,-1.28092885,0.17950530,-0.76385516,0.41362539,0.91581500,1.15236151
4,0.008000,tongue,1,-0.65562099,-2.69596601,-2.40236545,1.19232404,0.30196175,-3.42387533,-0.57508945,2.23398304,-0.04282375,0.30210650,-0.07115705,-0.41619250,-0.45024931,1.54893982,-1.41534126,0.44801289,-0.62104189,-0.40375084,2.12364769,-0.19547859,-0.81037998,0.00360921
4,0.012000,tongue,1,-2.18862987,1.40582311,0.31273022,0.54924148,-0.41812682,0.87848222,0.40844968,-0.91747844,2.20777774,1.46124458,-0.88366461,0.08978111,0.26914293,0.02102365,-1.14412522,0.89514196,0.16484898,0.27440798,0.37858322,-0.96169960,-0.24018803,-0.39147711
4,0.016000,tongue,1,-1.16332781,1.93405735,-1.15721619,0.24314910,-0.84087914,0.45878032,-0.22371519,-0.17063215,-0.48303282,-0.53098410,-0.46693668,-1.79296076,-0.70006067,-0.94725186,0.67717332,0.63155663,0.18903631,-0.67697394,-0.16905434,1.06939876,0.09503667,-0.96702725
4,0.020000,tongue,1,0.64532584,0.13110268,-1.20552397,-0.39967242,0.44497716,-0.31692114,-2.37863874,-0.24913941,-0.57379180,0.23219171,-0.46709043,-0.37874970,0.87635309,-0.73774534,0.15694879,-0.03882018,1.22402251,-0.65389961,-1.29152334,-0.11681508,0.62926990,-0.23927496
4,0.024000,tongue,1,0.98068112,-0.96214336,-0.02382277,0.14625201,0.66966927,1.29942155,-1.25691700,-0.91366625,1.02489281,0.66971767,-0.24386391,-0.78779250,0.64561135,1.61267674,-0.00200003,-0.19062662,0.40388468,-0.88448060,1.78241205,-1.65670943,0.43772745,2.18047500
4,0.028000,tongue,1,-0.47210580,-0.16590901,0.08396383,0.08011282,-0.96533483,-0.21674918,-0.75257570,0.13560480,-1.53070772,-0.15487424,-0.50036728,-0.73898298,-1.92183173,-0.38899109,0.35063964,0.52678400,-1.98128223,0.79553896,-0.83703494,0.63563019,-0.36151487,0.88541466
4,0.032000,tongue,1,0.70807910,0.02764644,2.24823785,-0.53836107,-1.00221658,1.01367211,0.83140278,-0.78015870,-0.89391798,-0.17902538,-1.57369828,-1.58640277,0.92323029,-0.53603005,-0.50025898,-0.25677052,-1.34141970,1.26186192,2.31000233,-0.11965413,-0.18393508,1.11948466
4,0.036000,tongue,1,1.13223243,1.23469412,0.19334947,1.04418826,-1.06385624,-0.34731477,-0.73147130,0.00283205,0.48802727,-0.58178037,-0.92904687,-1.04245007,0.33985397,0.64862251,1.26730585,-0.72160733,1.01831007,0.24615087,-0.02711524,0.34598154,0.14788641,-0.41573432
4,0.040000,tongue,1,-0.35678649,-0.66416973,1.23380411,0.37813598,-0.70461667,-0.97273880,-0.10130746,1.45539463,0.27478546,0.68172055,0.00276286,0.13873307,-0.87564158,1.26555240,-0.54153490,0.02582034,-0.02462770,0.39589807,-0.65429866,-1.12090802,-1.05102229,-2.05046415
4,0.044000,tongue,1,0.06018826,0.65361005,0.85129881,-0.05262922,-0.76019174,-0.70905930,0.58782852,0.39374265,0.04932257,-1.52518392,-0.26153108,0.94557005,-1.96975946,-0.60794044,0.73811543,-0.30081341,0.68584830,0.08214740,-0.19863439,0.04239805,-1.00791323,0.24330892
4,0.048000,tongue,1,1.09511018,-0.77686942,0.05344167,-1.12084401,1.00182116,-0.86419743,0.51882637,-0.06768068,0.65349340,-0.03038059,-0.14084946,-0.63238084,-1.15771973,-0.24702774,0.06571323,0.86339664,-3.64106154,1.56680417,1.17382824,0.66845196,-1.33589149,-0.09469255
4,0.052000,tongue,1,0.62892443,-0.19686393,0.76694286,-0.42009187,1.10295355,1.47581363,0.44184965,0.19245502,-0.58696276,1.51526546,0.53907484,-0.54759824,0.62543297,-0.59899521,-0.06452630,1.58367884,-0.72620904,1.66451550,-0.60567534,0.53341639,-0.94196498,-0.59014726
4,0.056000,tongue,1,1.05417836,-2.21651554,-0.32568070,0.79248559,0.04455984,-0.76801610,-2.33897138,0.44267166,0.68619704,0.31755334,-0.20751953,0.21272567,0.66248983,1.47272444,-0.55685091,1.69208002,-0.01963345,-0.05659031,1.46129429,-1.46959543,1.65141785,1.98629856
4,0.060000,tongue,1,1.06940806,0.14928657,-1.09612751,-1.09533727,0.56726205,0.34139794,-0.61116636,1.32733488,0.61234856,0.55013007,-0.29097053,-2.26025724,2.21123576,0.24033651,0.37247768,-0.52244765,0.22564858,-0.36506420,1.16039538,1.22864568,-0.90627480,0.82248628
4,0.064000,tongue,1,-0.01181511,0.77187461,-0.23716056,-1.42733204,-0.24855578,3.44537830,1.13517833,2.29893064,0.54173255,0.41805643,0.17997769,1.38887584,-1.71017432,-0.95167696,1.25558066,0.47629923,-0.24080142,-0.38694075,-1.67154300,0.63210213,0.99018461,-1.06673217
4,0.068000,tongue,1,-0.06224222,-0.53511852,0.21215320,0.42299053,-1.02733982,-0.02551455,1.79096520,-2.28564239,1.46740341,0.12972814,1.67047644,0.10056353,0.42267859,0.55042356,0.76588368,-0.44531474,-0.59999979,-0.37152293,-2.71677637,-0.37643743,1.56963551,1.03544271
4,0.072000,tongue,1,2.08619761,-0.26577350,-1.19543898,-0.36029121,-1.16939187,-1.31403029,-0.08187719,-1.40922868,-0.62617755,0.47952491,-0.78262645,-0.73103446,-0.82612145,0.36390471,0.98802590,0.57099432,0.39925241,-0.04798902,-0.18943253,-0.77220583,-0.21562062,-0.87020159
4,0.076000,tongue,1,-0.49582425,-1.47458637,0.73634416,0.11903869,0.88513976,-0.22016507,0.28102249,1.76133323,1.18345797,-0.93079120,-1.12221408,0.31288454,0.95588225,-1.90030766,-0.02051060,0.12577538,-1.29126692,1.43141663,-0.65738881,0.60085100,0.67529804,-0.68621874
4,0.080000,tongue,1,-0.65785307,0.28390434,2.02923274,-0.27018052,1.39899886,0.16640310,0.00886292,-0.04286726,1.79791117,0.80275583,-0.44192952,0.00884502,0.69809955,-0.47864202,-0.26295471,-0.44618919,-0.05905228,0.29938501,0.72993088,0.60046434,1.35038507,1.67859697
4,0.084000,tongue,1,1.03998947,0.35067132,-0.36549413,0.46308386,0.26311129,-0.14286326,-0.25161847,-1.26381838,-0.44420969,-0.96890092,-0.05198805,-0.71279937,1.42310500,0.52127492,-0.86724484,0.27055964,-1.25507009,-0.86768949,-1.15411305,0.72632128,-1.65684259,-1.71639109
4,0.088000,tongue,1,-1.54826283,-1.40711021,0.08432809,-1.12318087,0.96970910,0.61160141,-0.09101279,-0.53252631,-0.45491713,0.89969474,0.16080356,-0.28470671,0.38331479,0.38922870,0.96320385,-1.01181316,0.58389032,1.64049494,-0.84774607,0.23960994,0.44288981,-0.60908729
4,0.092000,tongue,1,1.01197314,-0.44314060,2.68310046,0.17132968,2.06594872,0.57150936,-0.89387035,-0.36916766,-0.29393810,0.69155699,-0.44360262,0.98549324,-0.86729586,-0.88384163,-0.56787533,1.38485396,0.37621236,1.52938378,-0.38562867,0.10651186,-2.12461805,1.88130498
4,0.096000,tongue,1,0.36880913,2.25250220,-0.18419819,-0.60647315,0.00455577,-0.74409342,0.92092216,0.22689019,0.68931895,1.68951142,0.26659277,0.29100403,1.06002665,-0.27016866,1.19596624,1.02215981,0.06640092,0.68867594,-0.50338471,-1.06607389,-0.52505177,0.12918256
4,0.100000,tongue,1,0.54586238,-0.21662165,-1.44667256,-0.11018563,0.39776349,-0.68305701,-1.84284592,0.83872384,0.14744633,-0.83139575,-2.54988313,-0.22357005,-1.31111586,-0.61943507,-1.65217721,0.71875900,-1.11135197,-0.01457455,-0.89357334,-0.71572179,-0.54591167,-0.80969733
4,0.104000,tongue,1,-1.50784564,-1.49311161,-2.11675286,1.39532125,0.45377320,1.11115742,-0.98359960,0.55917931,-0.26295644,0.00023365,0.18871036,-0.17088656,-0.54561645,0.10901101,-0.23286070,0.60848856,-0.67835164,-0.27901465,-0.34481329,0.22156325,0.48114160,-0.97343802
4,0.108000,tongue,1,-1.52765286,-1.82028437,-0.40640703,0.10481705,-0.31241012,0.46981823,-1.19295776,0.06349232,-0.22694969,-0.06572990,-1.02512562,0.55265349,0.79579574,-0.69301498,2.07328033,1.19075596,0.70798582,0.50619483,-0.69551069,-1.47470605,-0.17564592,1.33039713
4,0.112000,tongue,1,-0.91639590,-0.67777318,1.47994006,-1.75774777,-1.70577645,0.58182317,-0.09251549,-0.20937902,-0.43699551,-1.34531593,0.72388142,0.40824512,1.37656605,0.12275901,-2.66537809,0.01954253,1.45534992,1.47561014,-0.76739478,-0.51898086,-1.16425920,-0.21480638
4,0.116000,tongue,1,-0.24273884,-0.66285652,-0.42212224,1.57805562,-1.36930609,-0.87198609,1.24180651,0.38268849,0.13855624,0.27153465,0.83312124,1.51824832,0.60059112,0.11019155,-1.28461766,-0.85337323,0.31847811,0.07073329,-0.66379213,-1.34089053,-1.16873622,0.12064250
4,0.120000,tongue,1,0.86933422,-1.39108062,-0.11069835,-0.93588072,-1.52008557,-1.16283810,1.33878016,1.20973790,-0.07499786,0.23653825,-0.40556470,-1.30798054,-1.22099435,-0.04358517,0.21141617,-0.23694330,0.34545287,-0.31207073,-0.96918607,-2.20132947,0.61130095,-1.08339739
4,0.124000,tongue,1,-0.23955807,-0.15998246,-0.80997056,2.46756148,0.58265775,1.40997148,-0.78616512,0.43122244,0.29872629,0.16647300,-2.27505279,-1.36480355,0.80419451,-1.44726276,-1.43978524,-0.61861855,-0.02600794,0.38399056,-1.41772568,-0.50485879,-1.25306559,0.03994895
4,0.128000,tongue,1,-1.29862678,0.23302576,-1.14615130,0.04389197,-0.45473126,-1.66743898,-1.25417829,0.97125882,1.85450447,-0.90450883,2.52417636,1.99704826,-0.39628041,1.13274360,1.67906225,-1.48644078,1.37529135,1.86348724,0.48803860,0.93007737,0.76542687,0.62663674
4,0.132000,tongue,1,0.57598233,-0.43196130,1.05350006,0.36872503,-1.02174795,0.46457157,1.99541318,0.61585534,0.05063251,-1.04373777,0.37699440,-0.27502728,-2.70520949,-0.08166078,1.77073264,-0.03301025,-1.05275500,-0.88666046,1.23373151,0.18525845,1.21434045,-0.95610648
4,0.136000,tongue,1,-0.92571670,-1.72863662,0.37040678,-0.70100826,0.18457833,-1.45562720,-0.53337884,-0.23763300,0.49658707,-1.58459926,-1.87834096,-0.91004562,-0.10884836,0.09038252,0.30683431,-1.70887923,-0.93504864,0.00525831,0.98437130,1.08001792,1.07965744,-0.86885124
4,0.140000,tongue,1,0.13465822,-0.02548979,0.24694003,0.04411572,0.01016164,0.18330479,-0.48108366,0.41954723,-0.75166053,0.32998845,-0.15532893,-0.26840302,-0.24434341,1.27739823,0.66323376,2.92964935,1.07859743,0.98019540,-0.33848262,0.67834610,-1.41697836,0.63052297
4,0.144000,tongue,1,0.57817596,-0.18413173,0.46789086,-0.60061777,1.90163720,2.67483568,1.28908610,2.04951262,2.00259924,1.87871814,-0.88971525,1.61957276,-0.06503709,0.72406173,1.25483584,-1.03713882,-0.98127383,0.90585250,0.01329389,-1.41174829,0.81289256,0.26998338
4,0.148000,tongue,1,1.37642992,-2.42250872,0.82133788,-0.11805081,-1.16248035,0.96794611,0.86029780,-1.56824684,-0.29311559,0.84446412,0.47982326,1.87342358,1.34058487,0.11922465,-1.18428349,-1.12365139,-0.87249851,0.05221409,1.22836137,0.38915634,-1.80460894,0.32313150
4,0.152000,tongue,1,-1.37245429,-1.37130189,-0.33400294,-1.39522326,-1.89293754,-1.83373010,0.12614660,0.46163216,-0.39397949,1.22140908,0.73194021,1.25723314,-1.39964902,1.60273087,0.38789675,1.30891395,-0.03359187,0.91189289,-0.57492250,0.31749326,1.51215279,0.57629967
4,0.156000,tongue,1,-0.04389932,1.21617234,-1.28508866,0.29568592,0.28516254,1.53721416,-0.81216592,0.11370900,0.18514740,-0.98265094,-0.40708083,-0.44552618,-0.13944922,0.79636490,0.47677323,-0.33889806,-0.22581679,0.41453314,0.92741042,0.98764467,-1.99537992,0.72429389
4,0.160000,tongue,1,-0.18661711,0.49649003,-1.43217587,-0.36081016,1.13322628,-1.28570783,1.25667810,1.49278927,0.55458039,0.54933691,-0.15828559,1.68704724,-0.80425370,-0.15643908,-0.36660558,-0.42333230,-0.69657981,0.55730718,-0.84094459,0.84943616,-1.14901531,0.39016500
4,0.164000,tongue,1,-1.47902727,-0.55535859,-0.50624049,-0.19818586,0.14037906,0.90898943,0.34675804,-0.06111265,-0.31838119,0.39656496,-0.77691740,-0.59038353,2.24920321,-2.81846786,0.06949852,0.91003776,-0.36930874,-1.48806846,0.13934353,1.45443869,0.06752254,0.79209161
4,0.168000,tongue,1,0.62311906,-0.21553259,0.41088137,-1.07232428,-0.16744095,0.57769120,-2.01999521,0.19177189,-1.35101509,0.44083047,-0.53403562,2.41551781,1.02010763,0.72302628,0.16702859,-0.42133066,-0.70192724,-0.21752946,-0.65700889,-1.15302265,0.84621638,-0.86416894
4,0.172000,tongue,1,1.48236334,-1.99607849,-1.26962459,0.90179825,-0.01849915,1.43206012,1.03866398,-0.39447293,0.32141873,0.61252022,0.11752526,0.53560352,-0.00765410,0.25517306,-0.21982566,-0.45966449,-0.17513636,0.04901182,-0.35877481,0.70376164,-0.14413348,0.05517179
4,0.176000,tongue,1,2.02646255,-0.36690795,-1.79785776,1.27014494,-0.38423967,-1.03069818,0.71932864,-2.65319681,0.91891658,-1.55495095,0.28645080,-0.69905066,0.37513065,-0.33278877,-0.67875826,0.10763928,0.17643677,2.01681113,-0.51693374,-0.01373203,0.56222355,2.38156652
4,0.180000,tongue,1,-1.12733114,0.02951962,-0.32773876,-0.94383299,-0.14515924,-1.05428040,1.13093221,-1.19463086,0.90485764,0.70260835,0.27000129,0.09957799,-0.23373878,-0.75059450,0.05642939,-0.41014454,0.83211100,-0.32617602,1.41822028,-1.68892539,0.34674698,-1.92664528
4,0.184000,tongue,1,0.22168484,-0.15614122,-1.94544828,1.00621092,-0.54777914,1.19057059,-2.34697747,-0.36717892,-0.45014644,-1.09292865,-0.82932794,0.39803505,-0.44250950,1.92974877,-0.45163342,1.21863294,-0.06427794,0.94535518,-1.55596924,0.00659259,-1.26074922,0.65540332
4,0.188000,tongue,1,-0.58140737,-0.99851203,-1.25327754,0.00735128,-1.18677235,-0.66057253,-0.00295439,-0.83302826,1.15448129,-1.24655712,-0.27496511,-0.30586243,-0.11161208,0.53795952,0.96915567,0.06613958,0.26677504,-1.57360053,-0.73251474,-0.64570552,-0.02057227,-0.20643327
4,0.192000,tongue,1,-0.04836672,-0.26811114,0.18353207,-1.46734762,0.22611873,0.34309372,1.11724544,-0.49735612,-0.67039615,0.44276595,-0.87772626,-0.99103904,-0.24878097,-0.13303082,1.22338009,-0.49849048,-0.37273186,2.22772336,1.11535323,-0.31274107,-0.15826312,-0.36346051
4,0.196000,tongue,1,-0.68841648,1.18259025,-0.58684230,0.81854254,0.14009306,0.88242459,-1.36546612,0.84449542,-0.42089984,1.20042372,-0.18598948,0.38103026,0.14626966,-0.50518250,-0.95144874,-0.00798103,0.03135825,1.37021351,1.20081806,-0.25462264,2.51075935,-1.14287364
4,0.200000,tongue,1,-1.77508867,1.32964325,-0.52372742,-1.32459629,-0.85225552,-0.49176854,0.94078904,1.02533782,0.40311590,0.99948758,0.53325856,-0.79516917,-0.33864599,0.53341222,1.04295838,1.71804714,0.11302735,-0.73369420,-0.75263304,-0.06909718,-1.01241064,-0.46013176
4,0.204000,tongue,1,1.87084079,1.64504802,-0.09778921,0.90384865,-0.00714038,0.41218933,1.31413674,-0.32192415,-0.68847930,-0.26782742,0.90992254,-0.67202836,0.29802895,1.59580934,1.03100216,0.47678339,0.84858245,-2.14939547,-0.41743538,-0.11956300,1.59353280,1.23521125
4,0.208000,tongue,1,1.11963022,-0.84947568,0.41125691,0.45751297,0.16288653,0.88605368,-0.66825467,-0.21190029,-0.47198430,1.87661982,-0.65180498,1.02962005,-1.55871832,1.18099642,0.63491458,0.09304926,2.04996896,0.26065123,0.41755211,1.60846722,-0.53385729,0.32004428
4,0.212000,tongue,1,-1.79599118,-0.04167024,-0.28589672,0.28842425,-0.96759892,1.15611696,-1.23272514,-0.24746168,-2.07747483,-0.73699194,-0.67399287,0.57674843,0.84449279,0.99991035,-0.10099304,-1.13867414,-0.12692392,1.07219422,0.33212012,0.45067531,-1.59005678,-1.85843503
4,0.216000,tongue,1,-0.47376072,-1.45206845,0.34591585,-1.08557737,0.04765121,0.43001214,-0.58309197,0.26197636,1.82182705,-1.60383081,-0.22353467,1.09597766,-0.95211667,-0.54386127,2.11650229,-0.07321491,-1.17386818,-0.70741159,-0.15804316,0.51190311,-0.92974031,-0.21856835
4,0.220000,tongue,1,0.49267173,-2.06265020,0.19710279,-0.19417393,-0.44501317,-1.72140706,0.44085860,-1.14653575,-0.50819969,-0.39201608,-1.13411963,-0.05315399,-2.41755700,-1.01125109,-0.81062216,0.18022153,0.23544389,-0.38939723,0.38273335,-0.52700227,0.65543008,-0.25373769
4,0.224000,tongue,1,1.51843512,0.22717097,-1.04367673,-0.09231089,-1.45988262,-0.74137020,1.31499481,-0.93819880,-1.47967505,0.89653879,-0.51561648,0.86578035,-0.37045196,-1.77096534,-2.33382225,1.05301213,-0.62625313,-0.10685439,-2.14650798,2.07599592,1.27428162,-0.03128076
4,0.228000,tongue,1,-0.79872006,-0.79133761,1.29599500,1.10929906,-0.56139880,-0.40184611,0.52195674,-0.17643365,-1.19955373,-0.11046334,0.44680297,-2.30464077,-0.04922697,-0.46896738,0.50116843,-0.60314113,1.16340625,-1.23221982,-0.54404330,-0.69217265,1.58994818,-1.50604594
4,0.232000,tongue,1,1.74221694,0.59196144,0.66735125,0.30055749,0.83788472,0.85129064,-0.14817771,0.43762147,-0.64613169,-0.83097810,1.43309093,0.13826197,0.42767134,2.52718759,1.19297016,-0.68223816,0.76343036,1.76774871,0.81164271,-1.10812223,-1.00215638,-0.37047192
4,0.236000,tongue,1,-0.46099272,0.22528866,-1.14710832,-1.40817225,0.47104174,-1.70492828,-0.33484995,0.47300613,-1.16350186,0.02297653,1.82861006,0.76249963,0.29620281,1.70562208,1.35024035,-0.93067926,1.33910739,-0.36529991,0.13009475,0.42370650,-0.82114178,-0.16075134
4,0.240000,tongue,1,0.53886425,1.22025919,0.80390352,-0.86886203,-0.22043851,1.27229369,-0.67814350,0.02319980,0.47083715,-0.16567190,-0.06744397,-0.24188060,1.56919718,0.55158299,0.85462135,0.38151303,-0.06651479,0.72935247,2.73359966,0.80535054,-0.88640022,-0.38093680
4,0.244000,tongue,1,0.74233812,1.21019590,-0.30282602,-0.68565333,-0.02638586,0.05638491,1.42163408,-0.67395544,-0.40612057,-0.73623633,1.09585369,0.28583294,-0.29207098,0.93164963,0.14356269,-2.88473463,-0.14444676,1.59028625,-0.45620719,-0.30455336,1.34910524,-0.06538072
4,0.248000,tongue,1,0.94922012,0.21527492,0.45973957,2.96982455,-0.19423191,1.45214820,1.46056259,-0.19888553,-0.90575707,0.89561445,1.08387017,-0.35089949,1.26998341,0.76180440,0.06702762,-1.12513292,-1.16859341,-0.19926685,-0.47012344,0.80631739,-0.44029254,-0.64963508
4,0.252000,tongue,1,0.13928880,-1.19869316,1.78537500,2.46559739,-0.13685521,0.20088193,-0.27044845,0.01376318,1.77462351,-1.03389835,0.46581277,0.41130087,0.34835112,-2.00109887,-0.81640887,-1.15408897,0.91345721,0.03759701,-1.52372110,-1.24367726,0.77294719,-0.67238164
4,0.256000,tongue,1,-0.51628250,0.96007514,1.32912207,-0.62136292,0.79161870,-1.40792906,-1.02727413,-1.07944155,1.49749100,1.39893854,-0.12049977,-0.05939276,-0.16654749,1.29401994,1.20694220,-0.28485680,0.04129063,-0.31266478,0.40104330,-0.85152030,-0.11938210,0.46594310
4,0.260000,tongue,1,-0.41807857,-0.45184597,-0.77131474,-1.24088228,-0.13595179,-0.09996120,-0.17012039,0.93750101,0.04846589,1.22979891,0.98249435,0.55278385,1.97043490,0.41408542,0.33706638,-1.96396124,-0.55646574,0.85325509,-0.19735818,-0.31456256,-0.79486740,0.36660028
4,0.264000,tongue,1,-1.73314416,-1.03705657,-3.10549664,-0.56029820,-1.67196178,-0.95526862,-0.68240666,-0.61345315,-1.66813767,1.25404239,1.10474038,0.58850598,-1.82060635,0.87981147,0.48903489,-1.75481701,1.29895926,-0.97238666,-1.85444772,-0.40318242,-0.04615137,0.79276115
4,0.268000,tongue,1,1.05759323,0.92577350,0.32432425,-0.76365972,0.58184755,0.01752953,-1.13147259,-0.12342300,0.89254558,0.56375247,-0.35816318,-0.40106159,-0.14116324,0.04068302,-1.10183859,-1.25243628,-0.05399095,0.33634597,0.07177500,-0.54323083,1.04776967,-1.77385652
4,0.272000,tongue,1,-0.04713552,0.17469050,0.22144927,0.80675149,0.24043800,-1.05724728,0.41309345,-0.88484311,-2.01655507,-0.26690623,-0.73455328,0.31742981,0.63994360,-2.11276221,0.45327249,-0.11849391,-0.42632967,0.04506865,-2.10622072,0.38625753,0.71337390,0.62610638
4,0.276000,tongue,1,0.04089348,0.43037727,1.11432958,-1.63104784,-0.00629222,0.02317204,0.20949057,1.50670731,0.64857155,-0.58301353,-0.99905229,1.79872358,-0.93012965,1.17025769,0.25048235,0.21513028,-0.57813680,0.46953312,-0.16837060,-0.62898409,-1.43517613,1.07321453
4,0.280000,tongue,1,1.07039678,0.62406641,1.04227889,-1.61689532,0.87245554,0.39151767,0.23266590,-0.53635937,-0.67980647,-0.42326111,-1.19387162,-0.41979715,0.17382528,-1.24235415,-0.84142649,0.46729141,-0.71017808,0.77617431,0.20337445,0.79701555,1.34049118,0.81792319
4,0.284000,tongue,1,-0.35326520,-1.17710102,1.86787164,-0.03897011,-1.11492002,0.23925039,-0.67867637,1.86821377,0.22301193,0.44566670,-0.59383923,0.06716841,-0.30106923,1.68767297,0.21003544,-1.04959214,-1.42846549,-1.80377829,0.85286212,-1.58715975,0.08941597,0.01516676
4,0.288000,tongue,1,-1.04844582,-0.95654315,1.00885737,-0.84218568,1.06781971,0.12617210,0.90959978,-0.69127679,0.56847769,-1.72724843,-0.91542500,-0.60033530,0.13995564,0.38704109,-0.28907841,0.12974411,-0.60824454,-1.58362031,0.16717078,0.49248567,0.83784980,0.91015989
4,0.292000,tongue,1,-0.38819730,-1.09876764,1.03114235,-1.10283720,0.59121907,-1.65828991,0.84607601,-0.29014757,0.93276310,0.66865093,-1.57830715,1.51673019,1.98218644,0.07045399,0.56175888,-1.13420057,-0.40523976,1.07490432,0.39304402,1.11924541,-0.67809802,-0.34835723
4,0.296000,tongue,1,-2.12825465,-0.63786972,1.04768729,2.42097092,0.89708358,-1.80664444,1.16007972,-1.41455591,-0.68193668,-0.42667377,-0.58040893,1.05804050,-0.98337531,-0.71955425,0.76632726,0.42595983,-0.30841908,0.16376384,-1.68412900,-0.71219379,2.31610346,-1.00208914
4,0.300000,tongue,1,-0.39923409,-1.32606423,-0.02202021,-0.69876152,-0.50726193,-0.71130413,1.49753654,-0.45853308,0.52842492,0.92469776,-0.28227562,-0.61053658,-0.28242218,-0.14001562,-0.70680857,-0.43655944,-0.47390318,-2.18658233,1.11308527,0.34216252,0.31035867,-1.47150099
4,0.304000,tongue,1,-0.93335545,-0.16263065,-0.67732799,-0.24884012,-1.72947037,0.55928528,0.24505819,-1.53033590,-0.46741423,-0.12103433,0.92366761,0.90784591,-0.40423545,2.34171295,-0.32694831,0.56772763,-0.71190864,0.46271440,-0.81868267,-0.28206053,-0.30044016,-1.22354090
4,0.308000,tongue,1,-1.60556030,0.87588114,0.04173808,0.66409862,-1.80382693,-1.13540161,-0.51707369,-0.66346765,0.35761532,1.43977320,1.54397607,0.39540192,-0.90885931,-1.07171881,-0.18790717,-1.26029253,-0.09900267,-1.24807119,-0.58695126,0.65356582,-0.35850644,-0.70014548
4,0.312000,tongue,1,-0.32589537,0.30479157,-0.10596785,0.36684027,1.55866039,0.41076016,0.65636355,-2.12617874,0.07735105,0.93550229,0.32238957,-1.47986495,1.04362392,-0.65889037,-1.35085535,1.14948976,0.23887974,-0.68280387,-0.27878430,-1.74737418,-0.29926190,-1.46497607
4,0.316000,tongue,1,0.01195434,0.09507478,-1.35897839,-0.00674952,0.30464631,-0.13725492,1.37591553,2.04464483,-0.72843498,-0.90622002,0.83397573,-0.07060443,-1.27646554,0.93557012,-0.19136961,0.99592984,-1.37239563,1.21631455,-1.35221672,0.03300136,-0.95455319,0.31616902
4,0.320000,tongue,1,0.20611601,-2.05570722,-0.34330377,2.40824962,0.37197927,-0.31982979,-1.47098351,2.43734193,-0.55066961,0.83774722,0.21848705,0.24825737,0.09153976,0.95610666,-0.20473494,-0.55105400,-0.72842193,1.57845211,1.62983513,0.58802336,0.09371746,0.20421793
4,0.324000,tongue,1,-0.91138929,0.24256513,-1.06126702,-1.14268064,0.73559040,-0.39514562,-1.13335812,-1.08261859,0.95885080,0.71688640,0.01986327,-0.60712910,-0.31769741,-0.02659536,0.11448632,0.76081055,-1.78385317,-0.19186674,-0.30465344,1.47390902,-0.43281698,-0.40253183
4,0.328000,tongue,1,0.96609277,-1.26703548,-0.29124275,1.18908262,0.38285378,0.81079662,1.10773516,0.13899985,0.51979911,-1.65281200,1.16310799,0.26207533,0.02234481,-0.44413510,1.49101257,-0.93767029,-0.70904011,0.09467997,0.14029071,0.65943593,-0.49106053,1.14227688
4,0.332000,tongue,1,-0.05349695,0.40835971,0.90302396,-0.16792543,-0.73017222,-0.46747148,1.10329425,0.80362540,-0.20186040,0.94631571,-0.51925844,-0.56555325,0.41109258,1.00768983,0.07981569,-0.42947760,-0.39520669,0.29643530,0.65768844,-0.21874331,0.51280546,-0.43025309
4,0.336000,tongue,1,-0.10284063,-0.31923226,-0.96737063,-0.26318365,1.02209020,-0.35329488,-0.76064038,1.61724579,-0.66968238,0.17773452,0.95460957,-1.62242484,0.81428093,-0.48781857,-0.46821558,-1.04260218,1.33804202,2.07494402,-1.13822639,-0.44060636,0.22230062,1.03615475
4,0.340000,tongue,1,-0.98739171,1.53716707,-0.50185794,1.37694013,0.85259277,1.54491079,-0.27780545,0.17469379,0.50560355,0.33190069,-0.16451855,-0.57146245,-1.13641202,1.78294325,-0.03119451,-0.84645593,-1.01373184,0.90725577,0.01348447,1.05153120,0.42545980,0.38456625
4,0.344000,tongue,1,-0.05803949,0.12376360,-0.96809310,-1.09182847,0.56095922,-0.06905736,1.23215425,0.62017101,-0.33143139,0.79932350,0.65176570,0.30395988,1.04911423,-3.13141108,0.84934932,-1.19095731,0.15415260,1.90526354,0.11772745,0.34306237,0.90028197,-0.41311789
4,0.348000,tongue,1,0.29841787,2.64154458,0.32741156,-0.50810808,-0.67188972,0.38442326,-0.70173383,0.54474819,-1.01510370,1.07656956,-0.99905658,-1.30516779,2.15035558,0.02905173,0.70268875,-0.29209912,-0.67499143,-0.59916478,-0.10470402,0.01595693,-1.23041141,-1.10030317
4,0.352000,tongue,1,-0.11670628,1.15502965,1.17092216,0.27978563,0.33533221,-0.76578379,0.12372279,0.15286028,-0.61703891,-0.39774549,0.28165063,-0.44060752,0.58499140,-1.20127368,0.54499912,-0.01823779,-0.61626810,-1.28669941,-1.06237781,-0.60017347,-0.45629883,0.10852084
4,0.356000,tongue,1,0.29564270,0.31023583,0.23205507,0.94212526,0.27837300,0.23627198,-0.58393568,-0.43076921,0.71666777,-0.02300996,0.26835775,0.26506472,-0.48317358,1.50016809,0.77735621,1.94228828,-1.89308488,0.04383504,-0.53787160,0.34748363,-1.21537817,0.68807590
4,0.360000,tongue,1,0.39766029,1.88241673,0.18774007,-0.68986410,0.70366317,-0.25965986,0.69182903,1.26283348,-1.30850971,-0.40173104,0.53061545,0.74864709,0.42603087,-0.30639136,-0.15254083,0.49629045,-0.55757618,-1.48684239,-1.15285075,0.11825216,-0.38386178,0.18106768
4,0.364000,tongue,1,-0.38996729,1.61963701,0.43124458,-1.32178962,0.91869968,-0.71098065,1.21854436,0.75203556,1.01205218,0.78815871,1.68324149,-1.25211442,0.02866521,0.18177971,-1.60280442,0.23205262,-0.41388819,0.75706875,1.27545691,1.56237006,0.12632547,0.98870283
4,0.368000,tongue,1,-0.15538637,-0.35316226,2.26819730,-2.16152000,-1.60991538,0.37655935,-1.35739958,-1.11490905,-0.23816779,-2.02306008,0.24940497,1.85662663,-0.69754040,-1.10283589,0.03048950,-0.26781434,-0.88938642,1.05534768,-0.86186910,1.64046788,-0.17587712,0.79797018
4,0.372000,tongue,1,0.70788217,0.48760650,-0.62931633,0.60279262,-0.55305284,0.86151969,1.79978895,0.69930702,0.43917584,-0.15365770,-0.48505557,1.04700410,-1.40658820,0.05207203,-0.22784844,0.58428830,-0.15492456,-0.71329015,-1.64870608,-1.04885972,-0.27358407,-0.33793545
4,0.376000,tongue,1,1.27633405,-0.48654592,0.31756547,-1.01080239,-1.21437252,-0.10469435,0.83990645,0.93409687,-0.42224580,-0.20506462,0.29576492,0.29732028,-0.18370785,-1.87179387,0.18588300,-0.67951167,-0.38116696,1.50010872,0.55982649,-1.24457562,1.27927625,0.91015130
4,0.380000,tongue,1,1.64816368,0.54643524,-2.06889153,1.03966379,-1.88786626,-0.44277811,0.10205882,-1.07221389,1.05087876,-0.81113565,-1.18165851,-0.19403879,-1.73712468,-0.43770188,0.88235259,-1.28654552,1.39947927,0.50253612,0.20942919,-1.81368113,-0.39623719,0.86703122
4,0.384000,tongue,1,-0.48390594,0.26930559,0.39311010,0.65745670,-1.97381139,0.19054471,-0.84124434,-0.48022196,0.64071697,-2.90275478,-0.43794715,-0.32672384,-0.34582871,1.66413033,-0.77210665,0.02538449,0.45252329,-2.36185694,0.68733519,1.44500339,1.37009227,0.04532555
4,0.388000,tongue,1,-0.30542737,0.52221757,0.56596744,0.45775390,0.22221047,-0.62807018,-0.52290612,-0.87329906,-1.52498317,-0.32933033,-1.59270155,-1.45610547,-0.74117094,-1.02579355,-0.07757000,1.04207361,-1.11572027,0.45689762,-0.09764421,0.21078184,0.49781954,0.03489698
4,0.392000,tongue,1,-0.34195355,-1.85021758,-3.89044833,-0.53087664,-0.54961282,0.10302812,0.38032806,0.73723680,0.99488807,0.98437774,0.22066380,-0.38011512,-0.05732439,0.79722315,1.40107512,-0.95046210,-0.57456166,-1.51718140,-0.26324639,0.89820260,-0.54741418,-0.54806393
4,0.396000,tongue,1,-0.37196949,1.11296010,-0.67329621,0.70556653,0.42166907,-0.78770196,0.49145824,-0.48096764,0.80078709,0.70365453,1.13349414,0.23064232,0.16943401,-0.31160536,-0.95006996,-0.29122293,0.75050777,0.58125687,0.74183333,-1.05257297,0.84097517,1.19008577
4,0.400000,tongue,1,0.96025103,0.18952231,-1.41767645,-3.17689013,-1.29114246,-0.33132148,1.64134753,0.55843526,-0.67863137,0.07345401,-1.15407598,-0.16531873,0.37178195,0.24691826,-1.82710218,-0.36747590,-0.54373169,-0.31821558,0.38024288,-1.03806984,-0.67716938,-0.83923316
4,0.404000,tongue,1,1.97351146,0.36855665,-1.12719691,1.09763682,0.78523850,-0.05046347,0.21172433,0.69330728,-0.96041536,-0.12337191,-0.67537481,-0.95007575,0.83990753,-0.38781443,-1.38017654,0.12952688,-0.95940828,-1.02651441,2.10565257,-1.06759322,-0.74905443,-0.93596578
4,0.408000,tongue,1,-0.90140462,0.39303988,-0.42237750,-0.71902674,-0.77309507,1.24291444,-0.55671120,2.24604750,0.01139744,-0.01464457,1.35613370,-0.25153339,0.81752545,-0.76056397,0.54841989,0.99923617,-0.49749377,1.98576009,-3.57978058,-0.77988940,-0.79269218,-1.29751670
4,0.412000,tongue,1,-2.78505492,1.08578563,-0.69026208,0.00040942,0.61643779,2.17567801,-0.28094453,-0.27289763,1.77141929,0.57827497,0.77196205,1.18219578,-0.73630404,-0.47458279,0.75850451,-0.47258908,-2.72909212,2.15793681,-2.55496836,0.27311349,-0.86449033,1.35796630
4,0.416000,tongue,1,1.39833391,-0.16004318,0.62782180,-0.55894750,0.30022818,0.84061313,-1.97418618,0.53170228,0.52394420,0.38640600,-0.03673838,0.26189208,0.83949023,0.06849603,0.64046723,-1.46435702,-1.78881896,-0.02631347,0.53181857,-0.33346015,0.85882306,1.65446043
4,0.420000,tongue,1,1.07224762,-0.18313417,-1.28004992,-1.51926327,0.56018102,-0.67195004,-0.20872058,-0.26399159,1.40143955,0.41875273,0.07664403,0.85911715,0.67882001,-0.03766232,0.39402348,0.47103849,-0.16373804,-0.42540962,-1.61902189,-0.94847357,0.20582171,0.35320345
4,0.424000,tongue,1,1.13984299,1.23206651,-0.58721989,0.76138812,0.38643265,1.32517147,1.32070923,-1.28432262,1.51375794,-0.04871882,-0.70916951,1.02850473,-0.07436728,0.92932010,1.31774282,0.85436773,0.10464959,-0.83802766,0.30254847,1.30921769,-0.18306124,1.51536453
4,0.428000,tongue,1,-0.22871315,0.03223084,-1.01315355,1.03577292,-0.49264723,-0.05729108,0.21094082,0.35240674,0.06199639,-0.67525595,-0.59091640,-0.40650454,1.10724401,0.31942785,-1.65330386,0.35806239,0.63728541,0.77908218,-0.59577763,0.68301427,-0.18156829,2.31054854
4,0.432000,tongue,1,-2.19842815,0.28539425,-2.62037396,0.46553487,-0.92615116,0.98592919,0.27011067,1.50969660,0.34804010,-0.17116702,-0.15058428,0.22231627,-2.54321456,1.29657948,-0.64042473,-0.79008877,-1.56787992,-0.42817616,-0.05852551,-1.59836304,-0.55453622,-1.45221293
4,0.436000,tongue,1,-1.28165853,1.13316178,-1.44943118,0.19411840,-0.08446571,0.61594439,-1.07971144,0.00953849,-1.18070197,1.62025499,-1.28008378,0.49960154,-0.52039450,0.40419194,-0.33465159,1.53726888,-1.05026257,-1.13481820,0.62912047,1.07958174,0.47972685,1.69672513
4,0.440000,tongue,1,0.02583172,-0.04272552,-1.82091618,-0.10777563,1.93708575,-0.42852363,0.34648401,-0.40771723,-0.67336786,-0.01836174,1.27658892,1.99498022,-1.19556653,0.36855698,0.25444084,0.36080658,-0.28560072,-1.02898216,0.50928926,-1.79480493,1.66309690,-0.33980733
4,0.444000,tongue,1,1.40913367,1.23394191,-1.00126934,-0.19463028,-1.93354654,0.28971711,0.41437277,-1.30255866,0.37111866,1.91561842,0.06118680,1.64041984,1.20843959,-1.89850879,0.33477318,-0.92858088,0.83008987,-1.41674280,-1.80687690,0.52777243,-0.04988653,0.25463217
4,0.448000,tongue,1,-0.32586583,0.58408529,0.23158738,0.82792598,0.22383866,-0.82919025,-0.43836915,-1.43547750,-1.03709018,0.21898778,1.97871876,-0.49010733,-1.91084802,-0.49302956,1.51212227,-0.22813462,0.12896450,0.11852721,-0.02385360,-1.90192008,0.47134393,-1.80662262
4,0.452000,tongue,1,-1.22983193,-1.58593035,0.56951189,1.16916442,1.43059266,0.02407697,-0.48636833,-1.16993713,-0.59785324,-0.40032756,1.00428259,-0.52267545,0.24788459,-0.01735908,2.25783539,-0.31307828,0.51153213,-0.52715474,1.74374902,1.12160468,-1.33932400,-1.19533205
4,0.456000,tongue,1,1.37169683,-1.57863533,-0.49038193,-0.39861777,1.11575794,-0.14922154,-1.19774187,-1.38705111,0.65113145,-1.38566291,-0.56505924,-0.39815891,-0.26327756,0.36170599,-1.78092742,0.42889324,1.34688139,0.31860650,-0.20723368,-0.69152319,0.50491357,-1.08283782
4,0.460000,tongue,1,1.14389157,1.08659518,0.61227524,0.14695531,2.13201070,0.39862043,0.05858566,-1.77423453,-0.92789733,0.01684828,-0.57133001,0.11706863,1.66369474,-0.31540322,0.79366934,-0.62058443,-0.45548278,0.09549694,1.32850146,0.29657915,-1.07006609,0.63112229
4,0.464000,tongue,1,-0.12248418,-0.87631321,-1.38052928,0.05665766,-3.40277100,-0.02689076,-0.03935788,-0.46925005,-0.79428339,2.45530128,1.28916609,-0.63352519,0.01592271,0.56346947,1.22858906,-0.22479540,0.24496645,-0.40424693,0.57138240,0.65282029,-0.31298262,0.88184720
4,0.468000,tongue,1,0.64162791,-1.17027426,0.09419552,2.06474853,1.00349915,-1.74294186,-1.33708262,-0.55558735,-0.99553198,0.41571778,-1.11085415,-0.16962403,0.64605057,2.08954787,0.68635321,-0.14275019,-1.51394165,0.25292742,-0.13412043,-1.24416065,1.07188785,-1.73553824
4,0.472000,tongue,1,0.07233681,-1.57226360,-2.16672969,-0.37271178,0.47516519,0.15079325,0.38186994,-0.95684040,-1.41477764,0.30006689,-0.67850184,-1.63148963,1.16013086,-1.04519224,0.75786507,-0.89633554,0.67940706,0.30630586,0.42489254,-1.83833361,1.06391823,0.50391763
4,0.476000,tongue,1,-0.27370834,-1.33335996,-1.38807321,-0.19411498,-0.95391381,0.97837210,-0.45867631,1.18359494,-0.16113868,-1.30715704,-0.14554308,1.36601055,-0.14609677,0.41506115,-0.29173011,-0.73885268,-1.19886076,0.07987398,-1.24567294,-1.81179559,1.09523523,-0.04068059
4,0.480000,tongue,1,1.81187153,-1.17221475,0.27899525,-0.27113622,0.99047458,0.69448769,1.15071225,0.75644904,-0.77578777,1.65681016,-0.16352302,-1.02589393,-0.44808826,-0.73190415,0.42024359,-0.54179192,0.94540334,-0.43855476,-1.04441369,1.26499534,1.76408970,-0.70522302
4,0.484000,tongue,1,0.07805124,-0.78987640,-0.57799524,-0.30949250,-2.83357835,-1.19059086,2.56847382,-0.38281873,-1.12351525,-0.30345038,-1.74202907,1.08221412,2.31250310,0.87444729,-0.85007828,-0.64217561,-1.68493283,0.80113727,-0.74718881,0.21516298,1.36298871,-0.27900544
4,0.488000,tongue,1,-0.92718387,0.74033099,0.47700968,0.13424134,-0.38695508,0.30278423,-1.22223210,-0.14292848,-0.26554704,-0.65323168,-1.42878342,0.71061182,-0.77372980,0.34266102,-2.72832370,0.82943863,-0.11799081,0.57803899,1.08555508,-0.96844625,-0.42564049,0.66308439
4,0.492000,tongue,1,1.77205992,-1.50710177,0.73319095,0.02035659,1.24624217,-0.62693411,-1.64322865,-0.26476783,1.36508143,0.78039539,0.94727099,-0.63069713,-0.84970081,1.36140752,-1.31530929,-1.50243485,0.02988236,0.33888590,-0.85389006,0.92062563,0.07346516,2.17203569
4,0.496000,tongue,1,-0.76912916,1.53815770,-0.54591948,2.91667819,-0.19860029,0.74115336,-0.01513709,-1.40130985,0.89581025,0.80194485,0.80493116,0.39902183,-1.05775285,-0.80889106,-0.57547790,1.75912952,-0.70239758,-0.28139922,0.35412610,0.04697132,-0.21720825,-1.00547004
4,0.500000,tongue,1,2.83614898,1.06294727,-0.30882481,-0.63916349,1.56214595,0.54260570,-0.52932441,-1.72818184,0.03674163,0.06185310,-0.81812412,0.70891768,0.18711904,0.74313813,-1.03028953,0.95115930,1.53188789,0.81325948,0.49418914,-0.93655354,-0.24081446,0.33896896
4,0.504000,tongue,1,-0.10019860,-0.09184267,-0.84439814,-1.37426054,1.49946499,0.12612064,-0.55037415,-0.44115090,-0.17053252,-0.17211254,-0.62263888,-1.08349371,0.46254662,-0.20830016,-1.60455501,-0.71099406,2.10889220,1.07025361,0.09692863,2.22345018,-0.29984102,0.00702866
4,0.508000,tongue,1,0.62189245,-1.11157191,-0.34537518,-1.34389329,-1.78345931,0.64735109,-0.97302991,0.56687301,-0.78589332,1.10337138,-0.69225663,0.33461407,2.00972128,1.07846904,-1.40436053,0.55796587,-0.61106449,1.01333570,-0.54686022,-0.35731393,-1.30117679,-0.25451452
4,0.512000,tongue,1,-0.63979948,-0.91032720,-0.52491027,1.93198872,0.87695956,-0.13235033,0.17823209,-0.54213846,1.42096174,-0.49945724,-0.09326136,1.17093027,-0.60528731,-1.46809161,0.14301521,0.26246041,-0.34883040,0.73109049,-1.86432505,0.27253544,0.01191889,0.27483678
4,0.516000,tongue,1,0.73881507,-0.11431481,0.88671774,-1.35411358,-0.29078209,0.19551960,-0.08088040,1.76269007,-1.13940346,-1.16969049,0.48168275,0.22009856,-0.72283417,0.28804076,-0.52025485,0.93872428,-0.41731396,-1.68063235,-0.74363953,1.27936816,0.81408560,0.50021869
4,0.520000,tongue,1,-0.51301247,-1.54104424,1.77159357,1.58119798,-1.31441236,1.05504608,1.28619838,0.81478977,0.63712782,0.28231877,0.53537226,0.85365683,2.17367077,-0.23699692,-0.30612576,0.03588528,1.36422813,-0.14151800,0.55841058,-0.20857775,0.25002009,-0.00851352
4,0.524000,tongue,1,-2.00954294,-0.02483866,1.03564370,-1.63861096,-0.46550968,1.32669461,-0.07111096,-0.24683042,0.88097537,-2.30285001,0.95156240,-0.08829206,2.43074489,0.31168798,1.38945520,-1.81158841,0.65261441,0.07646780,-0.73740417,-0.69356370,-0.22170071,-0.15001956
4,0.528000,tongue,1,1.25236547,0.29937661,-0.09180707,-1.02226961,1.55520201,0.98970091,-1.47553563,-0.61605197,-0.75605142,-1.28620887,0.73048013,0.95676935,-0.50393945,-1.99121463,-0.25202751,0.08133800,1.81922519,-0.28627449,0.44239643,-0.82611704,-1.17535162,0.42217839
4,0.532000,tongue,1,0.28922623,0.15787552,-0.71582854,-0.25517598,-0.36089793,0.73519093,0.26799595,0.11530171,1.21820414,0.37851208,-0.54044437,-0.92315698,-0.02393022,-0.93457156,0.41980696,0.10959809,-0.34969532,0.19146292,0.21728708,-1.96086919,-0.82749653,-0.80242836
4,0.536000,tongue,1,1.87189913,-0.42078194,-1.90491199,0.14407055,-0.02361843,-0.73292285,0.84033614,0.00936994,-0.59651750,-1.25642133,-0.89716637,-1.57062042,0.38060701,-1.03328800,-0.29324287,0.54238117,0.06678858,-0.42465526,-2.03784871,-0.92079186,-0.66232544,1.47385621
4,0.540000,tongue,1,-0.42191732,-1.29882538,0.48966926,-1.04268026,-0.37213349,-0.04643640,-1.34105897,-0.00584379,0.82675564,0.43632856,-1.61482751,-0.89361823,0.48441094,0.19442023,-0.63543797,-1.96203089,-0.48311782,-1.42803037,1.89296222,0.66814005,-0.03569673,-0.67205161
4,0.544000,tongue,1,-0.70627028,0.80429983,-1.16154504,-0.19191292,-0.92509902,0.52251559,-1.04959333,-0.41264242,-0.79062355,-0.79655731,-0.09511915,1.37127197,0.92388588,1.59015477,-1.07953095,-0.33763874,1.86455560,0.87019312,-1.59469843,0.08301763,-0.29286003,-1.85892642
4,0.548000,tongue,1,-0.63584632,-0.09462277,2.11426806,0.12624824,0.07411508,-0.69152254,-0.08709005,-0.15624902,1.86523974,-0.21595104,-1.26156557,-0.73848075,-0.67343479,-0.82974112,0.82912064,-0.85682899,0.25236869,0.03796653,-0.28875247,-0.51716262,0.77315521,-0.37930244
4,0.552000,tongue,1,-0.48015195,-0.24407123,-1.13169408,0.29893583,-0.48612639,-0.42521650,-0.19678238,-1.21089303,0.28208956,0.44737870,-1.85037518,-0.70062387,-1.10555995,-0.41915375,0.14094248,-0.06796445,1.45595264,-0.66638047,-0.71862179,0.71094823,-1.30103076,-0.56467140
4,0.556000,tongue,1,-0.31382391,0.34605479,0.22223806,1.18906546,0.80935156,0.82580066,0.12683627,-0.13964292,-1.76553905,-0.42452636,0.05819215,0.78283876,0.30845588,0.29526535,-0.55617720,-0.27740374,-0.21886282,-0.26976255,-0.91253215,1.20266509,-0.79395348,0.99183369
4,0.560000,tongue,1,0.76700044,0.98505968,-1.26518989,0.67449826,-0.19949269,1.73622608,1.22994936,0.84911585,-0.17362791,0.14189094,1.37823391,0.24157421,-0.40207303,-0.83513695,1.87940586,-0.47490367,-0.60348529,-0.08009982,-0.28557539,0.63939524,-1.39347804,1.34418344
4,0.564000,tongue,1,0.26802695,-1.48553681,-0.09496939,-0.39948070,-0.03205280,0.21293554,0.97090542,-2.42934203,0.12216448,-1.14451861,-0.71385133,0.54528111,-1.16787910,0.36281818,-1.21267951,0.59681100,-0.86247253,0.56721699,1.25654125,-0.02343358,-0.34335256,0.52747154
4,0.568000,tongue,1,-0.03430403,0.38774377,-0.61435312,-0.22921669,0.18163860,0.87182409,-1.46267223,-1.82271826,0.75546730,-0.85339946,-1.27972770,-0.00069289,0.98013645,0.15082997,-0.64144790,1.30555427,0.13646856,0.14993630,0.40410909,-0.16357051,-0.32951614,-0.01573333
4,0.572000,tongue,1,-1.12764382,-0.23414846,1.48874199,-2.50132060,-1.09524286,0.56823975,-0.79700178,-1.68673229,0.74830550,1.18433070,-0.69396865,0.74843323,0.32591739,-0.45526728,-0.48504475,1.88560963,0.35821477,0.05265183,-1.26706028,0.36841837,-0.35024235,-0.72791493
4,0.576000,tongue,1,-1.65760195,-0.48636961,1.57919705,0.87093484,0.50577360,1.60798848,0.29753792,0.26263547,-0.07831278,0.35564590,0.37134635,-0.13943952,0.28080574,-1.41759741,0.19705215,-1.15680456,-1.18402731,-1.74469304,0.71662724,1.81396914,-0.08450032,-2.47693658
4,0.580000,tongue,1,0.51648664,0.00475841,-0.24752121,0.56604290,0.38293743,-0.90821081,-0.48152989,-0.74064428,-0.58959675,-0.59394604,-0.39040166,-1.39473224,-0.22552447,2.04427147,-0.19097690,-0.58938366,-1.69886327,-0.63960713,-0.96583056,0.01341057,-0.70892322,-0.47662848
4,0.584000,tongue,1,-0.09622351,0.17822476,-1.39330041,-0.37492496,1.52643514,0.48571405,-0.17642984,-1.93650091,-0.77014768,0.81097901,1.60256624,-2.42704844,-1.49056005,-0.73599780,0.04924772,-0.51093209,0.38782167,0.16560970,0.01106316,-0.29155621,1.85377359,-0.08877508
4,0.588000,tongue,1,0.79909205,-1.12695146,-0.39700636,0.86433619,-0.97641826,0.38978052,0.38242200,2.08896732,0.13802578,-0.15529074,-0.59707487,1.14185143,-0.73466039,1.05595291,0.13100365,0.67470455,-1.09375322,-1.11450899,-1.98548245,-1.92697930,-2.33499479,0.39854062
4,0.592000,tongue,1,-1.53927338,-2.00132036,-0.95439172,0.02690332,0.01569300,-1.74148488,0.29140931,0.10734212,-0.55887002,1.45070136,0.37263957,1.45045269,0.01950468,-0.53279114,-0.61863410,-0.34528482,0.85991991,1.27907825,0.30640560,-0.45721951,-0.16086808,0.65265357
4,0.596000,tongue,1,0.63069463,0.93054116,-0.00831279,0.62940168,-1.82420635,0.23023523,0.84020698,-0.00112147,0.62550521,0.19563735,2.88005233,-2.72829556,-1.37662232,-0.74962455,0.04528756,-0.13050568,-0.39565411,0.45206541,0.58961815,-0.39108118,-0.88867086,-0.68569851
4,0.600000,tongue,1,0.87397265,0.19359353,-0.16939867,0.74229634,-0.64873397,0.60264087,-0.78518665,0.31755567,0.53954738,0.43877542,-0.58955014,1.08877647,-0.50630647,0.30317295,0.20420566,-1.80718172,0.57627922,0.94070834,-0.30742225,0.74419421,0.68243706,0.23491246
4,0.604000,tongue,1,-0.67950797,-1.10920882,0.58982712,1.86945856,0.23383363,-0.21706063,-0.80617607,1.31551957,0.72914505,-0.28567201,-0.11034594,0.15991741,0.93552762,-0.07001914,-0.45255947,-2.52013111,0.01581080,0.43039119,-0.18219301,1.37039804,-1.87801635,-0.44800070
4,0.608000,tongue,1,-0.93640828,0.33162457,-0.68171871,-0.67927277,-0.74409151,0.30353808,-0.30053210,-0.64621031,0.86313319,1.60105622,-1.72655904,0.62501150,-2.23997951,-0.61320043,-2.03780580,0.45060390,-2.15186572,0.42593887,1.91010773,0.98656136,-0.55659789,-0.45599419
4,0.612000,tongue,1,-0.87651873,1.42995167,-0.24811311,-0.33306634,1.83668625,1.02267241,-1.00349724,0.95007670,-0.51652622,0.09492725,-0.09300898,-1.01877224,1.70870340,0.72327679,0.80548483,-0.47530392,-2.19494724,-0.49656954,0.71279925,2.12564182,0.31723860,0.27298877
4,0.616000,tongue,1,-0.91109389,0.58394295,-0.18886276,-0.91401577,-1.38379371,0.17054392,-0.53230250,-0.64723909,0.54388213,0.66965926,0.11505570,-0.80545425,2.50468946,1.65072989,-2.58512378,0.06554700,-0.68487245,-0.59395933,0.24734607,1.68681443,0.54955894,-1.21544981
4,0.620000,tongue,1,-1.00677168,-0.14135356,0.43267742,0.82596600,0.77043462,1.24516177,0.09909674,0.24381608,1.12859154,-1.02843714,1.21420693,-1.64824927,-0.58086640,-0.68251628,-1.04516160,-1.66523731,-0.01681785,-0.57518607,-1.37887001,0.67074525,-0.28970149,0.81140894
4,0.624000,tongue,1,0.76625997,0.11423336,0.46047840,-1.19027042,-1.96084118,-1.74532270,0.15381345,-1.02186823,-1.42253888,-0.47760734,0.34677678,-0.11672226,-0.15962261,0.97390890,0.35777649,0.24503885,0.77714717,-0.58260691,0.42487478,-0.40561736,1.34513903,-0.08890291
4,0.628000,tongue,1,0.11897435,0.58232433,0.30257910,-0.43218300,0.36931717,0.84263915,0.97454333,0.69024205,-0.99414510,-1.90677798,1.16737819,-0.46741307,1.40403330,0.88387012,1.15578425,0.06363692,0.33101556,-0.89531386,1.43214405,-0.69906676,1.69811678,0.68751758
4,0.632000,tongue,1,-0.00786065,0.86645234,0.34909973,-1.11587501,-0.41398445,-0.17758229,0.12346699,0.39614770,-1.08365345,1.44694805,-1.15025783,-0.10661542,1.55680871,-0.11450579,0.43453747,0.66861272,-0.61042106,-0.39267823,0.10489142,-0.98910832,0.94232726,1.65599334
4,0.636000,tongue,1,-1.44498646,-1.82763004,-0.22832306,-0.43841264,-0.58094019,-0.28254923,0.73094738,0.31981891,-1.05411768,1.07762337,1.46869528,-0.72897279,0.29697010,-1.24673593,1.13428986,-0.56176287,-0.77077585,0.31357303,1.34557819,-0.26747739,-1.10605299,-1.98951495
4,0.640000,tongue,1,0.38671041,0.19601446,-1.13434136,0.35193691,0.91378576,-0.47129545,0.63952297,0.83362442,0.81545824,-0.62830395,-0.53039664,-0.88306201,-0.24993564,-0.45931733,-0.10276529,0.57718271,1.47494352,0.93970019,1.38224018,2.16429830,-1.54239130,-0.36242151
4,0.644000,tongue,1,0.61294055,0.59825855,-1.24109340,-1.51730251,-0.27954167,-0.01412088,-0.45621651,0.54121554,-1.25325286,1.18025565,-0.11165138,-1.28060079,1.14497316,-0.25561026,0.33166242,1.25734854,0.16076356,0.43134370,-1.79358780,-0.45461234,0.54996979,0.73128194
4,0.648000,tongue,1,-0.31172273,3.06850147,0.62549615,1.47374105,-0.46040487,-1.03244925,2.54263735,-0.26578754,-0.03248204,-0.00030649,-0.54210913,0.40466598,0.96162039,-1.22349107,-0.95504349,-0.28427118,-0.19962430,-1.18153119,0.97447574,-0.63360804,-1.08554900,-0.68580538
4,0.652000,tongue,1,0.84076220,0.27740288,1.93450689,0.04008561,0.22666076,-0.67169088,-0.12417740,0.02166336,2.10148215,1.03536606,-0.26944563,1.01377428,0.67215204,0.68398875,-1.02204680,1.17006826,-0.45920098,-0.08113556,0.12535118,-1.47216773,-0.07881212,0.17994922
4,0.656000,tongue,1,1.07841229,0.10363996,-2.30384731,-1.20908141,0.30478197,1.72667432,-0.42963016,0.42136061,1.53570700,-0.77693254,-0.30569327,-0.97394639,0.95411837,-1.16592586,0.06477353,1.53942239,-0.57759804,-0.43093672,0.99816966,-0.89403152,-0.68871945,1.13381243
4,0.660000,tongue,1,1.02230704,-0.89465553,1.15033281,0.26311958,0.82065314,-1.65681100,-0.65922761,-0.22943072,-1.05164921,0.08110588,-1.01359773,0.87374932,0.35883015,-0.97264296,0.00458547,-0.47558033,2.13288116,0.33486730,2.12597561,-1.53648806,0.00033686,-0.26167026
4,0.664000,tongue,1,-1.27961314,1.48377216,0.67750829,-0.43835017,0.51462352,2.14495397,0.55847359,-0.94245762,-0.31645602,0.13378906,1.93080592,2.18108869,1.20263720,-0.81933451,0.28119135,1.09939337,0.56552780,0.47329342,-1.61189270,-1.14207542,-0.63723284,1.20137608
4,0.668000,tongue,1,-0.65453511,-0.29313740,-2.43458986,2.20054340,0.05418538,-1.17833710,0.04635207,-0.10150497,1.00945604,-0.81569606,-0.10315920,1.39831984,-0.35593683,-0.64842129,2.02324891,-0.46450952,-1.27955163,1.50463188,-0.13183251,-1.60743058,1.46503341,-1.60716689
4,0.672000,tongue,1,1.11902261,-0.85556185,0.40034822,0.62182677,-1.92709267,-1.60502744,-0.79354817,-0.27974835,1.52283812,0.23822281,1.08503330,-0.50328493,0.49482203,-0.01909781,-0.60306674,-0.84159529,1.89685321,0.34612563,0.06111049,-1.02363157,-1.16084671,-1.28729427
4,0.676000,tongue,1,-0.34132791,-2.81774116,0.62725371,-1.56226766,-2.38580751,-0.04586862,-0.61302191,1.04181826,0.84780568,0.18497834,-0.01351572,1.30264926,-0.38125306,-0.89043510,0.32628417,1.33073521,0.70803785,0.87700641,-1.40070105,-0.60077494,2.35140848,-0.17344481
4,0.680000,tongue,1,0.62267035,-2.00992179,0.81634444,-1.82273293,-1.44230616,-0.12364163,-0.34845558,1.12108707,-1.03583741,1.78897953,1.68667734,-0.59152478,-0.08331075,-0.59079266,0.41459525,-0.64854836,-1.25993896,0.67217529,0.10667957,0.26341686,1.33538401,-1.30491042
4,0.684000,tongue,1,-1.00622463,-1.69770563,-0.90828204,-1.38954484,0.41724807,-0.81027716,0.43620566,0.51899952,0.70376915,-1.63536668,-1.82956600,0.97026420,-0.33908266,0.96636057,1.82254374,-0.52199751,0.68447435,-0.01206386,-0.26407996,2.60742474,-0.08707175,0.66041523
4,0.688000,tongue,1,0.71431440,-2.18532085,-0.27852625,0.32388702,-0.88530803,1.14564538,-0.66199654,-0.13625826,-0.15191571,-0.51092923,0.64569598,0.28561208,0.42035127,0.17264575,-0.30020109,0.71853483,0.15687314,-1.23636580,-0.70485628,-1.12177241,0.07468156,0.24775742
4,0.692000,tongue,1,0.31274119,-0.78097636,0.51776046,-0.48256764,0.16164421,-0.26895589,0.06500570,0.48028639,-0.68018472,0.42925575,-1.20355070,0.96322590,0.91453212,-1.19366026,1.03535748,-0.00814268,0.13299124,1.56015766,-0.33259639,0.46351823,-0.37017614,1.69656563
4,0.696000,tongue,1,-0.53284216,-0.78690511,-0.71225208,0.48524407,-0.49272323,1.46836090,0.25427169,-1.02744091,0.58757937,0.19570704,-0.77906954,-0.68180782,-0.42781344,1.33216143,1.22839713,0.44509235,-0.94177681,0.69180280,-0.47263166,-0.75951028,0.32503104,-1.06752992
4,0.700000,tongue,1,-1.72509563,2.34078169,1.02262080,1.18349028,0.94060719,-0.02811889,-1.14884686,-0.42982668,-0.18356168,-1.89171827,-0.01110672,0.02281876,0.61901903,1.12187719,-1.33740270,1.77705431,0.23245445,-0.45468190,-0.38079178,1.15000761,-1.10343266,-0.46526980
4,0.704000,tongue,1,0.95506209,-0.33981666,1.16499114,2.61202526,-1.40388620,-1.17344141,-0.16067381,0.17536217,-1.38693225,-0.33003449,0.98333669,0.66037750,0.49928594,1.36959481,-1.31293654,-1.58487618,0.40163201,-1.29427886,-0.71944183,-0.30556226,-1.53587651,1.86432958
4,0.708000,tongue,1,0.86457485,-0.83586174,1.71319199,1.31051517,1.40030789,-0.34011647,0.32384080,0.28607559,0.95766145,1.21562815,0.75213087,-0.49257526,-0.52252722,0.00575769,0.17351282,-1.19973254,0.33918455,0.29510263,-0.68040437,0.36037853,-0.99894637,-0.17577824
4,0.712000,tongue,1,0.59324086,2.11916566,-0.89230847,-0.06379575,-1.29996991,0.74836171,-0.42979401,-1.49387550,-0.59444433,0.11108241,-0.57743216,1.26597595,0.70566547,-1.13164163,0.40568456,0.12270527,3.82993770,0.53747791,0.04433417,-0.80332035,2.40233159,0.63350922
4,0.716000,tongue,1,0.06433015,0.08008694,-2.12533116,-0.72066003,0.35696840,-0.83240396,0.91669023,1.30853152,-0.24781436,-0.03074944,-1.48963034,-0.48757735,1.52477813,-0.75449777,-1.04382885,-0.75977099,0.44987077,-0.23970906,-0.93777192,-0.71383268,-1.07864439,-1.70429993
4,0.720000,tongue,1,0.95980459,0.23368959,-2.47056413,-0.98844039,1.78444505,0.59422809,-1.68207181,-0.23170505,0.91025585,0.23103841,0.85278851,-0.09666690,-0.33143952,-0.80126852,1.09849370,-0.48098409,0.30554378,0.72206128,-1.04663181,1.22128141,-0.90400714,0.74671704
4,0.724000,tongue,1,0.38104993,1.36963594,0.70285285,-0.83935052,-2.04188848,0.66806257,0.89654428,-0.01872520,1.61393940,0.45119730,0.74467063,-0.05616307,1.88869619,-0.41840285,0.86485791,0.54028511,0.90727586,0.73017550,-0.04600890,-1.67783308,0.47919157,-0.15244664
4,0.728000,tongue,1,-0.43785822,0.87493074,-0.08367779,0.45288819,-0.35209906,-0.85385334,0.94932586,0.22762443,0.21966505,-1.72485578,0.60444772,-0.44137239,3.00682354,0.51931632,-0.23573916,-0.47202966,-0.31891102,-0.47874659,1.58385813,-1.44950235,-0.71994191,-0.13506557
4,0.732000,tongue,1,0.93354678,0.74335134,-1.06635678,-0.56913424,0.72639835,-1.90856826,0.40367812,-0.15496860,-0.33208707,-1.59849000,-1.33176243,-1.59352803,0.10664792,2.22307682,0.41849935,0.00640759,-0.89326221,-0.06476852,-0.27242762,0.41948229,-1.11176991,-0.37249088
4,0.736000,tongue,1,-1.83116519,0.46508738,0.26245126,-2.04381180,-0.19300252,-1.74451458,-0.44257775,0.42761853,-0.74694836,-0.21084365,-1.66508138,0.86730516,1.59283531,1.24703300,-0.45565471,1.42331052,1.63577020,-0.25144139,0.09636623,0.62567180,-0.18349279,-0.26445130
4,0.740000,tongue,1,1.97373378,0.86551476,1.54685843,-0.01146122,-0.14029852,1.40341866,0.03362244,-0.29582587,-1.39273655,-1.07544684,-0.14558695,0.86913961,-1.23423445,0.32077590,-0.89441723,-0.82092828,-0.17478603,1.28352010,-0.53063583,-0.47340670,1.49601614,0.52309501
4,0.744000,tongue,1,1.46612787,0.21015336,0.11955053,0.14952920,-0.32542512,-1.23639691,1.40629613,1.72718108,0.54578042,0.80811405,0.26321742,-0.43076164,2.18470621,0.05375230,-1.54138434,0.96013135,-1.66744006,1.09230864,-0.26617151,-2.81684828,0.95733106,-0.68744558
4,0.748000,tongue,1,0.32200453,1.46589315,-1.66446209,1.39787781,1.28920639,-1.32692885,0.47354248,0.11486816,0.58027571,-0.12063739,0.88204759,-1.18824279,0.46653852,0.07911465,1.15574121,1.22933066,1.99666369,0.02649251,-1.59043622,0.64909679,-0.82461381,-1.62228870
4,0.752000,tongue,1,-0.27751893,0.05654344,-0.32945701,0.22834612,-0.36266536,-0.58169633,0.33563641,-0.44862464,2.19989467,1.30624318,-1.83728456,-0.24874131,0.51172280,1.18516171,-0.65867943,-0.38675237,0.94181544,-1.36080682,-1.14160705,-0.84699821,0.72026372,1.25108123
4,0.756000,tongue,1,-0.03798483,-2.31021738,-0.48218310,0.90658796,-1.63136101,-2.16681814,-1.06737828,0.33737761,-0.87970227,0.65373158,-0.22155397,-0.75295472,0.76288718,-2.78611565,0.35843492,-0.51628566,-1.39210629,1.25198507,-0.48267356,-0.73721105,-0.76155174,-0.68121296
4,0.760000,tongue,1,-1.00746548,0.72469282,-0.34647200,-1.29877543,0.68976766,0.21032867,-0.18349978,-1.92307734,-1.14565539,-0.97924280,-0.82957262,-0.04314772,0.29429561,0.47343251,-0.23542750,-0.44042963,1.12728155,-1.00566459,-0.62583977,0.09222341,-2.34966993,0.12059665
4,0.764000,tongue,1,-0.26500192,1.10953486,-0.24769950,2.84764361,2.02542663,-1.07456827,1.44154847,-0.91954523,-1.35373223,2.16195774,1.15457785,-1.08350062,1.00321269,-0.70812160,0.27980748,-0.70209450,0.18907720,2.18573809,0.60129201,0.41234845,-2.06449533,-1.34301138
4,0.768000,tongue,1,-0.71872348,0.47864455,0.96415365,-0.87629265,-1.74734759,0.51923496,2.10212350,0.45678431,-0.26952368,-0.60841167,1.28205693,-1.15309072,0.96781886,0.75378186,-0.65022033,0.48712251,0.62582844,-0.48149893,-1.18404400,1.55018675,-0.18154278,0.67658502
4,0.772000,tongue,1,0.79926538,-1.76751328,0.22424731,-0.26342154,1.02668369,-1.19237518,0.36404628,0.32273418,-0.40454262,2.23494267,0.00483025,-0.22090109,0.40751585,-0.75833678,1.35551500,-0.94286102,0.47073257,-1.37903512,-0.13515350,-0.52102751,0.56282163,0.30014008
4,0.776000,tongue,1,-0.20495829,0.96880382,-0.03833610,0.71446824,-1.87160289,0.13928270,-1.10057747,-1.57554841,-1.70904648,-0.31331265,-0.41074303,-0.08881958,-0.33191732,-0.54333103,0.50693005,-0.11372027,-0.12022079,0.03027633,1.75172615,0.37753934,0.60741568,-0.58083749
4,0.780000,tongue,1,-0.00771802,-0.63561320,-1.09800541,0.09266918,0.91966444,0.97263837,-0.87794238,-0.58020127,-1.71067035,-0.20622702,-1.34167325,-1.38498151,-0.90240484,-0.11365338,1.70639503,1.84753358,-0.95331901,-0.21435218,-0.98470050,-0.57193142,-0.52316862,0.13087592
4,0.784000,tongue,1,0.79070538,1.99401498,1.94516158,-1.06021082,-0.93637115,-1.33752394,2.24749827,-1.57777274,0.46463677,-0.45663470,-0.85813236,0.35774946,0.09001531,-0.39412558,-1.13830471,0.08427758,-0.13921352,-1.02597773,-0.23191738,0.34658301,1.17214334,-0.34704956
4,0.788000,tongue,1,1.38316500,0.95290184,-0.76179445,0.63982856,1.06593001,0.74038386,-0.31036177,0.35663760,-1.25635850,1.18872201,0.61386442,-0.54061967,-0.71444869,-1.08294523,0.43527478,1.42174590,-0.61375153,0.89376080,-0.16576469,2.49620628,0.75908983,-1.47034371
4,0.792000,tongue,1,0.50920528,0.12710363,-0.71251476,0.51255924,1.30070591,1.03437638,0.00014342,0.22321264,-1.76217031,1.06464219,1.27570415,-0.98243213,0.63350540,1.32721555,0.92343903,0.49427092,2.54667926,0.58396840,0.96839494,-0.65758145,-1.80382550,-0.72480196
4,0.796000,tongue,1,-0.46316478,-0.51853603,1.06999588,-1.13252163,0.52152538,-0.58390236,3.62838101,0.77641344,0.96507001,0.50656533,-0.94229406,-0.21915486,-0.25757653,-0.95973140,-0.76108187,-0.18148248,-1.04688227,0.65892875,1.06388867,0.29900402,-1.64967406,-0.01217149
4,0.800000,tongue,1,-0.82565516,-0.42320126,0.42717141,0.27686936,0.08004349,-0.50289011,0.02595704,1.70265818,-2.90767431,0.33476970,-0.45317692,0.80300838,-0.15694708,0.98317760,1.31575513,0.84708059,1.36277854,-1.01610363,2.07080364,-1.45002043,-0.80399519,-0.82264018
4,0.000000,left,2,0.05057824,1.20850801,0.50128317,-0.50725204,0.25286248,-1.87826574,-1.23355591,0.24824491,-0.56657618,0.48133379,0.65846628,-1.37902665,-0.48325908,0.61508077,0.37567246,1.60911393,0.27009603,-0.18520910,-1.14753711,1.27427268,-0.90883183,1.82632256
4,0.004000,left,2,0.12219813,-0.88539118,0.39399254,0.13681665,-0.39924273,0.05768630,0.24142522,0.72401893,-2.91978312,-0.70895118,0.80144060,0.91614038,1.04574633,0.93091953,-0.32518190,-0.77891582,1.69941604,-0.50695044,0.95614737,-0.60043597,0.23151848,-0.09596758
4,0.008000,left,2,0.01832389,1.53926635,-0.43552506,-0.18271333,1.59790719,-1.36497283,-0.14524849,0.16089423,1.26827526,0.80909014,-0.90189570,0.55870008,-0.13837259,-1.93521893,0.39322448,-1.15408015,-0.51048625,-0.68661189,-1.42185724,-0.75721419,0.16425632,-1.05073678
4,0.012000,left,2,0.30316406,1.60952425,-0.61874819,-0.07098444,-1.68027890,-1.96439791,0.64744139,-0.31547499,1.86892343,-0.12615174,-2.69771123,-0.70626348,0.73889685,0.60402441,-0.19264117,1.10087514,0.72463089,-0.36405656,1.21211278,0.03660600,0.60025978,-0.43699586
4,0.016000,left,2,-0.75630051,2.31838274,-1.38710010,-1.11315286,1.18617749,-0.73093122,-0.92330474,-0.40569943,-0.21519512,1.30548084,-1.92837965,-0.27097884,1.00701296,1.30223286,-0.40444562,-0.24639855,0.65714931,-0.53513157,-0.70947987,0.48479286,0.69761956,0.15239774
4,0.020000,left,2,1.77897394,1.22175157,1.78943598,0.65325844,0.17323157,-1.25250351,-0.02115976,0.46622053,0.47568670,-0.28277096,0.52687114,0.27087826,-0.85398716,-0.33130440,1.70664966,0.88482541,1.06545508,-1.33163035,-0.84121633,0.09731987,0.80221003,-0.54080385
4,0.024000,left,2,-1.05865502,-0.79353881,-0.98302090,3.23477459,-1.29878163,0.04087648,-0.56138808,1.49539602,0.23344438,-0.40777752,1.02821648,-0.03378577,1.07103360,0.72842425,-1.14404988,-1.26206827,-1.13657391,0.45034516,-0.75616127,-0.44956324,-0.77181834,0.68916404
4,0.028000,left,2,0.01643894,-0.50942397,-0.44943509,0.07215882,-0.00063050,-0.41145453,0.65010691,1.06670058,1.23092127,-1.99685204,-0.19779810,-0.19961675,0.85468292,-0.33317548,0.14274345,-0.65532464,-0.35436928,0.15657243,0.77876699,-0.01796216,0.84774643,0.47948179
4,0.032000,left,2,1.66825759,1.05772805,-1.67100704,2.44264102,-0.00982679,-0.96271777,-0.96562099,-1.47474754,-0.26176199,0.62690443,0.43448395,-0.32611457,-1.41863513,0.06598683,-1.41103280,0.29064983,0.67310005,-1.68542886,0.71408260,1.26168299,0.46283999,-0.15163594
4,0.036000,left,2,0.31628162,0.17385650,-2.23374605,0.49879420,0.77219868,-0.77456498,1.84369051,-0.73576742,0.86911529,1.89810991,0.74001718,-2.41626978,0.75276011,0.21844484,-1.42518175,0.07662319,0.82089216,0.19092242,-1.09003854,-0.87274873,0.49969861,0.35549924
4,0.040000,left,2,0.43779752,1.23636782,1.91639853,0.73267967,-0.43989584,-1.29633152,0.02926262,0.13279930,-0.69362837,0.83671308,0.15820540,0.31805792,0.41667473,-0.63063252,-2.23404956,-0.69775784,-0.18643640,-0.11705642,-0.05780745,0.04787784,-0.32072723,-1.44278193
4,0.044000,left,2,-0.13272162,-1.83422542,1.05917287,-0.49947041,-1.82848871,0.83824956,-0.78262085,0.79450804,0.95880181,-0.05517728,0.85819173,0.12073374,0.96207792,0.92915595,-1.73380923,0.13281050,-0.80869853,0.55379164,0.08867788,1.62433517,-0.40634409,-0.59136879
4,0.048000,left,2,-0.18449695,-1.25719047,1.25565946,-0.41885388,0.23811492,-1.34070253,0.36064887,1.26258540,-1.11428404,0.69121701,-2.00993109,-0.52307677,1.70462120,1.65900540,-0.40727526,0.71544594,0.82048041,-0.87184876,-0.42722666,-0.74357086,-1.91577196,-2.10731101
4,0.052000,left,2,1.09295022,-0.55591881,-0.55851215,-1.09807813,0.48300976,-0.47852978,-0.62518042,0.61711854,0.12119043,0.47246122,0.41057348,-0.31835005,0.14584686,-0.82923710,0.62407833,-0.32772380,1.79355013,-0.74102950,-0.59380478,-0.18677746,0.36319366,1.62981033
4,0.056000,left,2,2.01435304,-0.91887540,-1.15800488,-0.48285341,-0.78409439,-0.81279659,1.46595669,-1.13846934,-0.64937019,1.94617844,-1.21754444,-1.01070356,1.23584175,-0.69736046,-0.46560165,-0.24918401,-0.87173772,1.38887548,0.56971210,-0.04492946,-0.35324451,-1.10975206
4,0.060000,left,2,0.43215656,0.03662785,-0.79035181,-0.54426765,0.44560498,0.16531658,0.19503023,-0.45137781,-0.73158461,-0.36886364,-0.26200855,-0.32433689,0.51107007,-0.72597820,-0.03342431,-0.76665556,1.45147181,-1.06408334,-0.00057388,1.26949751,0.64581513,-1.31322742
4,0.064000,left,2,-0.64225900,0.24467988,-1.03897560,-0.46692455,1.19916356,-0.09318773,-1.18443298,-0.57515514,-1.75918984,-0.55015832,0.91083366,-0.80317587,1.27382267,-0.35618511,0.60269612,1.40931225,0.42131636,1.11175704,1.93164635,0.50406891,-0.22382562,-0.46234092
4,0.068000,left,2,-0.86956805,1.02946854,-1.84269881,-0.19385241,-0.13781150,0.46454573,-0.97308302,0.31737715,0.46718675,1.67588973,-0.90419233,0.86729455,-0.08452111,-1.27147555,-0.31226748,0.10268866,-0.76331872,1.18715966,-2.21504545,0.67847031,-1.19939268,-0.43918461
4,0.072000,left,2,1.55438352,-0.02921796,-0.26506040,0.19355968,1.27184427,0.18011928,1.14727497,2.15943718,0.98665696,0.28917289,0.74868459,0.69149113,-1.66694522,-0.95004135,-1.08520615,-1.86862767,0.63386762,0.66940737,-0.77430177,1.93831301,-0.57041836,0.38492879
4,0.076000,left,2,-0.66813648,0.55176234,-1.15236509,1.28628469,0.75824046,0.96555835,1.78593028,0.48786670,0.66060209,-0.89613283,0.14592345,1.45839691,1.95423722,0.40582669,-0.48969910,-0.68418103,0.23721386,-0.72572643,0.54091793,1.59723783,-0.58072424,-0.52656502
4,0.080000,left,2,-0.20153296,0.68981946,-0.84457570,-0.59394944,-0.18288335,-0.56837672,1.45174932,-0.39578560,-1.23156798,-0.76141328,0.75902712,0.09214548,0.28747931,-2.21557307,-0.29198062,1.18842065,-0.34957415,-0.25736105,0.66208827,-0.37554047,0.38893214,-0.05143129
4,0.084000,left,2,-0.90723991,-1.66631150,0.20882748,1.37552154,-1.05408549,1.13714123,-2.10329294,-0.34437254,0.48285973,-0.16510040,0.13610399,0.53170836,0.88544834,1.39976859,-0.06663260,-0.77675700,0.53883433,-1.16226685,-1.07155275,-0.28495950,1.12620783,0.45033538
4,0.088000,left,2,-0.80638903,0.78098488,-0.44262162,-0.14989208,0.10721719,-1.19488084,-2.75399685,-0.62522769,0.61958611,0.95576519,1.09260273,1.04164243,-2.00297952,-0.28754476,-1.82571483,-1.06763530,1.07074130,-0.70487702,-0.50755721,-1.17501867,0.85785162,-1.68300116
4,0.092000,left,2,-0.62950516,1.06085002,2.17113018,1.26765370,-2.02026343,1.36508799,1.15853429,-0.14568704,-0.23012131,-0.66346443,1.06495690,-0.87931800,1.87640429,-0.85950351,0.87341970,1.78707397,1.04906118,0.82941246,-1.29182708,0.23944226,-0.05866567,-0.47904211
4,0.096000,left,2,-0.33233637,1.42860997,-0.08529526,-1.82460630,-0.61823732,-1.47332180,0.02074747,-1.09998417,-1.48825538,0.49675626,-0.79174721,1.08661830,-0.85354644,0.49694997,-0.01747551,-0.63913292,0.34532794,0.32649058,-1.99817824,0.58475775,-0.00066026,-1.02952349
4,0.100000,left,2,-0.30389369,-1.19750488,-0.34462672,0.26834428,-0.08984621,-0.37298042,0.00274377,1.32718599,0.19706988,-1.13994575,0.05295581,1.07514679,-2.29536748,-1.39964628,-0.81025195,1.71774447,-1.69952428,-1.42249286,-0.05032472,2.42385077,-0.77903545,-0.76993859
4,0.104000,left,2,0.50179887,-0.99442101,1.48852134,-0.06588106,-0.37670267,0.28124335,0.51831561,0.80832779,1.38800168,-1.00621903,1.37163949,0.84277660,-0.03247893,-2.07669520,-0.05038903,-1.15609360,0.71879274,0.11699902,-0.52232653,-0.37304890,-0.24503474,0.86651629
4,0.108000,left,2,-1.36782026,-2.04896951,-0.23389381,2.09850907,-1.62540150,-0.98571044,-0.60242009,0.58745301,-0.64367318,-1.29517603,-0.80412614,0.08828267,0.88662803,-0.23177718,-0.12188653,-0.38791046,-0.04532536,-1.55182016,0.64579880,0.77161086,-0.14492223,-0.83135003
4,0.112000,left,2,0.12385634,0.95555061,-1.06547618,1.29497349,0.61633033,-0.46997294,0.06863058,-0.13748300,0.27661479,-1.01886356,-1.79073429,-1.05248916,-0.39971375,-0.98607814,-0.98894376,0.14696330,-1.07746196,-2.23944592,-0.37871656,-1.02783263,-0.59544033,0.13668661
4,0.116000,left,2,-0.34878641,-1.06308591,-0.35825536,-0.02352607,-0.39756739,1.18336558,0.06471474,-0.05849934,-0.01108894,-0.92812419,-0.09833075,0.39226344,0.88920671,1.31891584,1.50582039,-0.48986399,1.81934047,-0.09400316,0.46982220,-0.16033801,1.19022655,0.64333469
4,0.120000,left,2,-3.40308857,0.11887733,0.48454583,2.47756052,0.01938970,0.30768496,-0.16266598,0.86035156,2.97361112,-0.86706573,1.47631395,-0.64645845,-0.74664676,-0.07544022,-0.31582665,0.44493076,-0.97862893,-0.70122367,0.31430089,0.45284736,-0.65340805,-1.05156624
4,0.124000,left,2,0.13549568,0.50231785,-0.59642667,-0.85206610,-0.05637947,0.27148870,-0.60697168,1.32735038,-1.78242874,2.34647822,-0.86581922,-0.63630319,0.62905407,-0.37500533,2.39759159,0.81752747,0.17184259,-2.40156102,0.28000078,1.09527612,1.81429303,1.70704448
4,0.128000,left,2,-0.32341319,0.69354063,-1.04009271,-1.12370193,1.27160037,-0.82226914,-0.98965573,-1.34948087,-0.45719105,-0.39087892,-0.33388963,-0.13683149,0.74105525,-1.04575980,0.92877853,0.53044152,1.17418551,0.29224083,0.21656206,-1.30154836,1.79599786,-0.44213951
4,0.132000,left,2,0.36536503,0.76116991,-0.10115891,-0.36295295,-0.63230979,-0.13659203,-1.87063837,-0.84673083,-0.54257870,-0.20437807,-0.25560114,1.28476441,-0.28894120,-0.76294833,-0.25228697,-0.45488799,1.49078751,0.22720145,-0.81748211,1.77486050,0.38604105,-0.93367279
4,0.136000,left,2,0.12854834,-0.04433301,-0.16067320,-0.17239778,0.43882999,-0.15526322,0.01352672,0.23020050,-0.22879913,0.40340224,1.37179148,1.31510353,0.33889994,0.17003179,-1.44923723,-0.34437653,1.95299661,1.05942798,-0.29801807,1.12469220,-0.66535765,0.75729436
4,0.140000,left,2,-1.79048812,-0.40164512,1.42688990,0.68999600,0.59112394,1.78037441,0.70153272,-1.19530296,-0.43039104,-1.27610922,2.15544152,-0.52392316,1.04302204,-0.88463295,-0.88212419,-1.75193465,-0.72820061,0.69063073,-1.32027924,0.52016830,0.58126527,1.44224882
4,0.144000,left,2,-0.41882122,0.28391498,1.46300375,-1.93514907,-0.33070928,0.21890700,1.71465266,-0.58147490,0.43517232,0.71984583,-2.53644657,0.55539066,0.49354842,-0.26291829,1.18129361,0.50031132,-1.84974420,0.19448802,-0.35208049,-0.78241646,-0.75921476,0.33060712
4,0.148000,left,2,0.13618302,0.63546455,-0.46295393,-0.79859430,0.32941550,-0.31255019,-0.28041428,1.09246981,0.13136536,-0.40247276,-0.04683858,-1.40245330,0.31691635,-0.17393953,0.40759110,-2.65947008,-1.77624023,1.57762921,-0.83570331,-2.06864905,1.28401053,-0.59795588
4,0.152000,left,2,-1.29709268,0.48674974,0.23551264,0.91191912,0.17286788,-1.59669471,1.82575738,-0.71198195,-0.31304184,-0.21575817,-0.50520432,-0.13112025,-0.20491219,1.12772548,0.47434685,1.20312524,1.01975882,-1.82954049,-0.82861429,0.37335879,-0.68267971,-1.00059283
4,0.156000,left,2,0.79321140,-0.22198975,1.24820995,0.45367521,-0.28891489,0.56274736,0.30631706,0.41993296,-2.10480309,3.05657220,-0.78421015,1.30875838,1.25838542,1.47863257,1.40589631,-1.51897836,-0.07437586,-1.50823343,0.18730851,-0.50208622,-1.92351043,-0.74679470
4,0.160000,left,2,-1.12422645,-0.57848734,2.01105142,0.90129119,-0.23593019,-0.58630210,-0.36377025,0.69703615,0.47515124,0.49148569,0.97755420,0.56884891,-0.15581775,0.21013807,0.95786029,-0.79169858,-0.34791210,0.94435799,-0.68989968,0.23977350,0.44627532,0.31758028
4,0.164000,left,2,0.35451901,-0.97407472,-0.04198617,0.08240635,-1.39925909,-0.33538294,0.52810854,-0.27666381,-0.77972823,-0.83771461,-0.53675985,0.96154165,0.86446214,0.07957202,0.00646843,-0.38837272,-1.69868696,-0.26993150,0.15602809,0.43512884,0.39017689,1.48896027
4,0.168000,left,2,-0.26824874,1.55481529,1.02848935,0.40232313,-1.44730103,-0.49334875,0.10875653,-0.02714350,0.65441787,0.43778723,0.74312651,1.79478323,-1.68287408,-1.69753087,-0.95136356,1.27615392,-0.52226239,-0.32580575,-0.61101663,-0.59881049,-0.14600682,1.33546543
4,0.172000,left,2,-1.07359517,0.41053721,1.37076330,0.21497156,-1.34633422,-0.51373500,-0.20850584,-0.35110512,2.19746995,0.26449776,0.32799456,0.28173804,0.14346536,0.74083859,-1.10541451,-0.72177029,2.22716737,-0.13975416,-0.22565973,-1.02736163,-0.13603355,0.24467388
4,0.176000,left,2,0.52330822,-1.70818317,0.77530557,-1.67733371,-0.53431141,-1.38599408,-0.89990348,1.00870109,-1.74125230,1.51922762,0.10555238,-0.29210767,-1.18985689,1.23109972,-0.87292868,0.44043157,0.51282442,0.63651353,-2.05241394,1.78615475,-0.75847894,-0.12084918
4,0.180000,left,2,-1.60239589,-1.23757410,-1.07350492,1.72697914,0.09081432,-0.39504114,0.64130771,1.63785326,0.74582863,-0.13368486,0.24426232,-1.07198668,-0.68070704,-0.16540359,-0.32248664,1.60523903,0.69353020,1.55668187,-0.18560286,-0.04942335,0.64848006,0.56298280
4,0.184000,left,2,1.14553940,-0.68895209,0.72315371,-1.11943352,0.11342973,0.23006356,-1.01190996,-1.07687557,0.03704136,1.15829527,-0.95704544,-0.14314139,1.18612170,-0.80288512,0.12826198,0.84715360,-0.25968108,0.43178767,0.07375300,-0.27334553,-0.37103966,-0.59356380
4,0.188000,left,2,0.72981596,1.09819150,-1.26826620,0.97649217,1.17921448,0.89931530,-0.02138659,-0.27421570,1.29009056,0.68116158,0.21672972,1.13780212,-0.84978658,0.18328401,-0.54938126,1.83491707,-2.00141549,1.08536756,-0.62535787,0.48611245,0.28414217,0.83008146
4,0.192000,left,2,-0.57107753,-0.70868856,0.24767539,0.97542441,2.22587347,0.89016515,-0.58631837,0.43027022,-0.00957935,1.47596419,1.65964293,0.50982898,1.12074125,1.68175745,-0.30307287,-1.36174321,-1.09660304,1.72730422,-0.49050519,1.14680409,0.86766601,0.98090780
4,0.196000,left,2,-0.38540548,-1.54899323,-1.54094744,1.69842660,0.09254853,1.41733563,-1.46952403,1.08296835,-0.93638802,-0.64990681,-1.11112952,0.60955864,1.05720520,-1.02068317,0.28904837,-0.04264294,0.61809695,-0.82024693,0.77886355,-0.50359064,-0.53349298,0.22886926
4,0.200000,left,2,-1.70100677,-1.60819411,-1.13392079,1.25566626,0.47295126,-1.57924986,1.43286872,0.48256594,-1.63657212,-0.12172834,0.93417281,-1.06150246,0.41593668,0.43714193,-1.50276983,-0.78470612,-0.69023860,0.19290297,1.23340750,0.25421566,-0.43554854,0.93115908
4,0.204000,left,2,0.49565169,-0.60614055,2.16869068,-0.64796257,-0.83607727,-0.73941386,-0.39291760,-1.89864051,0.85544938,0.20174751,0.82076681,0.07302159,0.49126726,-0.44869345,-0.42384362,-0.21367419,0.87807167,-1.04421484,-1.11549580,-1.05545735,1.89183486,0.52267969
4,0.208000,left,2,-1.10105562,0.23094141,-1.35846817,-0.07855365,-0.04909765,0.60637408,1.02289367,-0.14705995,0.61383188,0.94401258,-0.47623184,0.69614559,0.28201473,-0.40574402,-0.06989013,-0.56058449,-1.31579888,-0.13531584,-0.17580187,-0.06307057,0.81520152,-0.75377977
4,0.212000,left,2,1.16613650,-1.02528417,0.72772366,-0.61203796,-2.49666262,0.54521859,1.07656586,-0.02932796,-0.15595534,0.07609116,-0.09010936,-1.15170646,-0.93830299,-0.58816439,2.31857467,0.46722218,-1.89719999,0.60041809,-1.91556859,1.18385851,0.93185204,1.46261036
4,0.216000,left,2,-0.55610156,0.24554992,0.54848468,-0.72494799,0.34126380,0.83948541,0.74640346,0.13519900,-0.47511420,0.93084395,-0.22996686,-0.14862742,0.11087304,1.68642795,-0.42325947,-0.52563214,-0.88244551,-0.18711549,-2.44506025,1.28781605,0.14694977,-0.64375550
4,0.220000,left,2,-0.28768554,0.49463770,-0.55777341,-0.67995429,-0.95357066,-1.17043245,-1.58358097,1.71802282,1.38326669,0.95451444,0.30137101,2.40209770,0.79497051,-1.87765610,0.12077977,0.59731704,-1.61210620,-2.80221534,1.47858512,0.63362193,-1.71425784,-1.63596869
4,0.224000,left,2,0.49583334,-0.94320977,0.19136171,-0.72847641,-0.37851870,1.59707594,-1.20865417,-0.21308669,-1.26623201,-0.16181818,0.58880919,-1.12473142,1.20778787,0.18583663,-0.84361190,-0.91872793,-0.05202381,1.25901186,-0.45964959,0.06817733,1.85055590,-0.16481514
4,0.228000,left,2,1.13165987,0.05331483,0.09845071,-0.86128712,-0.04779416,0.33560091,-0.47613648,0.88259161,1.58393919,-1.58771682,-0.59288663,-0.72355014,0.58217150,0.20956337,-0.90282923,1.30794001,1.78524983,-1.03476870,-0.57481861,1.44424856,0.20105211,-0.62966067
4,0.232000,left,2,-0.41317070,0.44450560,1.16733825,0.45674857,0.56613958,0.61038029,-0.48617652,0.86645597,1.26872158,2.67332101,-1.46013677,1.45809829,-0.18895124,-2.24840450,-0.07767306,0.64222825,0.03453007,-1.51734483,0.08067254,0.24131362,-0.70013976,-1.45727730
4,0.236000,left,2,1.74834144,0.78628981,-0.64916885,-0.24615973,-1.17832255,0.65677232,-0.00868527,-0.93864948,-0.57011431,0.68468988,0.21540152,1.18881691,-0.86365348,-1.57552302,-0.99491155,0.13484932,-0.20607403,-0.43579078,-0.07847293,0.71217030,0.44195962,0.25721136
4,0.240000,left,2,-0.96659422,-0.14566025,-1.08949888,-0.37163144,-1.19549298,1.15962601,0.01397158,-2.15716076,-3.34022641,1.01420772,0.03913473,0.05361123,0.48556194,1.00167084,-0.54042089,-0.79692024,-0.49950907,0.11159857,0.52897060,1.36349237,-0.15448859,-1.01571214
4,0.244000,left,2,0.05220386,-0.55237645,-0.85066158,0.45429203,0.06153553,-1.68735659,-0.48230898,-0.08981305,1.66857433,1.28487062,0.91130698,2.33775520,-0.12783349,-0.48486990,-0.59188277,0.80393273,-0.31375995,2.28379154,-0.98235881,-1.20676994,-1.21354783,-0.08435328
4,0.248000,left,2,0.59799939,-2.21759081,-1.94531012,-1.69221890,0.91547489,0.13299969,0.27746105,0.34910643,0.09923136,0.24233744,0.90710229,-0.75106460,0.13159622,0.22275060,-0.08527972,0.49134359,0.55707443,-1.04975808,-0.47233206,0.50402880,-0.73369819,-0.55261946
4,0.252000,left,2,1.01837540,1.18863332,-0.50857031,-1.54335225,1.30911291,-0.17232451,-0.04897942,0.39076641,2.73305368,2.05950785,-0.25066459,0.62244523,1.20413673,0.47889197,1.21137774,-0.20989291,0.01179582,1.28234696,-0.97416347,-1.70058930,0.52790284,0.41358981
4,0.256000,left,2,0.86921263,0.07690503,0.71030557,-1.38464284,-0.82451338,-0.63521630,-0.35050118,0.06240259,0.84420317,0.30242449,-0.13156807,-0.44698346,-0.10393491,0.57235688,0.39838654,-0.22929284,-0.89536017,1.45573235,1.32140744,-0.28837541,-0.39934441,-1.69558787
4,0.260000,left,2,0.26986045,0.05447499,-0.79896510,0.89759618,-0.87490660,1.59674764,0.44466147,-0.59863520,-0.79642606,-0.39748290,1.34468389,-0.29428285,-0.11796266,-0.38241935,0.23602481,1.56130683,-0.49797672,-1.24612200,-0.73943728,1.28215933,0.14677110,1.14010811
4,0.264000,left,2,-0.25497675,1.17572653,0.48498595,-1.50802505,-0.28989956,1.16034889,-0.46734434,1.64594519,-0.60222304,-1.22284210,0.52106863,-0.13514462,1.09963775,-2.32159877,0.48319373,0.32324728,0.82179451,-0.28565684,-0.26100403,-0.82483095,1.56392670,0.35827711
4,0.268000,left,2,0.35158551,-0.68967289,0.47324887,-0.73845655,-1.04480040,-1.59998047,-1.41334748,-0.37973699,-0.12214526,-0.12787996,0.80964816,1.32861757,0.39119038,0.22882485,0.55232888,1.21356297,0.18607062,0.82893151,-0.72846621,-0.27945143,-0.17338137,-0.42119616
4,0.272000,left,2,-0.74341619,-0.07239492,0.60054111,-1.50834787,-1.06176281,-0.05691501,-0.07556976,0.17802517,0.70536602,0.35836527,0.74659663,-0.16190946,-2.62288833,1.95083284,0.45062098,-0.19119519,0.55945146,0.05602137,1.35110939,-0.39155313,0.22382414,-0.05282439
4,0.276000,left,2,-0.21567944,1.81244481,-1.47926915,2.09682870,-0.52481443,-0.35208917,-0.39199364,0.14125443,-0.40530315,0.10519607,0.61696053,-0.57348168,0.29483053,-0.71061689,1.08849847,0.32141542,-0.83016533,0.18547882,-1.90522313,0.58503020,1.10926437,1.03968537
4,0.280000,left,2,0.24142790,1.86134219,-0.96463460,0.16772427,0.60070580,-0.84787101,-1.06963575,-1.11253405,1.49673057,-0.36184111,0.39830795,0.65552139,1.14634836,0.54524726,0.42228863,-1.07801151,-0.33335733,-0.07471110,2.28779507,0.05113391,-1.60825086,1.11893845
4,0.284000,left,2,0.92341954,0.70877612,0.31014359,1.11050260,-0.75601983,0.18637310,-1.63858449,-0.32681671,-1.25205052,-1.78418052,-0.33645085,-0.87196028,0.16410403,0.24086884,-0.04804349,-0.59193170,-0.39359400,0.28798556,0.45260227,1.21327972,-2.69731665,-0.66522837
4,0.288000,left,2,-1.05810130,1.30289817,-1.01776934,-0.20179787,-1.10321629,-0.48392487,-0.33952877,1.98953414,-0.20689499,-1.63765478,-0.36959890,0.14321278,1.84484291,0.31988493,-0.37038788,-2.00089884,0.20124686,-1.00069523,-1.31029856,-0.61564672,2.05861187,1.58038425
4,0.292000,left,2,-0.73552465,1.11805177,-1.54794598,0.05732034,-0.20584500,-0.20801902,-0.74921495,1.02098715,0.12951922,-0.10930821,0.16147801,-1.48588955,-1.55512023,-0.27186304,0.74060696,0.52333134,0.22775698,-0.37274155,-0.31439966,0.44113702,0.88259280,2.09873104
4,0.296000,left,2,-0.31076938,0.59341788,-1.79347599,-1.00592792,1.46977139,2.95233917,-0.22275740,0.63525277,-1.14860177,1.50516248,0.27595186,1.25650251,-0.92624110,-0.77030593,-0.53265548,-1.37339103,1.44458389,0.65225381,-0.22698632,-0.73564816,-0.05708865,-0.22576395
4,0.300000,left,2,0.20888367,-0.56871015,0.11799122,-0.54533011,0.56082922,1.11153328,-0.18485256,-1.05930710,-0.18705916,-0.98535633,0.77844304,0.52520424,1.06613123,-1.25355375,0.71507847,-0.32671365,-0.89929706,0.14884533,-0.65058482,1.52785504,1.62819469,0.80953366
4,0.304000,left,2,0.39622736,0.49083811,-0.46379903,-0.08375216,-0.17518188,-1.98395181,0.55901241,0.11302195,-0.37424096,1.55484045,1.63622212,1.94438231,-0.02000367,-1.51300848,0.82882309,-0.62553340,-0.03128364,1.10124731,-0.90076596,-0.25587198,-0.58928347,-0.29413006
4,0.308000,left,2,1.04675782,-1.18397105,-1.65407169,-0.34471577,0.26028785,-0.00501496,0.19072720,0.55301005,0.62565142,0.73058504,-0.11810117,-0.50375831,-0.39941579,-0.72439146,-0.91608876,0.95452791,-0.61596131,-0.63493222,-0.19220288,-0.22213705,0.38949606,0.91413403
4,0.312000,left,2,0.26377380,-1.02870214,-2.34112620,0.93027943,-1.91002011,0.51820129,-1.54479718,1.12162209,1.25912094,-1.34831357,0.01036781,-1.05182099,1.92913973,0.94380945,1.35928166,-0.09685738,0.20479356,0.35365841,-1.33321846,1.59265208,1.20691359,0.47236374
4,0.316000,left,2,-0.71170461,0.79490578,0.42653662,-0.05664013,-1.33507884,0.56527382,1.20144880,-0.72654414,-0.58356565,-0.38097468,0.89406788,0.52056473,-0.93555194,-0.52889293,-0.88830119,0.97796994,-1.12844300,0.81544363,1.95530045,1.06357086,0.42390037,-0.45043641
4,0.320000,left,2,-0.63709521,0.29444277,-0.94563842,0.44689229,-1.15896738,-1.41070676,-0.83124411,2.01643443,-0.98536861,0.94554943,0.74915498,-1.48605871,-0.22324316,-1.83875787,0.01761590,-0.06762698,-1.63527215,0.64453703,-0.50470823,1.25157678,-0.15860236,0.05369841
4,0.324000,left,2,-2.18436980,-1.29296398,-0.67036986,-1.18441975,0.65293247,-1.49479008,0.76367587,0.84697968,-0.65410972,1.42454326,-0.21900955,0.18480808,0.27280354,-1.39049876,0.39313644,-0.21327652,-0.14705771,1.43403637,-0.36843148,1.22204256,-2.32686329,0.40222156
4,0.328000,left,2,1.16879737,-0.48607853,1.45777929,0.07298209,0.28013048,-0.08675976,-0.07769272,1.52691233,0.98061383,0.40917632,0.17547654,0.80115509,1.00213492,0.52952349,-0.17922984,-0.44007188,-1.45897055,0.64233834,-1.62159050,0.79860729,-0.67816317,-0.58749163
4,0.332000,left,2,-0.13814971,0.45532444,0.85002834,0.35620204,-0.67434341,-0.02034311,1.40850341,1.59840715,1.18002582,0.37828231,1.95734036,1.23322237,0.59609610,-1.45043743,0.78659284,1.12816572,1.19375360,-0.68752277,-1.74352229,0.17420512,1.29844332,0.16158926
4,0.336000,left,2,-1.40768647,0.25593778,0.78769147,-0.22363488,0.00071091,0.37752393,0.21729648,0.35593200,-1.13692892,0.62730747,0.89119792,1.23967957,-1.04067779,-1.07886016,-0.43736532,1.39140117,1.02005243,-1.00398874,-0.11511332,0.99668628,0.80096900,-0.42531630
4,0.340000,left,2,0.36196777,1.49250197,-0.54474115,0.37090293,-0.88973486,1.15340090,1.13884640,-1.74031889,-0.02324419,-0.78198475,0.47892964,1.58553243,-1.98732388,0.23183160,-0.88263875,0.85617173,-0.18525268,-0.16065291,-0.46880266,1.09382713,0.70057374,-0.90677804
4,0.344000,left,2,0.12025034,-0.98246557,0.48180708,1.65766490,-0.79088408,0.97782034,0.52893269,0.11265143,1.29933465,-0.78716886,0.68473285,-1.06922519,1.30696571,0.82333225,0.71031183,-0.80443561,-2.87037134,0.00336709,-0.69169867,0.44713575,0.43352783,-1.10107267
4,0.348000,left,2,-0.36377707,-1.08549154,1.55252373,-1.13983345,-0.17961550,0.89468431,-0.20490035,-1.50941670,-0.65216523,1.87143934,-0.40867987,-0.44340181,-1.19482672,0.75675339,-0.73362255,0.55299014,-0.38578451,-0.22972706,2.22114968,1.27590549,0.93555444,0.30980086
4,0.352000,left,2,0.11722896,1.40035379,-0.18930551,0.29833499,0.96725625,-0.14802749,-0.58099234,0.14845684,0.24287786,-1.79365075,-0.11481000,-1.23264313,-0.44388372,0.19823664,-0.87833583,-0.77114695,-1.82857144,-0.95203197,-0.44435331,2.36015606,-0.02850391,0.33152962
4,0.356000,left,2,-0.13651457,2.98709607,1.49948704,-0.29443264,0.71922553,-0.05799669,0.31474218,-0.06508053,1.88341439,0.94063216,-0.41861826,-0.75471234,-2.25866055,0.67710298,1.26225793,-0.30185807,-1.03567183,0.11806443,1.69055665,1.89820969,1.06526697,2.15600514
4,0.360000,left,2,0.23949973,0.33471671,1.30195332,-0.89664042,-0.70438558,-1.45080149,-0.18361560,1.10179055,-1.95158386,-0.31562695,-0.28022552,-0.77844810,-0.75752193,-0.41833249,0.00130927,0.64681250,-0.21741626,-0.92325771,-0.04985500,1.30469918,-0.24478999,-0.09207578
4,0.364000,left,2,0.71645832,-0.29391757,0.18611571,0.65254569,-0.85416377,-0.75735474,-0.85435796,0.68777770,-0.64168108,-0.26947904,0.15046066,1.06677663,0.74924201,0.87873513,0.11923674,-2.52721405,0.74362808,1.36689210,1.17690873,0.58906043,0.16577666,-0.45468593
4,0.368000,left,2,-1.48991489,-0.15675783,-0.09739827,-0.61285222,0.97119081,-0.69361925,0.66521710,1.29159319,1.03105736,0.38474077,-0.57205814,-0.71412659,-0.82814860,0.07487796,-0.37545702,0.02933262,-1.20041192,-0.73728538,0.11542017,1.08313906,0.70903802,0.38721219
4,0.372000,left,2,-1.78987074,-1.07745183,-3.49460292,0.43503436,-1.03816652,0.50336307,2.06389832,-0.35266653,0.13503924,1.09050000,-0.16044864,-1.18801594,0.61641443,2.32620621,1.15987694,0.36752859,0.82460821,-1.92855024,0.41118169,0.98471028,0.03062643,0.82400811
4,0.376000,left,2,-2.25939679,-2.00731158,-0.31454456,-0.78798413,1.21447265,-0.60880786,1.85070789,-0.04373121,-0.85768068,-1.59052062,0.32794428,-0.75407726,0.16051252,-0.54314595,-1.27880263,0.68945056,-0.23957051,-1.15938830,1.14026654,-0.23936830,1.11414957,1.24628222
4,0.380000,left,2,-0.61262733,0.86978590,0.95235950,0.85395068,-0.97753882,-2.04128075,0.95398533,-0.92030066,-1.13723886,-0.34370917,-0.02277925,2.10677624,0.66166371,-0.47641268,0.97864479,0.01274976,0.69498098,-0.16625158,-0.10320362,-0.32037902,1.16280067,0.19601753
4,0.384000,left,2,0.99185109,-2.45172739,0.46865290,-1.15392721,0.45438609,-0.56779289,1.85590672,-0.06592651,-0.73745888,-1.19579947,2.14878154,0.64389002,-0.88227934,0.47704819,-0.17662650,-1.58916712,-0.56385082,-1.07765627,0.54656219,0.86181164,-0.08737608,1.94137251
4,0.388000,left,2,-0.32794598,-1.28316903,-0.51540440,0.68213409,0.87762618,0.69811851,0.75120836,-0.42912024,-0.28035229,0.49103135,0.67249954,-0.48047328,0.67138326,-0.77351314,0.79641265,0.14839301,-0.04497529,0.05290246,-0.60320497,-0.09570910,-0.34785509,2.14093971
4,0.392000,left,2,-0.87133282,0.44386581,1.28448057,0.07642775,-0.25712651,-0.55030245,-1.27925098,1.09135067,0.74126828,-0.22379039,2.15011978,0.62513983,-1.09705687,0.33526772,2.04289031,1.42366695,-0.98169535,0.80211240,0.10600483,-1.52241957,0.40650377,2.10354710
4,0.396000,left,2,1.26390719,-0.67311859,0.56813830,0.40468270,-0.13834248,0.37104794,-1.20791781,-0.08701318,0.80269128,1.27254951,-1.20916212,0.77318096,0.61625159,-0.23151881,-0.82259268,0.29490352,-0.30164295,0.19788873,-0.13252065,0.03941803,-0.29949832,-0.63024491
4,0.400000,left,2,1.15481079,2.34665728,0.33115283,-0.05670485,-0.40216529,-0.24634756,-1.50286472,2.77285409,-0.81756842,0.97545230,1.29094982,0.38057649,0.50144428,-1.00045097,-0.62703598,0.54232854,0.10120016,1.78197038,-0.49155205,-1.02523971,0.23025714,0.23813170
4,0.404000,left,2,-0.91354752,-0.24371102,0.13274676,0.29961523,-0.01197051,-0.77661759,0.51224488,-1.10817015,0.44285285,0.33641991,1.09372413,-0.01608888,-0.81100476,0.10751034,-0.30973101,-0.06840850,0.31371504,0.69010478,-0.01869372,0.01775742,0.06342032,-1.03746724
4,0.408000,left,2,0.01438175,0.55371147,-0.32390174,0.32559511,-1.13545239,0.20509037,-0.71149546,-0.22903441,-0.49241433,-0.11713360,1.24243653,-1.01261818,-0.79647613,-1.32026887,1.11647534,0.86516082,1.58363211,0.05073913,-1.15451264,1.85907447,-0.01924511,0.22455946
4,0.412000,left,2,0.13346258,0.36164674,0.64031631,-0.51645440,-0.02137715,1.05616438,-2.07949972,-1.48505402,-0.45491087,-0.53654373,-0.65271884,-0.39727458,0.34193471,-0.67141032,1.24641395,0.72176129,-0.61565119,-0.06021659,3.10339499,-0.03375243,-0.65300202,1.04726577
4,0.416000,left,2,0.26876497,-0.61137754,1.62168956,0.66906142,0.34261709,-0.07480407,-2.64686584,0.33633333,-0.32009509,-0.68537956,-0.87849349,0.45030928,-0.27365482,0.04421321,-0.67113972,-0.87108129,0.07448158,0.36909327,0.06439571,0.49464363,-1.70290780,-0.14350021
4,0.420000,left,2,-0.39032942,-0.45657369,-1.05766296,0.47441480,-0.02472633,1.58330870,-1.26734066,1.18537235,1.38476241,2.13691330,0.46550721,-0.15927409,1.66826868,-0.08503471,0.18695204,0.70329970,0.83388120,1.96020818,-0.25890702,0.78074807,0.52734798,0.56034476
4,0.424000,left,2,-0.29013920,1.28851759,1.41851974,1.68348885,-1.32038164,-0.82467210,-0.48142996,-0.77052772,0.77611655,0.28825271,0.79121697,0.37280023,1.92285168,-0.78860557,-0.11169368,0.27609250,-0.86063010,-1.03378999,-1.49873650,0.70120120,1.11955214,0.84803271
4,0.428000,left,2,-0.33916944,1.36622286,-0.46960649,-0.41350749,0.46107844,1.42931521,-0.36507952,0.23784442,1.44189620,0.24618587,-0.63823497,1.12095571,-0.28695521,2.62977982,0.28243837,0.35530424,-2.04582500,0.26270601,-0.88749355,0.83375353,-1.54223979,-1.28108859
4,0.432000,left,2,0.71078825,1.25291455,1.36869562,0.71635187,0.72436577,0.39556125,0.22577177,1.43691874,-0.25249517,-0.12237231,-0.79338050,1.46090996,0.07924132,0.28940776,0.18013307,-0.02755979,1.25124550,-0.11883984,2.23297119,0.39826182,0.95010984,0.20143265
4,0.436000,left,2,-1.15947318,-0.07426262,-0.12072252,0.94547528,0.32841703,-0.32510263,-0.08522786,0.85410649,0.47600850,-0.09278031,1.04204404,-0.17372198,0.40939221,-1.19279850,-0.64570028,-0.21140935,1.02246559,-0.51698571,0.84488070,0.02659206,-1.55827141,-1.02723217
4,0.440000,left,2,0.89319158,-1.74037409,-0.49933150,-0.57509059,0.16429789,0.28076538,-0.49967900,0.86322224,0.42631596,-1.76277339,-0.52227592,-1.39385939,0.19950275,0.68720466,0.55482471,-1.33010924,-0.25517437,1.77905691,1.59373498,1.45722020,0.70778739,-1.98137558
4,0.444000,left,2,-0.24936023,-0.76198488,1.00790703,-1.86277616,-0.62539530,0.99152130,-0.49297222,-0.84931678,-0.83571500,0.83127528,0.81557661,0.84783351,-1.03813314,0.29936883,-0.19659354,-1.81917405,-0.68833458,0.60485172,0.51216942,-0.71558177,-0.83869439,0.77787447
4,0.448000,left,2,1.47619104,-0.82702845,-1.20789409,1.24402487,0.22080150,0.16440333,-0.99461949,-0.73973471,0.39237961,0.27473113,0.19609901,-0.56673145,0.72761089,0.31668425,0.04697746,0.58155894,1.40612948,-0.87506568,1.22110021,-0.11279990,-0.89861482,-0.76004893
4,0.452000,left,2,-0.73665655,-0.22371952,0.75315988,0.61456484,1.04453933,0.05787010,-0.44949517,-1.47057021,0.96137053,-0.94092089,0.30260473,-1.10309088,-0.59645259,0.62322897,0.70477849,0.03888712,-1.98628581,-0.76695985,-0.54533064,-0.10956138,0.14420155,0.06118382
4,0.456000,left,2,0.68347865,-1.29194355,-0.95662171,-0.79447186,1.49026155,0.21006456,0.70216817,0.54748201,0.98647219,-1.36083400,0.07216973,1.08995795,-0.11151702,-0.17732091,0.01867476,1.48618054,-0.29498759,-0.02630810,1.74495721,-1.76439905,0.28374776,-0.87144756
4,0.460000,left,2,0.10754881,0.34996086,-0.28573409,-0.79639530,0.33461633,2.77776265,-1.10989583,-0.62705994,-0.69160849,0.51980770,1.24300468,-0.12368411,1.27640247,1.18610620,1.47915590,-0.12698074,-0.82365066,-1.80953348,-0.38692868,0.35032749,1.82353103,0.39153701
4,0.464000,left,2,1.37732029,0.52400762,-0.94612104,-0.25090694,-0.83875793,0.73018014,0.65609002,-0.59142977,0.68277776,-1.08971190,1.03357685,-1.10986233,-0.86948037,0.32707798,-0.26176107,-0.66702431,-1.16748774,-0.21996769,-1.19778216,-1.19672167,0.41126829,-0.65122718
4,0.468000,left,2,-0.66883653,0.09264769,0.05381949,-0.93071985,-1.15557384,1.36677670,0.44164267,0.88828385,-1.83243918,0.54349327,-0.70137388,1.28502667,1.01180184,0.73634428,0.69388127,-0.80226797,0.19988190,0.39436370,-0.77851737,1.82845187,-0.78166080,0.91542619
4,0.472000,left,2,-1.21047330,0.48038888,1.12946820,0.69052136,1.23267865,0.79147798,-0.50026429,-0.36961800,-0.19099154,-0.00059551,0.50792134,-0.76232350,0.32130259,1.20212960,-0.06838769,-0.15270407,1.48408079,-0.03076313,0.16223294,-0.12431383,-0.87097764,-0.95466369
4,0.476000,left,2,1.38373375,0.41501927,1.16285646,-2.73003960,-0.85492194,-0.57317984,-0.79775167,1.71359801,1.42832351,-0.69030875,-0.30986932,-0.34906873,0.12580401,-0.67528862,-0.63370270,-0.83629280,-0.03726947,0.75902176,0.80640680,-0.11307050,1.69871688,-0.21727471
4,0.480000,left,2,-0.47746006,-0.44937208,-0.00158164,-0.70228726,1.60308373,2.94790864,1.43172169,-1.21796775,0.18115346,-1.16605401,-2.61301184,-1.31987679,0.67652202,0.05970274,1.15700269,0.46768716,-1.10762191,0.18665884,2.50689793,0.42274934,0.63064629,-0.63608623
4,0.484000,left,2,-0.16985895,1.85493922,0.00616071,-0.10988046,1.23930168,-0.00064380,-1.11019111,0.78347480,-1.38889384,-0.61768013,-0.20218709,-0.45074448,-1.08129871,1.30989528,0.47994524,-1.43854988,0.20625785,0.82540548,-1.10982490,-0.95921785,1.50806487,-1.06820488
4,0.488000,left,2,0.27523893,-0.38086626,-0.40493906,-0.05903757,-0.60176241,0.24818778,-0.62832677,1.50945532,1.42959416,0.45920959,0.19872256,-0.10813716,1.32649243,-0.87574387,0.55328017,1.10950935,-0.73409212,-0.28014809,0.34072509,1.79537666,0.70673305,-1.05047369
4,0.492000,left,2,-1.62577224,1.19864142,-0.23040129,1.19507682,-0.76076752,0.06595521,0.34824431,-0.51393831,-1.08825469,1.70832336,-0.71279430,0.27017212,0.20440777,0.74163002,0.20585579,1.68398762,1.09234226,1.20491374,-0.49603143,-0.24872054,0.23420760,0.48200580
4,0.496000,left,2,1.19381022,-0.17904712,1.15748227,-0.78979087,-1.00659883,0.70576692,-1.97252560,-0.20473306,-1.21690726,0.81391978,-0.80192059,0.03566029,0.47864398,0.25704390,-1.85233796,-0.93148094,-0.62490064,0.88950837,1.21556997,1.35965872,-1.42607701,0.17272371
4,0.500000,left,2,0.90804726,1.36640608,0.24795495,0.46124506,0.14021149,0.12862445,-1.74626303,-0.17525624,0.10642505,0.20545998,1.41223073,2.25067568,2.67733431,1.58449244,-0.63320786,0.15863304,-0.08887398,-0.31274638,-0.60693097,-1.49379528,-0.32736596,-0.56680393
4,0.504000,left,2,0.36930314,0.01069302,0.41685280,0.28169516,-1.46641099,-0.78637040,-0.25303295,2.31609178,-0.14527127,-1.01773751,0.15381512,-0.71003544,2.34685946,1.57409966,1.61444819,-0.41176942,-0.15783960,-0.73817348,-0.35520482,-0.16014585,1.74371290,0.61245817
4,0.508000,left,2,2.17826176,0.73427516,1.18127084,0.49693155,-1.33662009,-0.31562063,0.76145905,1.31278133,-0.16347854,0.18638806,-0.30452627,-0.43455738,1.09280193,1.99125314,0.12691805,0.96112788,2.18267417,-1.17417550,0.47988087,-0.79071188,-0.96583068,0.09039757
4,0.512000,left,2,1.13361180,0.47939152,0.41823274,0.63356048,0.51076484,0.87830114,1.97354412,-1.24514663,-1.65391386,0.06250563,-1.97545385,-0.50881332,-0.69361162,-0.22065206,-0.30177280,-0.51950347,-0.78163248,-0.56250244,-0.51866543,1.48956406,-0.46959665,-0.10631728
4,0.516000,left,2,-1.33176339,-0.98746455,0.13725264,-0.94717169,-0.68775624,-0.37235090,-0.35002774,1.40195906,-0.79539186,0.93365592,1.41121256,-0.83007771,-0.39737323,-1.58135712,0.64879304,0.98488116,-1.35774815,-1.23129869,0.52286899,-0.48457330,1.01719320,-0.43833578
4,0.520000,left,2,-1.07853198,-0.31239995,0.20404762,0.06266300,-0.53320354,0.96415186,-0.54905128,-2.02696776,0.31477344,-1.11761868,-0.67617893,1.13894022,-1.18276858,-0.55592674,0.60208064,-0.18437456,0.87641507,1.07872093,-1.41646194,0.61370254,0.71795183,-0.31737348
4,0.524000,left,2,1.01216960,-1.33770466,-0.63411093,-0.12168083,0.23738258,-1.13532162,-1.60104644,0.07737008,0.15340036,0.34069449,-0.93211818,0.33392993,-0.49420673,0.53543180,0.00630534,-0.94141948,0.19134067,0.90517783,0.46569002,0.25016594,-1.56973433,-0.93066925
4,0.528000,left,2,-0.48524216,-0.86768878,1.41112566,-0.78401858,-0.31824046,0.77483940,-1.05322921,-0.64021140,-0.66099137,-0.51257086,0.60504752,1.19459927,-1.16079462,0.35563558,-1.14139509,-1.21571052,0.52060896,-0.21067746,0.89484549,0.95263058,-1.99705577,0.63659185
4,0.532000,left,2,0.01864719,0.64088744,0.59297264,-0.28305709,-0.92215079,1.01833391,0.54415649,-0.48865107,-0.23260388,0.72357440,-0.03585206,-0.68265736,-1.54794097,-1.07940400,-1.60474730,-0.39996421,1.17174113,-0.20356715,0.31212911,-0.76000416,1.18798959,0.62832397
4,0.536000,left,2,-0.81619638,-0.97215468,-0.44002834,-0.08342006,0.25576046,-1.16024244,-1.94514585,-1.29883242,1.17767191,-0.21616459,0.29171491,-1.53723514,1.28513765,-0.56319040,0.28211814,0.81282634,-0.96984226,-0.95551866,1.42510486,0.44187006,0.76383054,-0.23108894
4,0.540000,left,2,-0.24705116,0.03491465,0.01400355,0.17449370,0.54204750,-0.77136123,1.28132236,-0.47747549,1.82509375,1.18930292,0.91484594,0.95418978,-1.18589282,-0.68223113,0.54575807,0.05639512,-0.61237878,-1.02946138,-1.21377099,-1.18665504,0.97744900,-1.47861385
4,0.544000,left,2,-1.73075962,-0.60548770,-0.23859513,0.08226849,0.56412804,-1.57990324,2.07798767,-1.11453760,-1.01004422,-2.14291644,0.57038611,0.37428102,1.59603822,-1.06350470,-1.09335482,0.98779511,-0.70004445,-1.09154248,2.23569012,0.81590360,-0.88146150,1.09374881
4,0.548000,left,2,1.99000418,-0.40385777,-1.29805160,0.82635468,0.26264688,-1.65437889,-0.54720014,-1.54770231,-0.97264618,0.52440619,-0.40873155,-1.04169369,0.40125680,2.50171852,1.40831912,-0.74303335,0.25656757,0.49929261,-0.71742040,1.40289414,0.61343110,-0.43263596
4,0.552000,left,2,-1.06049931,-0.43042415,0.43397114,0.50144398,1.40575612,1.08739984,-0.36361557,-1.11881757,0.70345932,-0.76361740,0.30712533,-0.95373499,-1.74363267,-1.72970772,0.27455598,-0.63308120,-0.54881585,1.42789817,2.00585866,-0.73435569,0.09744892,-0.69289672
4,0.556000,left,2,0.96297914,-1.89365518,0.64039314,-1.20586479,0.82225496,-0.27553260,0.34157133,-1.25316811,-0.48793930,0.10936557,-0.34779024,-0.93723619,0.17971753,0.72018015,-0.01211907,-1.89840531,0.83743680,-1.23585486,0.37055138,0.36119112,1.95571136,-1.08473873
4,0.560000,left,2,-0.29393619,0.03181740,1.07533622,0.38821793,0.53028667,-0.32229710,-0.35547084,0.96472102,0.79521799,-0.85988402,0.05014307,0.21597964,0.97094941,1.60849833,2.31052780,2.02440190,0.62682444,0.18252498,-1.23131573,0.75646418,0.92838830,0.50823563
4,0.564000,left,2,1.57472777,1.42648673,-1.13271582,-0.65511703,-0.37267056,-0.99398339,0.51337427,1.29401207,0.89203465,-0.20185703,-1.60265696,-1.89607334,-0.42870432,-1.43746614,-1.42539608,-2.77445102,-0.13415317,1.41175902,0.06730489,1.46910834,-0.56058574,0.16387358
4,0.568000,left,2,-0.16370136,-0.69453377,-0.06571368,0.13238215,1.11836159,-2.87570262,1.11974430,-1.61147487,-0.32939532,0.00818198,-0.35204035,0.27520606,0.48311591,-1.21807647,-0.06581987,0.57037443,-0.47543079,1.27560103,0.45974731,-0.21549781,-0.86332774,-0.57568979
4,0.572000,left,2,0.66404009,-0.49017456,-1.45339680,1.28783429,-0.96370083,-0.24210659,0.19619338,0.08477224,0.17861515,0.95634079,-0.09020493,-1.27700162,1.14840996,1.32544935,3.67985368,0.12787472,1.14861310,-0.59108710,1.14406443,-0.50219095,-0.09849817,0.17092879
4,0.576000,left,2,1.58587265,-0.30177954,0.25850359,1.49230647,-0.87648892,-0.65236574,0.57649249,0.14450940,1.38797891,-0.16764385,1.26846051,-1.26232719,-0.46561816,-0.43077737,-0.46911070,-0.70245945,2.08674788,0.68155199,-0.49274406,-0.03809914,-1.19534755,-0.99311286
4,0.580000,left,2,2.58883619,0.23374867,-1.26515782,-0.66378617,1.06693172,-0.76130575,0.50684583,-0.59532422,-0.31432664,1.44716072,-0.05041979,1.06731331,-0.50922316,1.60525250,1.08728278,0.85042876,1.07980704,-1.82129478,-1.85758185,-0.97737050,-0.98299098,-0.21848357
4,0.584000,left,2,1.38385475,-0.04029480,-1.13060713,-0.33927414,-0.35758764,-0.59140408,-1.13594699,0.57648087,-2.18579984,-1.26642632,-1.55374229,-0.96873724,-2.20978999,1.11996198,-1.47669291,-1.20627642,-1.93969679,0.98863745,1.31649697,-0.39150232,0.84468669,1.30100536
4,0.588000,left,2,0.40349931,-0.50322020,-0.64133465,-0.52205056,-0.17734371,-0.66617686,1.61144578,-0.13508406,-0.05291085,-0.57828069,-0.31375793,-0.38477349,-0.65292209,1.05676639,0.12644628,-0.47615433,0.66289675,-0.97683215,1.20530403,0.17193192,-1.14964139,1.70045507
4,0.592000,left,2,-0.38787356,0.86270988,0.82981491,-1.02459466,0.50291282,-0.70946723,-0.01512919,-0.65221322,-1.57301247,1.08345747,0.91437566,0.30843735,-1.53467655,-0.50514382,-1.02504921,1.18637586,-0.53659695,-0.02693606,1.18374026,1.47305310,-0.52090687,0.88552856
4,0.596000,left,2,1.03143370,0.52760524,1.04595387,-0.24263908,1.26679540,0.22119264,0.25280750,-0.86256576,1.30284286,-0.02895467,1.11388075,1.02960002,0.50044984,1.35827148,0.58755583,0.08919214,-1.08933628,-0.52311087,0.07101743,-1.60192072,-0.85991758,1.71612656
4,0.600000,left,2,-0.36745289,-1.01649868,0.77863681,0.45336097,0.79326141,2.29421568,0.05460418,-1.50621402,1.03294313,1.06143892,-0.20878218,1.21159303,-0.32531053,0.09775260,0.15607230,-1.10915756,0.96077919,-1.39596856,1.00578928,-2.64850140,-0.16629626,-0.73983723
4,0.604000,left,2,-0.15119356,0.67505586,-0.35391420,0.04402035,0.66501355,0.54936218,-1.00211227,0.13963142,1.82449877,0.57531810,1.23936498,-1.59069741,-0.70481884,-0.78886414,-0.94532108,0.82052422,0.39368987,1.33346140,0.53791589,0.46895102,-1.20959342,-0.58107853
4,0.608000,left,2,-0.49179947,0.35511243,0.83382875,-0.45487985,0.79340577,0.23694263,-0.14030147,-1.48538888,0.44783294,1.69709623,0.42642599,-0.07213728,-0.45153430,0.87588537,0.39205933,-0.33530828,-1.62050128,0.02226724,0.99595594,1.00291002,0.86326569,-0.13275227
4,0.612000,left,2,-1.37423563,-0.27630579,0.05816581,-0.94725949,-0.75909400,0.78406256,-0.49602270,0.57835823,-1.27527928,-1.55991518,-0.49065462,0.67668694,0.26711562,0.78569275,0.05375368,-1.39850152,-1.40179515,-0.31187674,0.02087770,0.20735833,-0.73588347,-0.25302947
4,0.616000,left,2,1.80665421,0.79928446,-0.53275704,0.26653302,-0.21790077,0.26442331,0.43208453,-0.57613754,-1.11317468,-0.25907627,-0.03288284,0.75022912,-0.32812807,-0.78119391,-0.07912974,0.58903849,-0.39837238,0.38583460,-0.05907158,-1.69543755,-0.05373799,-0.22192556
4,0.620000,left,2,-0.34799257,1.94640994,-0.18408087,-1.42536461,-0.00197374,-0.32844454,0.75314850,0.77838051,0.54688287,-0.08165023,0.28911197,1.98574293,1.38628960,-0.68774378,1.09475398,0.09981148,0.61828995,-0.05820467,1.47276914,0.60801208,0.06208926,1.30874050
4,0.624000,left,2,0.25734103,-0.98263222,1.93321967,2.52057767,0.13176143,0.47305590,-1.40560889,-0.36300296,0.63408273,1.06624532,1.57740676,-0.44058433,0.49657667,-1.54474759,-0.83981520,-0.09571306,-1.46191823,-0.28968084,-0.88395315,0.23411106,0.18720973,1.90991044
4,0.628000,left,2,-0.25208089,0.17431638,-1.72065926,1.03765726,-0.27022612,-0.92121738,0.82717967,-0.56350219,-3.13410687,-0.67194927,-0.75829184,1.77996683,-0.80271769,-0.84096980,1.42022562,-0.67879534,-1.38147795,-1.02585864,-0.34345153,0.18927719,-0.36652705,-0.35671461
4,0.632000,left,2,0.77103722,0.04722234,-0.77302873,-1.50865030,-0.22192106,-1.53492725,0.77662933,0.13051841,-0.94926298,-1.50852990,0.32678604,-0.12484802,-1.44776714,-2.31646037,-1.01473963,-0.25370115,-0.61285496,-0.55407661,-0.54497737,-1.47376823,-0.00931257,-0.71790242
4,0.636000,left,2,0.41242546,0.45538059,0.06844791,-1.02662778,1.07768607,-1.25149369,-0.89749658,-0.16977045,0.69174504,-1.59217787,-1.75115108,0.56256926,-0.35371736,1.55286658,-0.19091609,-0.70322454,-0.49579385,0.30470946,-0.53541350,0.23884718,-0.25635177,0.00736111
4,0.640000,left,2,-2.09740376,1.16530848,0.04727815,-1.21490061,0.44130412,0.73951226,0.56514120,-0.43931806,1.25195146,0.39501062,1.59563673,1.10834885,-0.06901311,0.52985507,0.12932323,-1.07333720,1.28348958,-0.13802889,-1.37552333,-0.78352207,0.74474818,-0.28757721
4,0.644000,left,2,-0.01620386,0.39249113,0.47906119,0.55459660,-0.22025810,-1.46596277,-1.57082021,-0.21759988,1.09190238,1.18892503,-0.88450402,1.30834663,0.26492348,1.88630009,0.77825338,0.72315991,2.29125357,0.19930020,-1.45430970,-0.73303074,0.08141519,1.73354304
4,0.648000,left,2,-0.22004177,0.36079663,0.56031263,-0.39935341,0.96865290,-0.94856679,-0.54787219,0.32795832,0.06241572,1.73510420,-0.17645957,-0.70388353,0.53804857,0.55485159,-0.23348702,-0.84270000,1.36152244,-0.74728447,-0.11886638,-0.03830676,-0.61392277,-0.72713631
4,0.652000,left,2,0.62421280,-0.49080360,1.04222012,-0.18710561,-0.29117167,-0.36652535,-2.55029416,0.74141222,-1.14922380,-0.89790159,-0.18222158,1.01725900,-1.08901572,-0.85658729,0.08606242,0.71385318,0.59582144,0.27456599,1.17962956,0.12915885,0.09205091,-0.10957082
4,0.656000,left,2,-0.05413259,-0.09901452,-0.29118341,0.21298937,0.88881534,-0.33505520,-1.39958537,-2.07299423,-0.70385021,0.49795848,0.75051260,0.49979687,-0.17775761,-1.77885246,-0.73572314,-1.19639277,0.53476661,-0.64175367,-0.13295750,-0.85500503,2.02260518,-1.38427150
4,0.660000,left,2,0.77874947,-0.86585224,-0.00541622,-0.77968276,0.23860113,-0.93535781,-1.50844264,-0.98507929,-2.21760345,-1.05434489,-0.23028901,-0.00223497,-0.95345068,-1.20326078,-0.99444091,-1.00278413,0.69714552,-1.06129456,0.09732828,0.74178356,-0.42334589,0.57846791
4,0.664000,left,2,0.75136805,-0.54452729,-0.95109218,-0.61771744,-0.18539532,1.99094856,0.62331003,-2.35728979,-1.01131582,1.72383916,0.42063004,0.74617743,-0.34727877,-0.63948017,1.26642859,-2.61449051,-1.04902518,-0.30986732,0.39322156,-0.19871478,1.33444417,-1.39910138
4,0.668000,left,2,1.22633135,-1.70101535,0.02253563,-0.92493886,1.89639890,0.10369181,0.11386884,-2.12017298,0.44777969,-0.91876853,0.96480978,1.88750339,0.69020462,-0.15716092,-0.70452732,-0.71893162,1.49857926,2.55906010,2.64964080,-1.87169647,-1.33692670,-0.59801644
4,0.672000,left,2,-0.70712000,2.65842366,0.23831350,-0.42080584,-0.17921565,-0.10203470,0.82437795,1.09001160,0.45742196,0.28632799,1.01802397,0.08796546,-1.37241256,-0.72369868,0.15660810,0.84758615,-0.40274927,0.27891570,-0.61845142,0.52826560,0.07748973,0.67869723
4,0.676000,left,2,-1.20239794,1.22323072,0.54526776,-0.27192569,2.05381441,-0.30465260,0.18275693,-0.79072440,-0.56282133,-1.64446962,0.55371028,-0.27169180,-0.41137496,0.69760251,-0.53707570,-0.10920095,-1.81287861,2.09894753,-1.21955109,0.49063474,0.43006620,-1.19811726
4,0.680000,left,2,-1.15939367,-0.64512712,1.82315171,0.67491716,0.43708703,-0.40220889,-1.18012536,-0.38521281,1.85147917,-0.06655879,0.53194708,-0.44730079,0.26855385,1.71962225,-0.53986681,1.67845166,0.74774522,1.25276208,-0.41653839,-0.82456356,-1.65385628,-0.63504362
4,0.684000,left,2,0.00544162,0.10544705,-1.44759536,0.76488537,-0.44087154,1.92349195,0.82690316,-0.23724400,0.10133748,-1.38852906,-1.41993725,-0.36816779,0.09887411,0.12192970,0.84018409,0.21864054,-0.97633928,-0.40355176,-0.24651046,-0.39932391,1.07565808,1.22654486
4,0.688000,left,2,1.92298174,-0.86666954,0.46805093,0.70854658,0.66753310,-0.77971077,1.12226999,2.45671010,-2.59102082,-0.23238818,0.59156591,0.48125243,0.06700133,0.72650188,-0.77210677,-0.89437854,0.51125592,0.76275790,1.63043380,-1.79492617,0.42711997,2.04040146
4,0.692000,left,2,-0.08843198,1.23206103,0.23349808,0.89895630,-1.57017004,1.13650882,0.36647254,-0.85533935,0.39734581,0.52958703,-0.93543255,-0.67184573,1.44038570,-0.05450445,0.25988829,-0.57363617,0.32080367,-2.11661243,-0.11692414,-1.61247444,-0.45442507,0.94419873
4,0.696000,left,2,-1.04490638,0.73681629,-0.39937237,1.50202310,-0.51852190,-1.72283816,1.00969315,-0.81786716,-0.28123572,0.02773934,-0.26826346,-0.90366828,-0.50784266,-1.26006508,0.01618274,-0.64655840,0.40635642,0.20759358,1.99585271,0.36222211,0.18254146,0.84855223
4,0.700000,left,2,-1.06162310,-0.15705560,1.47852886,-2.57291508,0.83237302,-0.29067111,0.67807418,0.05812207,1.97135019,-0.85266811,-0.56226128,-0.58694220,1.29126191,2.10227418,0.17387995,2.27288771,-0.33553594,0.12505439,0.10004506,-0.03918355,-1.43121219,-0.50627440
4,0.704000,left,2,1.32599103,-0.03385351,0.57944751,0.62781805,0.63790065,-1.04389012,-0.39657936,-1.48246992,-0.23162606,-0.49284828,1.24159276,0.03770085,0.43243310,-1.65914023,0.97462606,0.42699045,0.85116047,-0.69142306,-0.85935521,-0.19680218,1.70821249,-1.25472128
4,0.708000,left,2,0.67957497,-0.02703658,0.05809079,-0.52597040,0.65680176,0.12238728,-0.58007383,-0.08054736,0.66976106,0.15326421,0.82025898,0.72831243,0.47955233,-0.73349482,-1.14968538,-0.63000911,0.85644746,0.45983297,0.29752743,0.21510650,0.41220909,-1.00962234
4,0.712000,left,2,-0.90343970,1.65831220,0.65733534,0.54489779,0.06733602,1.50536227,-1.07306421,1.33932412,-0.60882437,0.33790112,0.09476583,-2.05210376,-0.95610005,0.59002429,0.69945139,0.35183266,1.29900134,-0.03908250,0.72143489,0.03411226,0.44410977,0.48356354
4,0.716000,left,2,0.31736898,-0.35844406,-0.39426592,2.08978796,-0.56971228,-1.04385233,0.02476221,-1.87075460,0.91944575,-0.11552625,-1.44063711,0.06243350,-0.79576802,0.61304152,-1.16619456,0.32915086,-0.15447280,-0.61053598,-0.20227918,-0.04637097,-0.63148737,0.16453288
4,0.720000,left,2,0.33105719,-0.44179368,-0.04536579,-1.39568436,1.88799310,-0.33563584,0.71637237,0.22877964,0.57075661,-0.85060406,-1.83456624,-0.71675062,0.82723689,-0.02974747,0.69889772,-0.27711833,0.48431033,0.49993199,-0.40674728,1.17633772,-0.07769034,-0.92337114
4,0.724000,left,2,-1.87962472,-0.56543982,-1.54915774,-1.56816173,0.42700469,-0.26185879,-0.64589655,-0.21954149,-1.59904337,-1.92769313,1.28843045,-1.46535504,1.20192838,-0.33508986,-0.16335261,0.06424928,-0.92697918,0.79926598,-0.17915213,-0.12575758,0.46855161,-0.09239151
4,0.728000,left,2,1.06455612,-1.34454346,0.48529637,-0.13424186,1.50936437,-1.01339710,0.65668219,2.43797755,1.55765557,0.06029770,1.14213049,-0.91951489,0.34656119,0.79326421,-0.60696214,0.84839064,0.81634402,-0.51396334,-1.66575933,0.64497757,-0.51954913,-0.64710259
4,0.732000,left,2,-1.77568936,1.43578434,-0.10877414,0.23674268,-1.03720558,0.98339355,0.02097960,-1.93686819,-0.24972066,-0.41503987,0.11213890,-1.19154716,-1.36364615,-1.27417433,-1.67030680,-0.66155410,0.22039713,0.68984389,0.88132173,-0.01986326,-0.24015588,-1.90506876
4,0.736000,left,2,-0.49225861,-1.27852011,1.07360494,-0.16377012,-1.11320269,1.42593384,-0.61669457,1.28927541,1.26445937,1.42253435,-1.03910685,0.20046286,1.04607463,1.07269502,-1.52620173,-0.67096108,0.59051508,-1.13758302,-0.48387209,-0.61117470,1.46926868,0.31243920
4,0.740000,left,2,0.85244250,1.02096963,-0.61368912,0.30311671,-1.04471052,0.64744884,0.56149954,0.19382927,-0.01647270,-1.57203400,-0.44330901,2.01253057,-0.76157904,-0.83166504,0.99104846,-0.32208878,-0.46472573,-0.43260786,0.33005980,1.83524680,0.36269534,-0.30496469
4,0.744000,left,2,0.60016727,0.21856326,0.25909218,0.50360686,-1.27871966,0.12785774,0.11417615,-1.70344067,-1.62598300,0.25635850,1.78624511,-0.45219490,-1.47089410,0.51387829,-0.89881545,-0.88038063,-1.74225736,0.07918647,0.24866582,0.71005726,-0.67368090,0.14494419
4,0.748000,left,2,0.75858086,-1.11031795,-1.19378483,2.22101307,-0.63710296,-1.27054083,-1.15738487,-0.80576605,1.23129082,-0.83506948,-0.34057543,2.36544418,-0.65247405,1.34165978,-0.94136989,-1.01039100,-0.22613084,-0.69404197,0.40008414,-0.66714096,-0.23639984,-1.06832206
4,0.752000,left,2,-1.00790668,0.10890064,-0.83891100,1.05332875,-0.54789132,-0.48774171,-0.37713340,0.56950235,0.80882651,-1.59154940,0.86585641,1.87569129,-1.19036269,1.02533019,0.30220884,-1.32752919,-0.63838232,0.48575923,-0.87252873,-0.62525338,0.62451655,0.17252922
4,0.756000,left,2,2.34908462,0.67086989,-0.42383996,-1.04657400,-1.38024831,-1.65625918,-0.03203846,-0.03367440,-0.83710265,-0.70099103,-0.29579952,0.05209883,0.44146985,0.39933121,0.31354409,-0.10687828,-0.37436536,0.26794350,-1.33688796,-0.21659470,0.12286816,-0.93611377
4,0.760000,left,2,0.42725223,1.01518953,0.81763226,-1.21348822,0.19307722,1.03602946,-1.18298197,-0.16787694,0.68278611,-0.45420304,0.85306519,0.62914431,-1.43279612,-0.57067060,1.21251380,0.66660202,-0.05510118,-1.48323345,-0.72955376,-0.68360889,0.09430330,0.50235862
4,0.764000,left,2,0.34982982,0.13398726,0.25179309,1.20159078,-0.00504011,0.12810069,0.79670227,1.24101007,1.07991588,-0.55696869,-0.28857031,0.26304480,-0.77263552,-1.21352315,-0.96924633,1.21019721,-0.49435589,-0.63983518,0.40429276,0.41571239,-0.50584644,-0.13056639
4,0.768000,left,2,1.88407993,1.50892818,2.68596077,-0.47403261,-0.34432212,1.38719273,0.94368970,2.54903102,0.65583628,0.01179065,1.33623815,1.11603642,0.81592274,1.65475214,-0.46249267,0.43403891,1.57442176,-1.39806879,0.17912807,-1.26484883,-0.47167870,0.16840553
4,0.772000,left,2,-2.17497373,-1.44384110,-0.90486687,-0.76095825,1.48459804,-0.81097621,0.13851467,0.29916310,0.30500707,0.31120631,-0.13079390,1.48896158,0.02112509,-0.88854462,-0.42077196,-0.64558530,0.31165174,-2.92079067,-1.49061143,1.72351909,-1.12454367,1.03943884
4,0.776000,left,2,-0.93433046,-0.73259872,-0.58235872,0.44633719,0.38803712,-1.50759423,-1.34768021,-0.22356059,0.33099407,0.16531660,-1.26964915,2.13004518,-0.93996364,-1.49493825,0.30076247,2.47296143,1.29355168,-1.19293010,-0.26592189,0.51028228,-0.19617108,-1.87327385
4,0.780000,left,2,-0.85400718,-1.55494368,0.41036913,-0.55734175,-1.65748096,1.48239732,-0.91761202,0.51757824,0.58847713,-0.80890822,-2.68812871,-0.14537443,0.56352144,0.81502092,1.01367223,0.79368144,1.09724391,0.17360538,0.22445728,1.22562551,0.01329316,-2.78569937
4,0.784000,left,2,2.09040594,2.59270740,0.03851887,1.10333824,2.07622242,0.52587396,-0.67209011,-0.41104996,0.01388210,0.26354453,-0.94190013,0.69348854,1.28217435,-3.00596523,-1.76290917,-0.89515072,-0.80069637,-2.17924142,0.01659960,0.85055077,1.24969411,-0.98073179
4,0.788000,left,2,0.61074734,0.40577301,1.11091757,-0.08573380,0.58964622,-1.68323457,-2.08165646,0.73045063,1.22242534,1.32168901,-0.69115120,0.57115102,-0.33047652,-0.29849488,0.10207246,0.14985038,0.77750057,-0.88157165,0.59139425,0.36575302,-0.21590854,0.49249625
4,0.792000,left,2,1.02708256,-0.73950553,1.16860509,0.34904578,0.54892051,0.43006250,-0.42094207,-0.73623610,-0.59159684,-1.69764078,0.02267610,-0.54791451,0.51574111,0.43660000,0.15019268,-1.71946228,1.14030397,0.66638970,-0.57222581,0.65030193,-0.05412475,0.02514667
4,0.796000,left,2,-0.79358876,-0.65671909,-0.26201400,-1.13335443,0.36086500,0.26053178,1.27730119,0.07566927,0.69147396,1.07684577,0.03238294,0.26336488,-0.54911894,0.98984402,0.19163872,-1.82335234,-1.05826032,-0.43510181,-0.61949819,-0.26689321,1.09658587,2.59524250
4,0.800000,left,2,-0.57900596,1.68181801,-0.36504251,-2.24640846,0.72539455,1.13405979,-0.18158850,-0.06105612,-1.39638376,1.53949165,-0.43931139,2.31109953,-1.05515671,-1.55469978,-0.89309555,-0.79031718,0.23195109,0.09889819,1.83254302,-0.72827780,0.16703427,-0.70205808
4,0.000000,right,3,1.39887989,0.21738674,0.61679488,-0.24338621,1.10136914,-0.94580710,-0.53367156,2.87922788,-0.14228253,1.03614986,0.73870218,0.20631170,-0.95345390,0.65293467,-0.01818502,1.13970828,-1.09478939,0.12313567,-0.97798294,1.49104047,-0.73067778,0.11443204
4,0.004000,right,3,-0.74940240,0.59417033,-0.12880877,-0.54291129,-1.48184359,-0.25745532,-0.09875874,-1.25898075,-0.25195560,0.84257245,-0.13767745,0.65708846,-0.55960894,0.91504842,-0.78564370,0.09492734,1.36675394,-1.44644606,-1.11059761,-0.90092546,-0.87326187,-0.16116785
4,0.008000,right,3,0.75018537,-0.47798216,-1.32832170,-0.08987852,1.13935924,1.31162572,0.43965745,-1.41706669,-0.72281134,0.27513596,-1.41878545,1.02218127,-0.74544251,0.49173433,0.24850643,-1.29371405,0.53492248,0.01543929,-2.34116530,-0.36960766,0.89634091,1.53924620
4,0.012000,right,3,-0.84464246,0.36812750,1.57100439,-0.27385378,0.02597140,0.29554582,0.14591748,-0.02756203,-0.02573169,-1.14663589,-0.86655027,-0.58155072,-0.69123954,0.40800625,-0.86365801,-0.34704590,-0.90480727,-0.26939091,0.51291209,-1.81395292,1.13340473,0.38064060
4,0.016000,right,3,-1.59617484,0.68251616,0.76648420,0.50144804,-1.51010716,1.80403662,1.16402090,0.87028414,0.34060213,-1.85705471,1.94562113,-0.93671274,-0.10439184,-1.15491748,0.89053160,1.51530433,0.26244247,0.24536523,-0.03243748,-2.92257547,-0.94516432,1.17257822
4,0.020000,right,3,0.07490589,0.84580284,-0.31568396,-0.71487951,0.92715180,0.65447569,0.58667195,1.35102880,2.08574748,-0.72125864,0.26804814,-0.79110605,-1.45391834,-2.09965801,0.27885920,-0.73509538,0.86201990,0.65485102,1.52954972,0.01088722,-0.88386351,-0.41727224
4,0.024000,right,3,-0.39698365,-0.94034576,-0.26185036,-0.79799360,-0.13463870,0.00808383,-1.05754089,0.09899749,0.26466671,-0.46283054,0.05627269,1.28053224,0.81045848,-0.10040675,-0.17061627,0.66350269,-1.25909054,0.81616396,-0.11941668,-1.68518984,-1.26098514,-1.13308084
4,0.028000,right,3,0.10535072,0.06398775,-1.22557092,-0.08777143,-0.11066779,-0.03090291,0.68267834,-0.93437362,1.92159259,0.78298295,-0.37445989,0.43135166,0.77049702,0.54268330,0.44356185,0.24342328,-1.34926069,1.87354732,-1.16566384,0.51215863,-2.11786318,-0.87806290
4,0.032000,right,3,0.13096806,-1.22628307,-0.18180496,-1.22299457,2.25794315,0.79579705,-0.24628860,1.36853170,-1.27546358,0.36607915,-1.04766011,0.25821054,0.79159939,0.38079414,-1.35665047,-0.12935771,-0.43046820,-0.09788029,-2.61691737,0.05948292,0.10533319,-0.23577303
4,0.036000,right,3,-0.13663656,0.52358079,-1.96377122,-0.78732353,0.49023750,-0.84941018,-0.61551660,1.76675820,-0.07566706,0.60938829,-0.70022976,0.71587634,1.08354235,-1.99839222,0.31537789,-0.68449229,-1.71480966,0.70783514,-0.38174438,0.70363432,0.01412365,1.84314287
4,0.040000,right,3,0.28585729,-0.04156677,0.03831257,1.52441084,-1.09022200,1.22408485,-0.69174653,-2.39556551,0.31902817,-1.41607642,-0.54921156,-0.14404905,-1.22764909,1.26928103,1.39072537,-0.24398001,-0.24719948,-1.43952656,1.25230873,-0.79474235,0.69266742,-1.34248960
4,0.044000,right,3,0.06304867,-1.36820316,1.08510244,1.44549274,0.85081673,0.48605818,1.90843534,1.22370350,0.88939160,-0.77366865,-0.53611362,-0.41668367,-0.04787680,-0.19740173,-0.90685290,0.44024783,1.09050417,0.65926003,-1.29111385,1.74641132,-0.81637359,0.03072736
4,0.048000,right,3,1.00886011,-0.49196285,0.29560456,-1.76199889,0.68324029,0.98817068,-0.26860005,0.15848657,1.07286859,-0.32311657,-0.70415366,-0.63582367,-2.16525245,-0.82642496,2.01620269,1.62618601,-0.60979146,-1.98740113,0.22974877,0.97997636,1.30272901,-0.43510348
4,0.052000,right,3,0.00007145,0.86402351,3.12250972,0.20430909,1.64001274,-1.52626503,0.91784394,1.72068810,0.53710294,-0.04969845,-1.24924314,-0.11687879,-1.48097670,0.45053849,-0.14179741,-0.83482438,-0.33687478,0.31430343,1.02804899,0.93863559,-0.51834911,-0.08088705
4,0.056000,right,3,-1.99059188,2.33436942,-0.48286748,1.13038301,-0.47855777,0.54681689,0.66558897,-0.64234352,-1.15384459,-0.28255820,0.54541939,-0.78632176,-0.26674432,-0.60904133,2.55947471,-1.13800025,-0.46949929,-0.18171591,1.09630954,0.36245632,-0.93039626,1.28572583
4,0.060000,right,3,-1.27219903,-0.19780934,-1.08409262,-1.54901254,-0.08662467,0.01032919,0.04740788,-0.15949845,1.40077960,1.83395278,-1.76747048,-1.40147233,-1.16359580,-0.46000010,-0.26991257,0.39414826,-0.70681703,-1.94267213,-0.33297998,-0.01351382,0.34034875,-0.60020685
4,0.064000,right,3,0.17482951,0.99155265,-1.44022691,-0.75155532,0.74467999,-0.25989944,-0.52345806,0.30250412,0.24382845,-1.61266840,0.09588916,0.76475483,0.80627865,-1.00653052,-0.09793407,0.03877757,0.84638512,-0.37701797,2.05351830,-1.52985346,-0.34159577,-0.21989627
4,0.068000,right,3,0.98815477,0.96598333,-0.07930670,-0.01958470,0.19865662,-0.09887810,-0.71054381,1.10524297,-0.50336742,-2.19714212,-1.27366281,0.42893854,1.52440381,2.42760849,0.59748501,0.79766715,2.02274156,1.93263936,-0.36545181,0.07788432,-0.53988218,-1.10043621
4,0.072000,right,3,0.49948829,0.73623449,2.12210345,-0.21391770,0.70988911,-0.42423388,0.95852590,0.30631363,-0.46170831,-0.48168203,-0.02096750,0.20731133,-0.95377064,1.03281653,-3.55290294,1.32379878,0.84371567,-1.64794672,-1.08753383,0.85737634,0.28904060,-1.72115004
4,0.076000,right,3,-0.35073462,0.27937093,-0.13836908,0.54196370,-2.24933124,-0.40129241,1.04088902,-1.73157203,1.48974299,0.97742134,-0.32262993,0.31167072,0.05799784,1.15245461,1.76641726,1.59412432,-0.91921812,0.65860814,-0.66212004,1.07876182,-0.23607592,-1.41619015
4,0.080000,right,3,0.71049571,-0.15370125,0.23710363,0.87655038,-0.83506250,-1.54196477,0.16594158,-1.51613629,0.88969910,-0.16740941,-0.13338894,0.46646351,-1.44465327,-0.88951659,-1.30500579,-0.44602019,-1.00724435,0.94800955,-3.38359499,1.94427145,-1.48500967,0.72044742
4,0.084000,right,3,-0.29747805,0.77379137,-1.08633590,-1.58255768,1.05786180,0.79128534,-0.76450062,3.39958286,-0.75370204,-0.34910727,0.82303703,-0.88878012,0.49346840,-1.55799699,-0.15660545,-0.57684374,-2.46026850,0.21587442,1.06378055,0.00205199,-0.08647727,-1.00590980
4,0.088000,right,3,-0.65126443,0.12388788,-0.40941554,-0.39091030,-1.62616384,0.96259844,-1.27985513,0.01842005,-0.13468514,0.57861584,-0.99619192,-1.38455117,-0.47680944,-0.63952947,0.11353128,0.58013153,0.43802431,-1.43470645,-0.23844963,0.00898496,0.66905123,-0.43737909
4,0.092000,right,3,-0.93549871,-0.82354987,-0.40976989,1.89103317,-0.09500252,0.12058031,-0.14005360,0.40798858,0.29942992,1.86027217,2.13005447,-0.08601321,0.70523429,-1.76813173,-0.36555207,0.38073099,0.46210533,0.01248754,0.50432390,0.45502725,0.19441468,-1.52471578
4,0.096000,right,3,-1.02099848,1.18873882,-0.99291444,-1.70374513,-0.62771004,-0.59406060,0.04864173,0.83262879,1.18079770,1.21548438,-0.97520947,1.01723588,-0.31922087,-1.33481908,1.17965245,-1.37064517,-0.00658171,-0.72544789,-2.73616147,1.00650346,-0.62592870,-0.15435392
4,0.100000,right,3,0.98441839,0.11878186,-2.79675579,-0.01134944,-2.19849300,-0.41748142,-0.45855701,-0.23859976,0.50454485,1.13735080,0.44493449,0.16163509,-0.51403648,-0.07498338,-0.27202722,1.89439273,-0.63600641,-0.47195441,-0.33164993,1.26930547,-0.75161839,-0.91021425
4,0.104000,right,3,-1.64072943,0.91630292,-1.58690035,0.48604971,-1.94002581,-1.29887199,-0.37557933,-0.56490451,0.34939513,-0.50897837,-0.63228005,-0.59076273,-0.41680613,-1.72039723,0.04778858,-1.35212374,-0.32414615,0.33110183,-0.36454329,0.09656180,-0.23670545,-1.16916037
4,0.108000,right,3,-0.56104976,-0.05388777,-0.10695823,1.87381256,-0.95322311,-0.37274373,-0.01025186,-0.08082045,-0.17496544,1.75364685,0.23829210,0.45340168,0.20323163,1.66090393,-0.10666743,-0.40123910,-0.82040757,-1.41535425,-0.25082529,-0.89596617,1.25231528,1.25472116
4,0.112000,right,3,0.26693141,1.11407304,0.69957197,0.70382416,-2.42067981,-0.91602433,-0.69515049,-2.58217001,-0.54130161,-0.03770324,0.27372783,-2.70972133,-0.54454374,0.26100656,1.49258459,1.23578215,1.18499494,-1.47321773,0.89651507,-1.29727256,0.49530149,-0.65122914
4,0.116000,right,3,1.21766603,1.02994406,-0.70008999,0.95741910,0.25220430,-1.21649194,0.51444119,-0.57135242,1.80651391,-0.44288045,-0.26328036,2.34751058,0.71003360,1.29940403,1.84238803,-1.08673537,1.84800196,0.52918792,-0.89792418,-1.10903537,-0.28687340,-0.19712722
4,0.120000,right,3,0.36710477,2.32578444,0.19392624,-0.01006027,0.42150649,1.50242245,-0.86697400,1.76825583,0.47734126,-1.33051622,1.49656773,0.01282705,1.28769660,-1.24641716,-1.20335031,-1.21403682,0.98603612,-0.16277194,-0.67108834,-0.34177357,-1.53006208,0.37325993
4,0.124000,right,3,-0.30755165,-0.50631291,-1.25924516,-0.69652182,-0.69199264,-1.60202694,-1.53595948,0.59626114,0.89483088,1.17771184,-0.60297096,1.20581484,0.21266073,1.43184090,0.83696187,1.65885234,0.99017549,-0.76024640,-0.46984968,-0.08723361,-0.06976342,-1.16240644
4,0.128000,right,3,-1.61333311,-2.16282105,-0.47140750,1.42659402,-1.58761001,-0.91945785,-0.43371224,1.32023990,-0.78752100,-0.59349108,0.41885743,-0.31486985,1.21495485,-1.81558001,-0.45318076,-0.27090991,0.29430369,-1.80846560,-2.09277511,0.56154251,-1.71002483,0.79556435
4,0.132000,right,3,-1.06584060,0.40162143,-0.29304141,-1.83877361,-0.61850357,0.04178032,-0.08123609,-1.50477016,0.95841539,-1.19631684,1.06190634,-0.76731932,-1.46698296,-0.18770330,2.27042675,-0.19093533,0.23293358,-0.29653949,1.07655644,-0.86725903,0.19962694,0.41524982
4,0.136000,right,3,-0.70882744,0.31252027,-0.29288924,-0.59931833,-0.31648827,0.76131582,-0.14253050,0.97409910,-0.23485975,-0.07382582,-0.48249397,1.48916948,0.52676815,-1.42593658,-1.11766696,1.32199967,-1.37477052,-0.72769022,-1.20369589,1.47836447,0.72935569,1.24586403
4,0.140000,right,3,0.04477646,-0.16999415,-0.67322528,0.13704255,0.11128736,-1.70121276,-0.09470935,-0.04677859,0.80216372,-1.36066198,1.48301792,-0.93771076,0.34331697,0.83779126,1.07366848,-0.06649154,-0.72422242,-0.75362206,-1.20509183,0.66178054,0.58181858,0.34884524
4,0.144000,right,3,0.64043301,-0.85015512,0.23218045,0.64439052,-1.37888324,0.93827450,1.81735635,-1.26782453,0.78827703,-1.64511037,-0.01460715,-0.13802406,0.85578960,-0.68859100,0.43162447,2.05292988,-2.21777058,0.30479226,-0.42115557,-1.91781366,0.00273908,-1.88512206
4,0.148000,right,3,1.25245023,0.99456692,-1.16116142,0.78253883,0.42953923,1.64941347,0.70196414,1.05145133,0.50026500,-1.27200139,0.63921750,-1.12642455,-0.15835544,-0.41621727,0.11116033,0.20975721,-0.57229340,0.49708006,0.38607332,0.54718012,0.36369660,-0.21588300
4,0.152000,right,3,1.54339397,-0.17562065,-0.61970592,2.02581429,-0.72084522,-0.63956213,0.94201726,-1.92526376,1.16250086,-1.53926635,1.59711659,0.16474843,-2.48871636,0.08096518,0.49104917,0.04454258,0.54723799,-1.08982229,0.61939853,1.95656061,1.85617173,-1.04536545
4,0.156000,right,3,1.03886878,0.72547644,0.89187855,-0.39181471,0.93541074,-0.06148518,1.40499389,2.15757465,0.62801915,-1.60596228,0.16142185,-1.18442571,-0.80257440,2.01999807,1.95115721,-0.20974568,0.57065219,0.61276221,-1.19934368,-0.43944696,-0.70226139,1.37183714
4,0.160000,right,3,-1.64291430,-1.31981361,1.06558084,0.48274428,-0.81055129,-1.53150654,-0.23213953,-0.84156901,0.87471288,0.20743647,0.16668618,0.72509247,2.03895426,0.07923876,-1.72979939,1.23518264,0.05494029,-0.50850445,-0.70640248,2.41325092,1.49332035,-0.25043806
4,0.164000,right,3,-0.06352602,0.68221796,-1.85492206,0.41442832,1.02456343,1.34274530,0.09312581,0.22198652,-0.37843987,-0.18802750,-0.10692578,1.26448822,0.82467508,-2.91093183,-1.20102870,-0.64918113,-0.04990748,-0.51789957,-1.48447978,1.62028754,-1.22075355,-0.15417908
4,0.168000,right,3,0.89585477,0.12858593,-0.39827788,-1.25481176,1.22856688,1.28200591,1.27773857,-0.19788688,-1.47789764,-2.00068116,0.84290624,-0.65838629,-0.16976613,0.14632930,-1.52011907,0.40614197,-0.67524195,-0.63858414,-0.17013146,-0.46846467,-0.58410984,2.28779769
4,0.172000,right,3,1.23098207,1.35765052,-0.97703856,0.52159572,-2.14366579,-0.25419649,-0.18289089,-0.56015134,-0.20302647,0.58282870,0.37919214,-1.10542798,-0.70622677,-0.60268176,-0.58304274,0.72700512,0.59946620,-2.43245816,0.44829726,0.57385343,-2.56687284,-0.33079711
4,0.176000,right,3,-0.28477928,-1.14378119,1.58381331,-0.33839735,0.34564695,-0.48394343,1.19735193,0.38521680,-0.85282969,-1.01631963,-1.86324525,-0.26374844,-0.54190952,-1.32304657,0.65736860,0.16333389,-0.28901619,-0.68529093,1.70056021,-0.02440863,2.29471397,0.64841664
4,0.180000,right,3,0.41719934,-0.14013502,0.22326338,1.81312180,0.81577557,0.54352212,0.33811280,-1.67906559,1.39385128,-1.07526135,0.17912029,0.00901056,0.21535468,0.38093588,1.18850923,-1.36510062,-0.72464126,0.67497307,0.37161484,0.32189912,0.89045393,-0.37491450
4,0.184000,right,3,0.03292805,0.38881269,-0.25609705,0.20550251,0.14920664,-1.10155129,-0.88771290,-1.66022778,0.66504103,0.23266926,-1.72867656,0.20879747,0.42647648,1.37793553,0.39610073,-0.85656583,-0.81618494,-1.90181518,0.73737967,0.10917865,0.66224688,0.27689588
4,0.188000,right,3,0.70820862,1.40752292,0.27640331,0.48023444,-0.81020844,-0.39379847,1.01629233,0.52327442,0.37608930,1.72169840,-1.56230223,-1.34109306,-0.67017448,-1.03774500,-1.37053001,-0.90811878,-0.47028062,-1.16977644,1.27265835,0.22879124,-0.36072665,-0.72620237
4,0.192000,right,3,0.25929567,0.37375879,0.80220723,1.77015924,0.72241729,-1.38926208,0.51973110,1.49144232,-1.32170880,0.22212595,-0.40041319,0.18964784,-0.76373219,-0.37902912,0.81754333,0.02919340,0.32259110,-0.45885873,0.26431945,-1.62314653,1.30587733,-0.46603948
4,0.196000,right,3,1.49070573,0.35998777,1.30129814,-0.62693125,-0.31647283,1.90277588,-1.33069050,-0.12815285,-0.31245014,0.03154424,-1.12234366,-0.15147530,0.91925180,-0.44697148,-1.87223864,1.13525319,1.59042704,-0.77443373,0.84594119,0.28077358,2.36277938,0.81894344
4,0.200000,right,3,-0.23272686,0.77716231,-1.71196818,0.34166265,1.15640724,0.30292487,-1.05187380,-0.09542682,0.34378877,1.15199828,-0.23931506,-1.44117165,-1.39686930,-0.11284765,0.51622039,-0.79159784,0.04140339,0.39686596,-0.25355858,0.61184239,0.96127748,0.47545236
4,0.204000,right,3,-0.62787151,-0.34656724,0.83811271,1.06062746,0.57251686,1.33196652,0.24242462,0.41831622,-0.97825336,-0.69388026,-0.69073349,0.41637146,0.90124971,0.64360583,-0.36150110,-1.47800112,1.50237417,-0.82738322,-0.88142806,0.47920704,-1.92003083,0.14775643
4,0.208000,right,3,1.24922955,-2.92929864,-0.02338548,1.93513942,0.17518288,2.20517421,-1.30478358,-0.92461801,0.98575735,0.48867190,-0.95043051,-0.95756328,0.44999677,-0.26752037,-1.30872619,-1.61292005,0.25523001,-0.54351997,-2.01382375,-1.01913726,-2.78017926,0.39239186
4,0.212000,right,3,0.80516046,-0.61307889,1.15166652,0.05025214,0.52879453,-0.20305328,0.29425299,-0.67281413,0.42918491,1.36637175,-0.61207348,0.92488503,-0.27524653,0.14970475,0.79527837,-0.45060349,-0.90805721,-1.03025544,0.39324877,0.18085317,1.18012989,0.56503695
4,0.216000,right,3,-1.50943005,-0.47915885,-0.74985498,-1.44451058,-0.77139843,-1.42671847,-0.64811903,-0.78632957,-0.27841088,0.20520896,1.19926059,-0.78950697,-2.02880168,-0.20854867,0.91379195,0.05753571,-0.38817522,-0.46546763,0.09510474,0.00703652,1.32369602,0.39542976
4,0.220000,right,3,-0.81184781,0.46074539,0.03045932,-0.17717868,0.66876906,-2.25689912,-0.47601077,0.82882190,-0.11871396,0.21311300,-0.88889569,0.47446468,-0.79959327,-1.29331481,-0.66498953,-0.95994186,0.12554243,-0.50787801,-0.45658100,0.76636159,1.30603826,-0.51050735
4,0.224000,right,3,-0.33125272,-1.54980886,0.63929641,0.55896062,0.67993158,0.92366880,-1.98662794,0.25033188,0.80789822,-0.54592699,0.14470813,0.79907757,-1.52661264,-0.41871276,-1.10564888,1.85576856,-0.66704541,-0.19584671,1.74081159,1.63400483,-0.07374036,-0.19370624
4,0.228000,right,3,-0.79365385,0.68335325,0.94926739,0.08115498,-1.36344767,-0.66113120,1.24615121,0.57069546,-0.24335116,-0.37651342,0.80981982,-0.49962455,0.19439116,-0.67932248,-1.47826946,-0.25200734,-1.23428524,-1.76157963,-0.53865713,-0.25716224,2.02199388,0.74209750
4,0.232000,right,3,-1.46618128,0.52495050,0.32624480,-0.64351457,-0.46767339,-1.09635305,-0.13963877,-0.31164956,-1.24960029,0.10699627,0.91371888,-2.11501861,1.21221089,-0.68414855,2.27168202,2.66698956,0.46065176,0.50300187,0.04700940,-0.54215127,0.00371994,-1.43791163
4,0.236000,right,3,-0.35368502,0.74904096,0.67173809,0.97047716,0.23015402,-2.49370766,0.62236172,-1.36110902,-2.16574788,-1.41635716,-0.66015339,-1.52532959,-1.12921762,3.36925483,0.04575896,-0.14116669,0.13079488,-0.51085198,-0.68824655,1.48406053,1.16062486,-0.24571246
4,0.240000,right,3,-0.02052611,0.26285982,0.11507110,-0.11302523,1.21945572,-0.84840417,-0.01755207,0.49138880,-1.19364893,1.05085576,0.77489728,-0.27061105,-1.10510588,-0.34489849,-1.49290311,-0.53625417,-0.38100210,0.16168782,1.56145692,0.91625810,0.46415541,-0.45109254
4,0.244000,right,3,-0.98456538,1.09654450,1.43774450,-0.94757718,-1.40356982,1.52233768,0.35115483,0.73266214,0.23167247,-1.31286240,-0.06327491,0.24524599,-0.30824482,-0.18036398,3.21999431,-0.41997427,0.58177847,-2.22998881,-0.38261351,-1.04601693,1.67664278,0.03933049
4,0.248000,right,3,-1.05194223,1.36692262,-0.77026772,-0.24693456,-0.46267068,-0.60080600,-1.71027839,-1.36464202,-0.61016876,-1.14505887,1.44731236,0.06315482,-1.10521269,-0.98085243,-0.59829181,-0.31189874,-0.37951583,0.81924206,-0.55430526,-1.79931438,1.46967566,0.18082967
4,0.252000,right,3,0.63030779,0.98785162,0.93129843,1.84786916,-0.00890285,-0.30562457,0.04910725,0.82052863,-1.61273932,-0.77464932,-0.45842728,-0.98343313,-1.40106511,0.09780890,0.55557334,0.43158162,0.53977609,1.70560110,0.53040546,1.07425129,0.33977023,0.58249235
4,0.256000,right,3,0.54769230,-0.81198478,1.28162551,1.69935572,-1.72136033,0.51402509,-0.45579591,-0.69625854,1.00942183,-0.17703931,-0.15694363,0.46909401,0.19865662,0.13628827,0.10587472,1.66477823,0.49967366,0.51886654,-0.73984164,1.20425904,-0.85273165,2.33331299
4,0.260000,right,3,1.16048217,-0.27763140,-0.73110408,-1.88983643,-0.15176740,-0.11242628,0.40863732,0.87378061,-1.36196971,0.03314095,-1.32495856,-0.26542884,-0.08097415,-0.79809213,-1.95469916,0.06054615,0.92774326,-1.23876369,1.12419915,0.48592198,0.77203530,0.42002353
4,0.264000,right,3,1.30735910,0.34766692,0.52101398,-0.73571736,0.50507766,0.58154583,-1.74243426,-2.26183796,-0.70413983,-2.19782376,-0.08509780,1.25320780,1.19007528,0.49635026,-0.03022215,0.29519671,-0.16562004,-1.58693576,-0.52201110,-1.34578919,1.53921151,-0.69385946
4,0.268000,right,3,0.45292646,-0.15798153,-0.90058398,1.41519678,0.61217928,0.77514464,-0.39263657,-0.21320921,-1.65538061,-1.25400555,-0.12152413,-0.16250847,1.60803246,-1.52499402,-1.22351503,2.22096634,1.57777762,-0.27048361,0.04921106,-0.06574621,0.58121061,1.05259764
4,0.272000,right,3,1.24685693,-0.57915115,0.67939931,1.09845924,0.71886933,1.05286789,-0.72977257,-0.54569006,0.74073946,0.34098485,-0.20211072,-1.57751560,-1.44605255,0.20111583,1.11902630,0.28455219,1.24649382,-0.22475456,0.68733060,0.14494503,-1.03907490,0.89474869
4,0.276000,right,3,-1.00957942,0.37061951,-2.11143661,0.29675549,-0.97763062,0.68058324,-0.00434588,1.28121030,2.26781726,-0.51928413,0.86780667,-0.44970164,0.38060221,0.22296098,-0.12146887,0.44108859,-0.52243477,0.91049993,1.29466534,1.52526629,0.52601945,-2.17002535
4,0.280000,right,3,-0.74962896,0.91720450,0.85321987,1.18803287,-0.29915574,1.16167331,-0.14079486,-0.32164204,-0.72233045,0.43779957,-0.02046689,-0.58928317,0.56872743,-1.34689593,0.86201352,-0.24023849,0.86802983,-0.10975990,0.55844879,0.01812087,-0.48576075,-0.74779570
4,0.284000,right,3,-0.09085029,1.88291001,-1.07635629,0.25829047,0.22958963,-0.05343322,-1.33283067,-1.22399342,0.86439824,-0.49694210,-0.59788483,-0.09686098,0.28759930,0.29143563,0.64723557,-1.14789546,-0.84585679,1.17819226,-0.63941199,1.37108338,-1.79941654,-0.17668371
4,0.288000,right,3,-1.55645978,-1.26570010,-0.13630927,-1.44017315,-0.89573985,0.08211267,0.00963746,-0.90872121,-0.45228946,-0.40305734,1.06090438,0.51110739,1.01507509,0.87499470,1.46438050,-0.52871948,0.29121575,1.24504554,-0.79427451,0.42403269,0.82521528,-1.14223087
4,0.292000,right,3,0.95793629,-1.06341636,-0.21728338,0.41882995,1.25414324,-0.68415517,0.33958271,1.03688443,1.55961072,0.17341790,1.31812036,-0.33002490,1.72504544,0.49932134,0.53880203,0.06314609,0.49437627,-0.70072597,-1.31560576,2.03351331,1.03715289,-0.16167133
4,0.296000,right,3,-1.26091015,1.08131468,-0.18233962,-1.23376560,-3.08651757,-0.40246862,0.88858771,2.48966527,0.05899444,0.72971249,1.34633255,1.38495934,1.10832930,-1.44579041,-0.88680816,-0.12601699,-0.15213819,0.36474457,-0.10560277,1.05079246,1.11188459,2.50111675
4,0.300000,right,3,1.14031553,-1.52805579,0.43859026,0.38751170,-1.20826888,1.57095671,1.24537587,1.20994890,1.02222371,-0.29106742,-0.40696254,-0.25678152,-1.37135851,0.65198976,-0.41240278,0.95872372,-0.88487393,-0.53187084,0.00190933,1.04820991,-3.42802739,-1.43326330
4,0.304000,right,3,0.33450091,-0.58937269,0.91807985,0.14399453,0.08792217,0.66180301,1.73225689,1.56939995,0.90192455,-1.39045274,-0.73623532,-0.82403678,-1.06197846,-1.60186601,-2.75673485,-0.35819662,0.42623335,-0.99406576,1.11949813,0.29248396,-0.38438430,0.50037086
4,0.308000,right,3,0.97387379,-1.44527185,-1.16277540,-1.03301334,0.93147701,1.20004058,0.67054296,-0.29606995,-1.18090641,-0.64581960,-1.39874458,-0.52728659,0.34147158,1.15313601,-1.53229392,-0.67527485,-1.70768464,0.93385518,-1.35704768,-0.34337768,-0.68053496,0.67764086
4,0.312000,right,3,-0.52622825,-0.00486092,-0.01284948,0.51112175,0.50119609,-0.39666048,-0.86885279,-1.78286362,2.30431867,-0.36620775,-1.56834292,2.17476773,-0.74330008,-1.30268788,-1.57716966,-0.20157512,1.04458165,0.13137333,0.10528849,0.12808733,-0.09975737,-0.73129153
4,0.316000,right,3,-0.20464481,-1.29118180,0.44718716,-1.16838264,0.55142635,2.08863044,-1.21520782,-0.15847838,0.51609242,0.20562226,-0.56601793,-0.14317863,0.67381382,1.30786669,0.52455109,-1.52087462,-0.50586724,-0.70592397,0.81570137,0.64320439,0.98963654,-1.20489693
4,0.320000,right,3,-0.72689056,-0.57164520,1.86688781,-1.62094378,-1.49976337,-0.74169338,1.34358513,1.15037811,0.55002600,0.41300067,0.20555808,0.23469168,1.17103243,-0.03277494,-1.36437058,1.35382211,-0.04514088,0.16442701,0.15219951,0.91303456,-0.96273446,-0.83051133
4,0.324000,right,3,0.80242038,-2.45612216,-0.70122004,0.08047047,-0.34492078,-0.39096755,2.30377889,0.47456664,0.42655712,-0.89467508,0.71388298,1.04287398,0.02181760,-0.93528992,0.40808880,0.96469545,-0.54442918,0.01542686,0.67736870,1.32853258,-2.42451930,1.81173825
4,0.328000,right,3,-0.55179334,1.49267292,-0.74520165,-0.36049128,-0.79507792,-0.18786651,-0.00896363,0.32251397,0.86623293,-0.79608089,1.01192415,0.42856133,-1.42870831,-0.46382746,0.69601297,-1.21421039,0.57228029,-0.94797665,1.89653277,-0.66131866,0.94588143,-0.37015572
4,0.332000,right,3,0.81340289,0.74309915,1.21228456,1.77144504,0.00929200,-0.45889997,-0.30970716,-0.73581272,-0.65897816,0.68031663,1.11180115,0.05912445,-0.61882597,-0.64279246,-0.59277821,0.56066662,-0.39265978,-0.27351961,0.81306857,0.52620977,-0.24067992,-0.32272431
4,0.336000,right,3,-0.65610325,-0.14044303,-0.80987507,0.72775465,-0.20735000,-0.71069121,0.52914959,0.89628261,-0.62951821,-1.29031408,0.00776241,-0.78976613,-0.49751258,0.05079105,-0.80937350,-0.94409430,-0.92362851,2.06899428,-0.05051475,0.43671507,-1.08753574,1.63305628
4,0.340000,right,3,-0.38680845,-0.27871168,2.22606206,-0.58152723,1.07137048,-0.71262336,-0.01863546,-2.06935191,-1.78602183,-1.26979041,1.03462267,-0.42730546,-0.82041889,-2.11820221,-0.49417341,-1.81697762,0.04043891,1.58953249,-0.75458479,-0.23098995,0.32060337,-0.04713419
4,0.344000,right,3,1.55446327,-0.21139203,0.75504345,1.57876790,0.71285993,1.51552689,0.28588915,-0.70118314,1.44126546,-0.49697572,-0.75142354,-0.23962094,2.24476671,-0.10829157,-2.75966716,-0.92031950,2.35993552,-0.82357651,-0.03522846,-0.14413783,0.15725756,-0.15986152
4,0.348000,right,3,-0.39367583,-1.12667739,0.25281212,0.02420273,0.76573360,0.07283375,-0.40820715,0.47528958,0.44652826,-0.03754396,0.30441287,0.88840109,0.20890668,-0.22327754,2.59493065,0.58508563,-1.44172680,0.03343046,1.74135780,-0.90643406,0.56464267,1.40429878
4,0.352000,right,3,0.85701317,0.52592325,0.76414329,1.45222974,-0.01033341,0.05226884,-2.18302202,0.74199665,0.48976949,-0.39029825,-1.20373511,2.04575396,-0.25775531,0.62551153,-0.19769703,1.48614407,0.21335863,-0.34238890,1.21658540,-1.26575935,0.66748953,0.14898674
4,0.356000,right,3,-1.14318931,0.55411929,-1.45610487,-0.17631948,0.46490052,-0.40040615,-1.89953506,0.03435673,-2.08139753,0.36717567,0.79829115,0.72026414,1.21348119,-0.48995563,0.03276159,-1.23349524,-2.79731250,-0.94357640,-0.06289054,0.12380414,-1.71305764,0.50631082
4,0.360000,right,3,-1.03261745,0.78317434,-1.84532189,0.94169623,-0.12864916,-0.60498118,-0.71474850,0.37035748,0.15519083,-0.08093248,0.51008284,0.08458753,1.78309476,0.38143373,-0.49806893,1.08043432,-0.19508936,0.38261950,0.54594618,-0.79272515,0.23585635,-2.08153605
4,0.364000,right,3,0.41488588,0.38986132,0.31257275,-1.06765401,1.16066873,-1.69424546,0.05711499,-0.44750258,0.65931225,0.81708753,-1.08945453,-0.97004908,0.09962990,0.17287341,0.57359838,0.33656955,-1.39025545,-1.28570008,-0.40911195,1.17340660,1.25329423,0.70752108
4,0.368000,right,3,-0.34713870,-0.26965278,1.24744296,1.15387809,-1.15699244,0.80532920,-0.65783709,-0.67103487,-2.85830379,0.22078077,0.08939458,-0.61131382,-2.92029738,-0.28175741,-0.80375975,0.56249875,-0.10463233,0.01320591,-1.83775699,0.06579135,0.61038756,0.23596220
4,0.372000,right,3,-0.02182820,-0.77989364,-0.70835114,-1.13164663,-0.69613636,-0.66177219,-1.13183916,1.24298263,-0.60668039,0.94191402,1.04493916,-3.69466877,-1.70630789,0.21465628,-1.44705045,-1.09636402,1.08911026,-1.45958030,1.98452854,1.63585889,1.66243911,1.57363474
4,0.376000,right,3,-0.46198761,0.45287353,-1.09341681,0.30285117,-1.77630472,-0.68868774,0.89780015,0.53112668,-0.41291249,-1.95926416,-0.72269577,-0.39748099,-0.53287524,-1.10703707,0.96607351,0.93216634,-0.47725731,1.82436979,0.77731872,1.91935837,-0.00220655,0.06713600
4,0.380000,right,3,1.48579872,1.93713653,-0.89429522,1.37743449,-0.03033224,0.80308551,-0.78606343,-1.25414908,0.43860310,-1.09187889,0.08502033,-0.32015061,-0.85125363,-0.31142122,-0.49323350,-0.09922978,0.51787955,0.11170670,-1.30790341,1.40264499,-1.21271336,-1.26899123
4,0.384000,right,3,-0.10088319,-0.35696366,-0.98055083,1.40234613,0.56890643,0.37872022,-0.16936603,1.19533896,-0.98998934,-0.63998675,-2.62091208,-0.00530039,-0.44759831,-0.55651301,0.84716415,1.15970302,-0.54686737,0.85522825,0.75204408,-0.67307121,0.19736049,-0.50855678
4,0.388000,right,3,-0.80813241,0.60047662,1.67772508,-0.28202510,0.17583992,-0.06587145,0.38683498,0.51218408,0.75382710,-0.62354910,0.88244361,1.40687501,-0.86063600,-0.72076339,-0.47017008,-0.00293748,-0.25188968,0.49828079,2.09673667,-1.92823625,0.26681533,-0.15320693
4,0.392000,right,3,0.87611693,1.14061797,-1.01133704,0.23386243,-1.35777259,0.96443897,-1.83015203,0.22737972,-0.90289670,0.37433836,-0.01261630,0.88551062,0.00811277,-0.37943634,0.39326060,-0.57874686,-0.14878966,-1.12572873,-1.39151084,0.88251364,-0.28129697,1.97123218
4,0.396000,right,3,0.97951227,0.25738469,0.68761170,-0.24809945,-0.84872043,-0.33626089,0.95206594,-0.16110048,-0.89715648,-1.09171045,-0.46724856,-0.02056097,-0.23088229,0.04860238,-0.08214751,-0.86303967,-0.21199572,-0.88072830,-0.76521462,-0.00320233,1.46959341,-0.34474465
4,0.400000,right,3,-0.22057314,1.48904562,-0.16446106,1.69972348,0.78376549,0.48144695,0.38613656,-0.38606444,0.59945047,0.18233955,1.73291647,0.90350103,-0.25704485,-1.89802957,0.66057163,1.14363694,0.11218389,-0.13092206,0.17377357,2.26894832,0.13986106,-0.84304780
4,0.404000,right,3,-0.47651008,1.95104980,-1.09472418,0.65903598,-0.49282956,-0.58905059,0.11634261,0.48804310,-1.35406029,-0.00775394,0.64258486,-1.43030071,0.85040623,0.09983975,-0.28852731,-0.77374595,1.06933546,-1.54074252,-0.69033462,-1.66248286,-0.13361494,-0.38556600
4,0.408000,right,3,-1.11805022,-1.83241677,0.51318651,0.21583399,1.59342957,-0.33159095,1.09609783,0.59580499,-1.70497930,1.03673637,-0.05564838,-2.15741301,1.12426710,0.16526903,0.20991045,-1.07031977,-0.15092549,-0.41256911,0.54817992,-0.24575892,-0.90656471,1.15239894
4,0.412000,right,3,-1.45723987,-0.80326122,1.12316787,-1.47874463,0.43491507,-1.07105863,0.08489917,1.45149815,0.61758900,-0.54952961,-0.30123845,0.08346789,1.53336096,-1.28923416,-0.93135285,0.39698765,-0.99125373,-0.97207922,0.90868413,-0.77242392,0.12513904,-0.83016247
4,0.416000,right,3,0.38461569,-0.60705703,-0.65171027,1.01915586,-0.59340948,0.84037173,-1.58576238,-0.75465399,1.84929693,-0.09013445,1.03334320,-0.22051162,-0.07880883,0.59596533,0.04517073,0.18334688,-2.67470431,-1.25834882,0.05871253,0.24142110,1.53601158,-1.00399804
4,0.420000,right,3,1.21278918,0.17725779,1.63367009,0.70280236,0.47704878,0.59505844,0.95221746,-0.07851525,-0.82402146,-0.31407836,-0.85861981,-2.11228442,0.96813726,1.05328298,0.04653134,0.23784366,1.08837903,0.77688569,0.85141760,0.60152304,-1.75593507,0.13388595
4,0.424000,right,3,0.22423592,-0.82254297,-0.54356378,1.31610000,-0.25710988,0.11715450,0.32617840,0.01982024,-1.14806414,-0.66640568,0.29168135,-0.10131213,1.50508678,1.26401818,0.24277647,-0.14822063,-0.04121820,-1.59266508,-0.40623713,-1.52279067,-0.10709929,-0.84489918
4,0.428000,right,3,-0.74337769,0.16747518,0.76338297,1.46105433,-0.93769628,0.24953030,1.22836328,2.46054196,0.01455880,-0.63514221,-0.40856954,0.50071138,-0.27603596,-1.22755718,-0.49113855,-0.57001692,0.15092200,1.20888174,-0.76450461,0.68772149,-1.99229586,0.04320972
4,0.432000,right,3,1.58368361,-1.55861115,-0.76988137,0.58914220,0.40105802,1.21785378,0.30053702,-0.44071275,-0.76574284,2.32264185,2.00297308,-1.18179345,-1.08748257,-0.95271647,1.52168190,-0.71470356,0.46613374,0.23608798,0.89138377,1.06060410,1.10895658,1.10352135
4,0.436000,right,3,0.70680636,-0.05624477,-0.58988273,-0.18527859,-1.49499774,-1.02314973,0.28098881,0.86902076,1.26768577,-0.22610110,-1.47431159,-0.24426328,-0.18645863,-1.82114363,0.94308966,1.63296866,-0.10545377,2.16849041,-1.07860005,-1.94813621,-2.32487369,0.20878534
4,0.440000,right,3,0.30977848,-0.96183699,-0.82274693,0.62877399,-1.68208551,0.21949133,-1.49338007,0.19550878,0.63469541,-1.55641913,-1.30845964,0.86172503,-1.00118625,0.03484559,0.28457767,-0.88401103,1.29223657,-0.43711656,0.34354931,-0.59100175,0.41959244,1.29495656
4,0.444000,right,3,-0.91590035,0.37988544,-2.16381764,-0.42002803,0.39479914,-1.76778877,0.79106820,-1.69676411,1.50108385,0.42530891,1.38524914,-1.75249672,-1.13231969,1.13497710,-1.57293725,0.33746341,-0.09102727,1.82291687,-0.10687602,0.30340981,0.16603151,-0.41204861
4,0.448000,right,3,0.61589843,0.25992352,0.75433981,-1.23328638,-1.04655015,0.94323015,0.34358230,0.49798650,-0.39512265,0.78786361,1.04099548,0.83103794,-0.70778233,0.37418157,0.58297181,0.04674111,-1.08350563,1.28323877,-1.21438229,2.50630808,-0.73289359,0.61584616
4,0.452000,right,3,0.72433943,0.67197245,-1.23324633,-0.48003638,-0.00551721,1.64035833,0.61746466,1.17859602,1.42226636,-0.91045821,-0.92698258,0.85502630,0.98317313,1.46802723,1.22313023,0.34408602,-0.44505024,0.11309171,-0.37324503,-3.01837349,1.08295763,1.34508240
4,0.456000,right,3,0.17439304,-2.31333494,0.59049785,1.20464349,-0.56972915,-0.11246940,0.11081997,0.75102383,-0.05874365,-0.06469281,1.49345422,0.44477281,1.54091179,0.69447404,-0.53291273,-0.46093869,-1.23051834,-0.58547014,-0.08000284,-0.26362222,-0.56022048,0.92099899
4,0.460000,right,3,0.00208868,-0.84602612,0.96009755,0.00398803,-0.11649299,0.84744567,-0.57755291,0.38869184,0.08316625,1.70271087,-1.38183784,-0.06167721,0.42563719,-0.28089637,-0.49009138,-0.04817513,-1.29278624,0.59690940,1.88280785,0.26443699,0.27613565,-2.58358955
4,0.464000,right,3,0.25485423,-1.28081453,0.56819910,-0.40456581,-1.68676484,0.76950985,-0.73959446,-2.92517757,-0.04870246,-1.21863282,-1.89662921,-0.77399093,0.23528367,0.47525638,1.16789317,1.27888131,0.48331600,-0.25309601,-0.97294635,1.24409604,-1.36940897,0.82904810
4,0.468000,right,3,0.29654792,-0.32558432,-1.14288497,-0.26460454,1.11875331,1.59258616,0.10995111,-0.12484532,-1.75220752,-0.82753414,-0.87339455,-0.62028503,1.39161396,0.09497349,0.16735722,0.35399717,0.51081103,-0.35169902,-0.40354306,-0.64356422,1.25295269,-1.66519105
4,0.472000,right,3,0.77291149,1.08798218,0.83110148,1.64652967,-0.12126142,0.14454006,0.20432022,-2.32030535,0.02746920,0.08378920,-0.18355012,0.26684028,0.10922083,-1.00413716,0.73935050,1.10089850,-0.31661528,-0.04727952,-1.11997676,-0.81537837,0.26967573,1.21328127
4,0.476000,right,3,0.95791507,-1.12511313,-0.60654670,1.62825656,0.11926077,-0.27332941,-0.10339631,0.81907797,-0.97573072,-0.32557330,0.08725877,0.07099439,-0.72297233,0.12876722,-1.77889383,-0.60050237,0.71564651,0.80816358,1.45563877,-0.85587114,0.91438669,1.38759816
4,0.480000,right,3,0.49327043,-0.03149537,-0.99787581,0.03915438,-0.59522033,-0.54403198,-0.77582568,1.81646502,0.63707703,0.72692090,-0.09795137,-0.70235270,0.63626796,2.41945481,-1.53444076,0.40789512,0.61187983,-0.87320638,0.24591865,-1.58464205,0.02582747,0.76132023
4,0.484000,right,3,-0.38937366,0.08974496,-1.24539089,0.03859380,-0.28714356,-0.65874183,-0.41058680,0.41999209,-0.97709465,-0.77745390,-0.17447302,0.04514275,1.52631521,-0.67367822,-0.47045135,1.74732661,0.89792442,1.16694200,-1.37076795,1.81341255,1.00886154,-1.11005318
4,0.488000,right,3,-0.24822699,1.60123360,-0.95556539,-1.60085690,1.14857435,0.27772158,-1.52466094,-1.71142149,0.01982208,-0.85678262,0.21310210,1.52602458,0.51191521,0.27743423,1.04745805,0.33590797,1.97843981,-0.49133754,0.68386543,0.69763017,0.35182709,0.27160242
4,0.492000,right,3,-0.13654713,-0.79941207,-0.53742129,1.44409943,-0.87089860,2.01446104,-0.95281917,-0.60383493,-0.21292613,-0.85659736,1.03708780,0.14035213,-0.13628729,1.18906248,-0.62648666,-0.62901193,-0.33375132,0.97735316,-0.28455672,0.51408976,-0.58308470,-1.15050840
4,0.496000,right,3,0.59812665,1.01319778,-0.48181000,2.11125994,0.05080548,1.19287729,0.29685971,-1.34431756,0.39233649,-0.43048528,0.18756181,0.70628184,0.26710448,1.13426423,0.04480691,-0.75432801,0.05171749,-0.45546612,0.53256035,0.92286062,0.79493695,-0.31310180
4,0.500000,right,3,0.57500476,1.72384846,-0.73078752,1.19687390,1.61540461,-0.00903103,0.14690295,-0.24419251,-1.01797700,0.64477813,0.63244081,0.71678907,-0.79057056,-1.77861977,-1.71098208,0.17280780,-2.11181259,-0.60121465,0.19533479,1.46942866,0.12576379,0.11757240
4,0.504000,right,3,-0.91234505,-1.10684764,-0.22346362,0.75827140,0.74282020,0.02680013,0.13784501,-0.31080335,-0.05936939,0.44965303,0.07009827,0.84458095,-0.05587032,1.11026478,-0.27391624,0.72123808,-1.97058487,-2.29828429,-1.39286053,-2.11180615,0.87495977,-0.69077396
4,0.508000,right,3,-0.33652991,0.99124539,0.77468067,-0.98034179,-0.13039771,2.18196845,-1.35563803,-1.06246006,2.66356087,0.84042281,0.33535954,0.01718870,0.93637633,-2.44331169,0.63028765,1.01983643,-0.78588647,0.29574084,-0.70935321,1.22330713,-0.17381430,-0.80174536
4,0.512000,right,3,0.96877658,-0.14045604,0.59770977,0.39286295,0.48334303,0.30091253,0.33336884,1.76214838,-0.00778616,-0.49302191,2.18408036,0.65758115,0.53890598,-0.44475940,0.18840210,1.35540509,0.36008307,0.60442531,-0.10637708,-0.22337367,1.00944400,-1.86184335
4,0.516000,right,3,-1.19448984,1.20129621,0.56075138,-0.61809570,0.77741879,0.25264087,-0.90858996,0.86986530,1.05424321,1.42168522,-0.99524778,0.69419652,-1.20791662,0.48569474,-0.01941201,-0.84363180,-0.21968029,-0.90552658,0.86462206,-0.91788334,-2.01171827,0.62981468
4,0.520000,right,3,1.51414680,0.27494347,-0.46735111,-0.18754768,-0.46085390,0.49897894,0.54359859,-0.22089782,1.93945253,-0.07245959,-0.46529260,-0.37835178,-1.19981718,-0.43022484,-0.65857387,1.24901831,-1.58360314,-2.03759551,0.44857103,-1.60868716,-0.11957084,1.54151630
4,0.524000,right,3,0.37430444,-1.13332260,-0.49386591,0.36243376,-1.61129534,0.09414314,1.61159134,1.34416616,-0.68351489,0.05771780,0.92323834,-0.89658147,0.57678813,-1.42065656,-0.60113907,-0.14545701,-0.12409065,-0.49034154,-0.31977832,0.83099079,-2.16964507,0.94199616
4,0.528000,right,3,1.31275380,0.17165758,-0.05458102,-0.11176109,1.64940429,0.47903749,1.65661025,-0.10682681,-1.43134236,0.89137578,-1.03717732,-0.50848043,1.37235868,1.19444501,-0.72186476,1.58719945,0.62976360,0.96626449,0.99543142,-1.31736088,0.09237446,-1.09452963
4,0.532000,right,3,-1.76376033,1.22958636,-0.29717010,-0.71228677,-1.22187710,-0.10454681,0.74398839,-1.24298000,-0.78459060,0.08958516,0.35832506,0.39954585,0.51161963,-0.26580909,1.48110425,-0.24151607,0.77559692,1.23925292,-0.06361499,0.39716440,-1.00675213,-0.71813929
4,0.536000,right,3,0.93784899,1.44227076,0.29070696,0.92012864,-1.06109679,0.60531294,-0.29095310,0.36342365,1.50016868,-0.25927389,1.83511221,-1.81749427,-0.75973129,-1.98120081,0.95916826,0.35232788,1.86522245,0.82045132,-1.17134774,-0.64260149,0.96654737,-1.45601320
4,0.540000,right,3,0.61324215,1.34768057,-0.91171479,-1.19824040,-0.66452074,-0.82356197,-1.13658333,0.35735959,1.56208050,-0.17509693,0.00873289,0.02365068,1.54991198,-2.49793482,0.99776185,-0.55891770,0.48409370,0.88211024,-0.81805569,1.85598791,-1.44670475,-1.02613735
4,0.544000,right,3,-0.09040101,-0.16476297,-1.04752398,-0.95971185,-0.09165064,-0.96645123,-0.96040034,-1.08286321,-0.94329917,0.32947472,0.73171300,-0.26135826,-0.71511912,-0.90974909,1.48886907,-1.47792125,-1.07358098,0.49722886,1.40257835,-0.91944504,0.06572383,0.14325227
4,0.548000,right,3,-1.23839557,-0.81815600,1.43780303,-1.09622395,3.12289476,0.52252507,1.91878963,-0.15317477,0.94474792,-1.83311760,1.65740252,1.50841999,-0.16738811,0.44282618,-0.74549478,-0.92411882,0.53879392,-0.42845368,1.22422397,-1.99264205,-0.72148341,-0.48955652
4,0.552000,right,3,0.09307902,-0.18311021,0.55981982,0.51165211,0.37469909,0.42778036,1.93234301,0.17946842,-0.14178666,0.49366766,-0.58681923,0.42306498,0.02041554,-0.13129309,1.90442955,0.02561553,-0.58347833,0.19212294,0.29411462,-0.47227040,1.04724431,-0.75026047
4,0.556000,right,3,-1.78547633,-0.18019301,-0.88824469,-0.35350341,1.01515913,1.40696716,0.35451248,-0.01436695,0.02597798,1.47786939,-1.87466216,-0.38301763,1.17089224,1.82532096,-0.90743965,-0.88972807,0.75724185,-1.41860700,0.17750196,-1.98213530,-1.93230128,-0.33630478
4,0.560000,right,3,-1.34269345,-0.10303479,0.27023336,0.76316768,-2.39046597,0.06822833,1.17912149,-0.24882457,-0.00382122,-1.80479681,0.48180550,-0.34339854,0.71403092,0.73767561,-1.80126643,-0.53146833,0.98296106,1.24617386,-1.47030008,-1.21650565,-0.42270604,-0.36111456
4,0.564000,right,3,0.05994635,-0.18361214,-0.82869416,-0.64086461,-0.34510547,0.57596201,-1.96607447,1.43283463,2.13693547,0.76240379,-0.47265255,-0.73720551,2.04415774,-0.79977596,-0.22522336,1.57843673,-1.10765839,-0.67945516,0.07653294,0.75599557,0.97575796,-0.50221443
4,0.568000,right,3,0.58939737,-0.94220769,-1.05832064,0.71322417,-1.58594322,0.55677480,2.15912223,0.26672307,1.57420707,0.95555097,-1.46790469,-0.46424642,0.68950051,-0.50869358,-0.03228426,-1.51937389,-0.14197956,0.28083706,-0.39725685,-2.59017992,1.74463069,-1.28636515
4,0.572000,right,3,0.13639668,0.20844904,-0.23294385,0.31739989,-0.15694831,0.61678344,0.25034538,0.53867775,0.52911657,0.23649271,0.42600095,-1.00335979,-0.65725839,-0.82023716,-2.02739549,0.00891783,0.23924774,-0.12750266,-0.78520072,-1.53034484,0.23470189,-0.04816481
4,0.576000,right,3,1.74932337,0.24772623,-0.47376400,0.12498167,0.24887323,1.04318511,0.10031788,0.71902865,-1.62909305,-0.48128492,-2.01171160,-0.09827039,0.06897111,-0.61164731,-0.84967309,0.62117350,-0.91831446,0.05544047,0.24319740,0.08864751,-0.02629824,1.07971323
4,0.580000,right,3,0.97728711,-1.44353890,1.34158432,-0.41961962,-0.74210048,0.19654040,0.78382617,-1.94408476,-1.02466702,-0.42264736,-0.00783723,0.74412584,-0.79193324,0.16323085,0.96955597,-1.70238864,1.06595492,0.12119649,1.59191144,-1.02939272,1.32313693,-1.03534186
4,0.584000,right,3,1.30142188,-0.65945035,-0.11809903,0.88181168,-0.67771834,1.45520437,1.72438991,-1.83478665,1.73732984,0.55209434,-0.35612077,1.52002633,-0.60352606,-0.57763356,-0.15729809,-0.92452359,-0.25171214,0.16539960,0.58565217,0.42383581,0.26767504,-0.16007429
4,0.588000,right,3,0.39775518,-0.22589906,-0.32116097,-2.76284337,0.96482593,1.32840896,0.58929867,-0.13215469,-1.06376147,-0.32930055,0.94843233,-1.05100715,0.15202546,-0.55346006,1.14685559,-0.61351305,-0.35337284,-1.32879567,-1.42512774,-1.15503490,-0.52398175,-0.86034536
4,0.592000,right,3,-1.05391037,1.53172243,-2.18885589,-1.80002463,1.35115445,-0.58687121,-1.18648291,-0.06927553,0.00551809,-0.10545436,-1.51610160,0.06115832,0.21131413,0.17664054,-0.47898677,-0.15191057,0.79513717,-0.19947970,-0.85404569,1.69908500,-0.83493918,-2.38801718
4,0.596000,right,3,1.00998223,-0.02444329,0.13181219,-0.13412254,-1.24145555,0.71226305,0.14755292,2.07358146,0.83678567,1.18866849,0.70164758,-0.14346747,0.09299231,0.16734096,1.19118679,0.79058284,0.38677299,-0.06646954,-1.86164355,-0.13532305,0.27112713,1.35330248
4,0.600000,right,3,-0.52677000,-0.82150072,-1.61266887,-0.50447387,0.98115146,0.87553573,1.01513672,0.03673309,-0.50147051,-0.23549822,-0.82297111,1.31545651,0.54765898,0.30676469,-0.14329629,0.67950076,-0.62676030,-0.05034902,-0.82300508,1.33142650,-0.67914796,1.70411587
4,0.604000,right,3,-0.12974040,0.66596413,-0.53462279,0.66626900,0.63885772,1.00780988,1.04267776,-0.49837226,0.56324518,-2.06776476,1.47982514,0.18269059,1.60589969,-0.56343848,0.98748189,-0.62995601,2.02157593,0.26991478,0.75066286,0.25030613,0.24100398,-1.57208443
4,0.608000,right,3,0.17251909,-0.24129292,1.50756228,-1.11726284,1.15721166,0.48118946,1.52231479,2.11384344,0.30406037,-1.39694834,-0.92152327,-0.77759862,-0.72120887,-0.35895640,0.70790052,0.74263215,-1.39696991,1.23573685,0.16227517,0.09210135,0.04757301,0.55315542
4,0.612000,right,3,-0.78545219,1.23461235,-0.57432944,1.39013457,0.03077229,2.07880974,-0.74540591,-1.53240061,-1.68461645,1.44298482,-1.04197180,-0.79189569,-0.86379492,0.87290114,-0.37072355,0.29276359,-0.13329378,-0.29128522,-0.42979360,2.45208883,-0.77834064,-0.68885988
4,0.616000,right,3,-1.35139799,1.36010158,-1.04763901,-2.30274320,-0.21657258,-0.63194913,-1.99930835,-1.03345311,-0.96208745,-0.19462410,-1.38833356,-0.91349971,1.25114644,0.74838078,1.38833940,-0.48005468,-0.92487991,0.93521696,2.44371390,1.55280161,1.11870718,0.03173384
4,0.620000,right,3,-2.12261271,1.10734534,-0.08046844,-1.12369227,-1.17138052,-0.02258503,-0.44699049,1.90248704,-2.52597475,-0.28440243,-0.30819982,1.07234097,0.21683404,0.55133241,0.87654442,-1.10878694,0.33653188,1.49743807,0.46694997,0.48491141,-1.37291467,-1.63826919
4,0.624000,right,3,0.70559156,-0.37949541,-0.52289391,-0.64887029,-0.32909578,1.09195495,-0.86262047,-0.09058102,0.38120505,0.46735826,-0.28031808,0.54993272,0.30967310,-1.16276693,0.88754284,-0.48932955,0.69686007,-1.75976372,-0.62541074,-0.10719147,-0.17174643,0.16743380
4,0.628000,right,3,-0.23679127,-0.90316588,-1.48205709,-0.05282705,0.32309067,0.33996600,-0.09559694,1.36792362,0.05480460,-0.45935148,0.77145517,0.68331712,1.01726162,-0.46536171,-0.70615441,-0.29535881,-1.25530148,-0.24865744,-2.77428102,0.33427408,-0.25405619,0.43635547
4,0.632000,right,3,0.70981735,-0.39760798,-0.63423049,0.67624718,-0.45096415,-0.55137646,0.94299942,0.18398884,0.39239773,0.76997221,-0.36302531,1.19534206,-1.32107449,-0.03873630,1.20143199,1.95158303,-1.10299885,0.59280884,0.07987486,-0.62799138,2.70820212,0.28569493
4,0.636000,right,3,-1.04712236,-0.52662331,0.91667181,1.45934045,-2.20382667,-0.56613517,-2.66480136,-0.53430271,-1.16251254,0.09228177,-0.84221548,-0.35320142,1.19446993,0.45244864,0.46315268,-0.69000602,-0.35644209,0.68279076,-0.65006185,0.04462732,1.03246093,-0.92757320
4,0.640000,right,3,0.35396156,-0.26180843,1.72471547,1.42830789,1.33536279,-2.28103590,0.04577261,-0.09052341,-0.68322980,0.09191892,1.27143943,-0.36993006,1.38385391,0.78344023,0.95132828,-0.41299096,0.71259791,0.13615744,-0.95413256,-0.83583015,0.28153136,0.41874623
4,0.644000,right,3,-1.41964185,0.49838981,-0.35811615,-1.30193043,0.62933952,-0.11449781,0.92927235,-1.95023513,-1.46653962,-0.01976328,-0.85723978,-1.52998853,-1.71614468,-0.99917543,-0.72509491,0.19854705,-0.37804225,0.41319227,-0.83135986,-0.59343326,-0.77164096,0.33611402
4,0.648000,right,3,-2.08217883,-1.54619026,-1.49886680,0.22830573,-1.44444525,-1.32881868,0.10460142,-1.16520905,0.83027178,0.82713872,0.56293029,-0.60419023,2.49926543,0.84992319,1.49825609,1.34678614,0.18393618,-0.23787849,-0.32306290,0.49009249,-1.80433953,-0.94806820
4,0.652000,right,3,-0.78588456,1.08984149,0.83189732,-0.14313953,1.34618151,-2.09526372,0.03015975,0.89279199,0.27105460,1.57510221,0.44917363,1.46764493,-0.99013972,-0.65756983,-0.10217736,-1.81251657,1.31420457,0.96807885,-0.81589407,0.65609795,0.53934526,0.27150416
4,0.656000,right,3,0.17426364,0.38773513,-0.59779650,-1.67346311,0.11228704,-0.48955280,1.45391035,-0.34981030,1.97848344,-1.02782118,-0.15054500,2.31479192,-0.03454053,0.97010255,0.87286311,0.06351572,1.18024302,-1.40516412,2.14910913,-0.50691080,-1.10738611,-0.88372880
4,0.660000,right,3,-2.30483317,-0.71725380,0.19072919,-1.66688263,-1.01071954,-1.18820345,-0.29375207,-0.10331038,-1.97925222,-0.16280679,0.81970906,1.35575390,-0.91252315,0.82441360,0.16455364,0.13000485,-0.68914306,0.22684456,-0.39074877,-0.03601945,0.45455712,1.08505023
4,0.664000,right,3,0.24925251,0.66873038,1.09519291,-1.13434005,0.27221131,0.80328792,-0.66700649,-1.83771801,0.54812384,0.12926632,0.85358953,-0.44361541,0.73143846,0.06623086,-0.95047599,0.22236884,-0.49608091,0.53388977,0.43253374,-0.27450997,1.87364697,-0.43144333
4,0.668000,right,3,0.22223571,0.77339190,-1.44810784,-0.82572854,-0.06195954,-0.72906923,0.95359021,1.25892818,0.32903770,-0.24643107,-0.45041043,-1.01253915,1.17170012,-0.84711862,0.79754311,-0.75279051,-1.56101048,1.48658490,-0.77006638,-0.21929476,-0.78214020,0.01173469
4,0.672000,right,3,1.54696381,-1.00182283,0.30919999,0.77787137,0.15747429,-0.89137203,1.28006864,-0.55842453,-0.98214871,0.84652847,-0.71422219,1.60080898,-0.11396784,0.64005917,0.92443883,0.53915393,-0.18508938,0.84597945,0.52670926,-1.43773961,1.52435553,-0.36587358
4,0.676000,right,3,1.24123108,2.28389955,0.45132947,-0.58946842,-1.06001389,0.70211947,1.58402801,-0.55234998,-0.58335096,1.03905439,-0.86954641,-0.80907923,-0.10302099,0.37258810,-1.44652724,1.19985807,-0.54571080,0.84085286,-1.11103845,-0.15209690,-0.05849183,0.05735324
4,0.680000,right,3,-0.18988977,0.57154077,-1.09136784,-0.58320785,-0.49875990,-0.78895164,0.77215493,0.03176541,1.29211903,-0.74071199,0.61454928,-0.65554303,0.51107103,-0.30891144,-0.30350965,2.11799312,0.05234098,-0.98673493,-1.32658815,0.39511248,-0.88931346,-0.28188899
4,0.684000,right,3,-1.02481592,0.51129550,1.53077257,-1.57246077,0.24050419,-0.31631956,-1.06297052,-0.32260743,0.02736303,1.44857347,-0.49789664,0.04620409,-2.03787494,0.25417566,0.52994549,0.32282373,2.29525638,-0.44760323,-0.65773302,-1.83408833,-0.27990907,0.94902056
4,0.688000,right,3,1.04525280,-1.48486578,-0.30818874,0.67350227,0.93876356,-2.23937130,1.01872814,0.27586454,0.13237633,-1.24894166,-0.09808376,-0.50911230,0.24676867,0.94293028,-0.02938296,1.25790918,1.40240133,1.10477459,-0.82813728,-0.27592304,-0.16173509,-0.58103794
4,0.692000,right,3,0.31627667,-0.61008531,-1.42907119,-0.39606431,0.60185963,-0.32158417,1.45910573,0.87359881,0.89488417,0.80578804,-0.86062670,-0.25982189,-0.46431831,-0.35634103,0.59610122,-0.05747344,-0.20664220,-0.07638992,0.78471303,0.91769052,-0.24809897,0.25051865
4,0.696000,right,3,-0.94164389,-0.95839339,2.08734584,-0.69271475,0.25983888,-0.63939607,-2.15134692,1.49290276,-0.45332921,2.10410357,0.05399459,-1.18316448,0.37955564,-1.79290414,-1.24893904,0.75698286,-1.75060177,-0.86255723,-0.11272401,-1.80158401,-0.95310807,-0.09167622
4,0.700000,right,3,-0.87901282,3.40673089,-0.01294378,-0.12878120,-0.63648099,1.21462238,-0.13244495,-0.88772923,-0.46941864,-1.06589544,-0.63899803,-0.16700174,0.05675602,-1.17902637,-0.34046814,0.49087441,0.89332002,0.45632330,-0.38323802,0.65506917,-0.70892441,0.20820470
4,0.704000,right,3,-0.79635853,0.64419818,1.14662695,0.01986856,2.16036677,0.81551993,0.05581624,-1.01770842,0.04014543,0.16185519,-0.80703783,0.54675055,0.42445371,-1.06358302,-1.08965254,1.72496641,0.40802670,-0.28031677,-0.05328507,-1.15634453,-0.28241777,-0.73348254
4,0.708000,right,3,0.95959151,-0.09291425,-1.12065089,0.81975931,-0.82939678,1.42534721,-0.23792820,1.10246599,0.31354448,-0.23703364,-0.64280742,-1.41551745,1.28955913,-0.28638944,0.61127704,-0.88062453,1.73271477,-1.42241061,-0.55003309,-1.00003552,-0.51435119,1.88933587
4,0.712000,right,3,-0.46990180,-0.21437141,-0.41950309,0.23006441,-0.68457454,0.33730161,0.72268289,1.07584798,0.04373814,-0.98963648,-0.54537994,-1.41475832,-0.52513641,-1.13957632,0.13405642,-0.04388158,-0.36640567,0.97712731,-0.33217639,0.78759128,-0.21370478,0.76425803
4,0.716000,right,3,-1.03304803,0.55489594,-1.78197205,2.34907484,-0.51173127,0.98863059,1.98552036,-2.75268579,1.96828747,-2.30981374,0.24707630,-0.59726024,-1.66056049,1.00578535,-0.47704449,1.98376167,0.97393465,1.83580863,-0.56555939,-0.34728751,0.12566361,-1.75735188
4,0.720000,right,3,0.89404511,0.62037593,-0.79854327,0.12887567,0.39725018,1.18337893,-1.52597499,-0.50882447,1.31235301,0.57448220,-0.65244508,-0.69166464,0.63100153,1.75068808,-0.68714720,-1.13193035,-0.12381461,0.15621838,-1.58428228,-0.81969768,-1.19995904,0.22433746
4,0.724000,right,3,0.01503237,0.72312492,-0.41891235,1.78572607,0.18047589,2.58283734,-0.24639113,0.72977227,-0.15732098,-0.50813836,-0.17194895,0.12332457,-1.39783323,1.24627221,-1.25008881,1.09633577,-1.06641996,-0.53918135,0.40438831,0.82710469,-1.45969903,0.04719247
4,0.728000,right,3,1.90007043,-0.60207784,-0.26733983,1.56253886,0.07487234,-0.83176601,0.68575859,-0.35481480,0.25105262,-2.53731394,-0.07429892,0.50588566,-0.81273121,-0.41619197,-1.49099445,0.68681103,1.48717844,1.39871395,1.57201231,-1.24845111,0.12748206,0.48832253
4,0.732000,right,3,0.02726000,-0.36336264,-1.01244617,-1.95540738,-0.39612094,-0.46928638,-0.45184362,0.01717773,0.72370189,1.44804275,0.42223686,1.42405736,0.06926650,1.07504487,0.47810212,-1.31459963,-0.07218993,0.18702787,-0.26057097,-1.71099699,-0.15563795,0.28406695
4,0.736000,right,3,-0.23246206,1.10550416,-1.25373340,-0.57173932,0.03504455,1.27855277,0.21902281,-0.55674213,0.96518576,0.35347542,-0.18849398,-1.17410445,-0.65349042,1.49450421,0.13734643,0.15331642,-1.05537188,-0.09222236,1.58818221,-0.85950136,-0.11389346,0.43773085
4,0.740000,right,3,0.11047822,-0.90783149,0.92387819,-1.46781373,0.36900705,0.27738103,1.64896238,0.07180241,0.45088908,1.24611568,0.15258855,-1.16233552,-1.74557459,-1.31641126,-0.42890918,0.56348670,1.13225389,0.98834080,-0.65347648,1.16017497,0.41046864,-0.65319663
4,0.744000,right,3,0.79341817,-0.90935141,1.58804333,-0.56255406,1.00306416,0.32533121,0.62958914,0.79245842,-0.76066464,-0.41124940,0.38196781,-0.61124420,-1.47671914,0.29298723,-0.05530469,0.01358949,2.37083411,-0.08881822,1.14343977,-0.40201586,1.04370046,-0.03887201
4,0.748000,right,3,-1.32842100,-0.65724784,-0.17676429,-1.57160258,0.27140656,-0.28193906,-0.68683350,-0.68854696,0.16425769,1.76143050,2.24766874,2.30847025,-0.27883688,0.30255738,0.84728527,0.67996770,0.86628574,0.46305528,-0.73543501,-0.27851388,0.43925011,0.26470962
4,0.752000,right,3,1.54303348,-1.25606048,1.05434215,-1.16761148,0.46708772,0.51686031,0.23077647,0.66398227,0.79389626,-1.02043998,-0.50809813,-0.56362796,0.74335736,0.04993033,-0.28274488,-0.43809497,-0.81389540,-0.49298096,-1.24270618,1.23020506,-0.66826183,-0.16013037
4,0.756000,right,3,-1.21898472,0.29899120,1.86596727,-0.72618753,-0.23849030,0.58279151,-1.00382543,0.36005473,-0.57333654,1.41606867,0.13186404,-2.81082845,0.43029624,1.16846061,0.54577112,-0.39685544,0.02988296,-1.31175184,-0.94832432,0.56259769,0.91018760,0.37494794
4,0.760000,right,3,0.56054723,-0.37383607,0.70853865,0.79769957,-1.79173851,-1.49107933,0.44042993,-0.57637066,-1.82999766,0.43432176,-0.86526525,1.09190547,-0.09254432,0.62271887,-0.22660916,-0.47306436,-0.64588559,0.48839575,-0.30912790,-0.55454105,1.31770444,1.59958613
4,0.764000,right,3,0.05011406,-0.24948972,-0.49441656,0.12562147,-0.00038504,1.29399478,-0.12913154,-0.16549082,0.33761010,-0.50198257,-0.23832898,-0.31076014,-0.17042224,2.39702582,0.74363273,0.65048617,-0.63058037,0.25122687,-0.12124848,1.18840516,0.97567225,-0.39847693
4,0.768000,right,3,-2.56999183,1.78689957,0.44141915,-0.76261902,-0.40095395,-0.82976186,-0.48174354,-0.08807509,0.29892600,0.64654261,0.53689158,0.28350455,-0.16078353,0.75879508,0.75749832,0.87770349,0.16386259,1.62238014,-1.49909508,-0.06481658,2.43391490,0.18920070
4,0.772000,right,3,0.04080064,1.91495860,-0.54851669,-0.94899255,-0.07860350,-0.78958791,0.33850259,-0.68694794,0.04800924,0.05930337,-0.56254029,0.96266323,-0.68971860,-0.73821223,-1.84523880,-0.89550561,-0.82430911,-0.24671100,0.16311038,1.30582118,0.69374174,-0.26360074
4,0.776000,right,3,-1.25733757,1.56343877,1.60433161,1.59645200,-1.29236841,-0.63184166,-0.67337132,0.09413192,-1.07346356,0.58012819,0.45341817,0.06895456,-0.42144313,-1.45603955,-0.65131819,-0.10056144,-0.15614547,0.91371846,1.38225102,-0.14407606,2.07461405,-0.98924500
4,0.780000,right,3,0.37725687,0.65034878,0.30092233,-0.20878306,0.41872385,0.63889831,-1.68244576,-0.90201974,1.99890780,-0.93024993,0.80877084,-0.75851905,0.49552271,1.02811563,0.92368138,0.59306157,-0.39503571,-0.15001993,-1.32697558,1.48414302,-0.79284835,-0.08129388
4,0.784000,right,3,0.07422663,-0.23477487,-0.21363074,0.37820598,0.73924607,-0.51309031,0.57446444,0.46643239,-0.86263311,-1.41513288,0.92520094,-0.31797445,0.41963691,-0.58282501,1.07697558,-0.61127299,-2.10320210,0.51687962,-1.51462579,1.39489543,-1.29778457,-0.56527889
4,0.788000,right,3,1.29746771,-0.61356497,0.58303481,-0.45224306,0.99078202,0.24626023,1.05360937,-0.85322344,-1.40896547,1.43780470,-0.56293875,1.90832984,1.35020399,0.06303795,0.48509720,-0.61062109,-1.55633152,-1.05528092,-0.14150810,-1.21352851,-0.85363191,1.01966822
4,0.792000,right,3,0.41234964,-0.55618626,0.77227980,-0.46011132,-1.39027870,0.63101065,1.75793421,1.97993577,-0.16172959,1.51187563,0.95009643,-0.79245871,0.19875811,-1.29080236,0.47502944,0.05908986,1.26589334,-0.49686092,0.47644675,0.70292950,0.29325521,0.83861506
4,0.796000,right,3,0.02396470,-0.97190106,0.96315747,0.13863467,1.03857696,0.98123038,0.61178809,0.73078328,-0.10587863,-0.94409764,-0.42729568,0.75030297,1.30472946,0.05673386,-1.66576469,-0.25489402,-0.30929440,-0.65150756,0.83906150,1.59747291,-0.19487329,0.44376174
4,0.800000,right,3,1.43324828,0.47660220,0.55494010,0.67431867,1.84819853,2.33254623,-0.92139345,-0.87671649,-0.04637703,0.52098984,0.51380348,-1.90618944,-0.01176191,-0.10818504,-0.18041556,1.38974130,-1.96974039,0.98859793,-0.71430093,-1.35107887,0.13455486,0.26264703
4,0.000000,foot,4,-0.39167362,-1.80887079,-0.43399903,0.55759221,0.15456659,0.40619037,0.29870883,2.12776089,-0.05009468,0.36876762,0.38311350,-0.41044056,-0.39691013,-1.24690485,-0.13921128,-1.14161789,-0.23664010,-1.56317198,0.31065467,1.24055970,0.60804445,0.69811618
4,0.004000,foot,4,-1.66659570,0.14837979,1.24723709,-0.60659695,0.21432206,-2.25686002,-0.43065095,0.02293491,0.72359586,-0.23924282,0.50101417,-0.16368915,-0.92551023,0.08717547,1.30057633,0.70640165,0.12685816,0.53241098,0.91384971,-0.51994073,0.32961646,-0.63923943
4,0.008000,foot,4,-0.23930815,-0.72189081,1.54379869,0.89129221,-0.47324166,-1.50773847,1.37485433,-0.48767394,-2.11279178,-1.42227340,-0.17017391,0.40891173,-0.54569769,-0.75060332,-1.00217414,1.20989919,-1.26149917,0.05054632,-2.01098061,0.70658696,-0.94705081,0.42889979
4,0.012000,foot,4,-2.44807529,-0.58472228,-0.51312500,-0.65364820,-0.65170848,-0.00514377,1.23143077,1.73952234,-0.31878555,-0.96973044,1.97854829,0.30238855,0.18015023,0.93177629,0.18184081,0.71506768,-0.22228348,-0.12123997,-0.59608740,0.90746707,-0.80362737,0.84658599
4,0.016000,foot,4,0.06216185,1.12743151,0.01801853,1.04386508,-1.26075673,-0.20718351,-1.77739573,-2.31112766,-0.64500332,-0.96437889,0.17345312,0.44861719,-1.92796779,0.32235420,-1.16660273,0.29227287,0.42744422,0.40266243,0.06856165,-0.52968067,0.85362846,-0.42359298
4,0.020000,foot,4,-0.45222327,1.09464550,-0.00914555,0.26056644,1.35295999,-0.25475445,-0.34333366,0.07640619,-0.61169595,-0.68667072,0.61211365,-0.42006129,1.22808385,1.63954628,0.66104805,-0.37659901,-0.00189965,2.72904778,1.95949411,-0.10327230,1.22516882,-0.36963099
4,0.024000,foot,4,-1.44053602,0.35392186,-0.32092020,0.07646320,0.07518321,-0.64325625,-0.26128399,-1.26340890,-1.01756310,-2.88032985,0.50767148,-1.29299474,0.97764885,1.46662891,-1.15557444,-0.13065577,-1.66443348,-0.13620043,0.84910899,1.23564065,-1.79377151,-0.28928572
4,0.028000,foot,4,0.68907452,-0.41828465,-2.52268624,-0.42985603,0.63879776,0.67844772,0.81260508,-0.97626752,-0.64386427,-0.74706584,0.69136238,0.61842161,-1.64192939,0.20168781,0.13227114,-0.31495887,0.93030399,0.64652175,-0.89942354,-0.15065324,1.44121611,0.09116435
4,0.032000,foot,4,0.38964629,-0.27632779,0.06260899,-0.81516671,-1.70090294,0.45191950,0.11562163,0.89941311,1.08548367,-0.57165611,0.98132896,-0.06006394,0.74938226,-0.94527733,-0.82502484,0.15019251,0.37868440,0.43873915,0.60382158,-0.13688688,-1.10907352,1.36653233
4,0.036000,foot,4,-0.59574944,0.63741702,0.72341710,-0.02801742,-1.63106036,-0.30764648,0.37884218,1.32846558,-0.10864443,-0.49214798,0.96334690,-0.02992295,-1.71602571,0.66777962,0.57181096,-1.20989561,0.06315945,-0.29605380,-0.58239120,-0.50190872,-1.48336053,2.24585700
4,0.040000,foot,4,0.25791752,-0.50857413,-0.36779168,0.64821059,-0.53643197,0.79682499,-0.27253553,0.61867076,0.35398746,-0.22274677,1.53734946,-0.59960693,-0.84596950,2.31118345,0.38048244,-0.72131264,0.44017932,-2.00443172,1.11006081,0.40357867,-0.64694870,-2.07347035
4,0.044000,foot,4,-0.24498215,0.95371789,-0.85017347,0.47721082,-0.58751732,-0.12903653,0.92633784,-0.22093607,-0.47769257,0.51819897,-0.15984677,-1.34706581,0.01743997,0.24921240,0.54440141,1.53900230,-0.14016666,1.52684486,1.71112335,-0.79678184,-0.75866759,0.79154253
4,0.048000,foot,4,-0.34634921,-0.25046545,0.31119365,0.52097076,-0.89979726,0.00041635,-0.07353663,-0.35619852,-1.20993221,2.07721686,0.54163396,0.37049061,-0.16463591,0.25663131,-1.86802900,0.48297679,0.39554003,0.30849564,-0.55329365,-0.06304844,-0.42692542,0.49235821
4,0.052000,foot,4,1.16879880,0.45947692,0.08412650,-1.64591002,-0.14546415,-0.51046300,-0.35695726,-1.15900660,-0.41370106,0.69489157,1.33470929,-1.10883629,-1.07885909,-0.04928708,-0.42801058,-0.90249974,-0.06182562,-0.54581255,-0.69152302,-0.61067986,0.15381244,-0.75439781
4,0.056000,foot,4,0.70231575,-0.15417387,0.19107889,-2.17158079,0.01532562,-1.37207115,-0.17975581,0.93173468,0.31545019,0.40596569,0.53014821,0.31154513,-0.98887944,1.31449151,-0.49289450,-0.40057352,-0.33277526,-1.18428826,1.40070415,0.02397951,-0.05970786,-0.73756081
4,0.060000,foot,4,-0.47732550,1.13500059,-1.27769709,0.27733412,0.14138517,-0.00118949,0.35260171,0.25471869,0.39236888,2.20327115,1.90820801,0.46040550,-0.02069785,1.45653629,1.98299611,-0.10235126,-0.88236064,-2.05035067,1.70484412,0.88545907,0.70957613,-0.17194095
4,0.064000,foot,4,-0.09129945,0.67928767,-0.40803719,0.27783087,-0.29862025,-0.63918054,-0.58201736,-0.65697014,-0.79945242,-0.74535751,0.38854408,-0.47142944,-0.31088307,-0.18588951,0.56912178,-1.39882410,-2.73332620,1.45010388,-0.12942939,-1.53991485,0.16799386,0.58615375
4,0.068000,foot,4,0.33057675,-2.39848351,-1.14863920,-0.32311967,0.78335744,0.77458864,-1.41503608,0.47722495,-0.29410008,1.44388366,-2.28961802,-0.00549370,0.82572955,-0.47661570,-1.38753510,-0.91259229,0.94961172,-0.28459936,0.50271922,0.00344896,-1.54114759,-2.85358047
4,0.072000,foot,4,-0.81138217,-0.80336183,0.70755970,0.77168775,0.51159728,1.02340019,0.83316875,0.34029645,-0.94664735,0.78083903,-0.74985790,-0.05595752,0.09162606,-0.88386416,-0.65025085,-0.45996597,-0.85878247,0.62745672,0.17142385,0.20561178,-0.80605823,-0.44666496
4,0.076000,foot,4,-1.00082088,0.28189754,0.34591380,2.35730076,-1.01153862,-0.62379056,-0.27657396,-0.96109796,-0.61759549,0.13189431,0.81733263,-1.29728758,-0.78111118,1.92425609,0.74100310,-0.28992218,0.05079088,0.38416663,2.36419606,1.16566539,0.79036033,0.86483496
4,0.080000,foot,4,-0.94007212,0.96858907,-0.26170748,-0.67498070,-0.19742531,0.89538044,-0.12932789,-1.07635343,1.03645074,-0.61847162,-0.90853173,1.01869297,1.88078606,1.03588426,0.88443685,-1.49294102,-1.08230901,0.52294981,1.43933177,0.83573508,-0.48789614,0.88972330
4,0.084000,foot,4,1.70948672,-0.10978749,0.47476411,-0.02645206,0.13790332,0.10660376,-0.33632854,-0.20879668,2.10735726,-1.02043879,-1.09888959,0.08074357,1.94902062,-1.67419553,0.55462700,-1.20326948,0.70764822,-0.84051478,-2.12235641,-1.79830408,1.66204929,-0.34168202
4,0.088000,foot,4,-1.72966635,2.15605807,-0.03456791,1.06214440,0.61719096,-0.29014769,1.77306533,-0.80798864,-0.55979931,0.86843008,-0.17286766,0.17595258,-0.98169672,1.69823778,0.01854444,0.06082182,-1.22970951,0.61452460,0.40273100,-0.75315368,-2.49883175,1.02275157
4,0.092000,foot,4,-0.19049937,0.15534629,0.27881286,-1.38211668,0.04143570,-1.01597643,1.17574954,-0.32328412,2.19733262,0.42078128,-0.16729544,1.10795510,-0.03631063,1.19940531,-0.73084021,-2.23649716,1.17095363,0.01327530,-1.05427253,0.46659005,0.14962594,0.99758637
4,0.096000,foot,4,-0.42768198,0.94286579,0.39613011,-1.56132603,1.39158726,-0.77734196,-1.01884806,-1.00096965,-0.65537322,0.56681365,0.84416676,1.01124239,0.35152495,1.57444346,-1.02715766,-1.44418871,-0.55388272,0.05868073,0.04560877,1.06772912,-1.52199292,-0.44936767
4,0.100000,foot,4,-1.52343464,1.85765553,-0.90497255,-0.36105651,0.97951585,-0.45133841,1.24953806,-1.31738329,1.80651307,1.25943732,0.36539927,1.48576498,-2.64624310,1.39680922,2.09898639,-1.46485603,0.72843647,-0.78806120,-1.24556470,0.23056063,-0.05374344,-0.38807911
4,0.104000,foot,4,0.72689879,0.27086800,-0.90853333,-0.66717935,1.04139876,-0.97508341,0.27454376,2.38710594,0.29763669,1.73334014,-0.42142227,0.00167070,-0.87868685,-1.06916058,-0.31859317,-0.21294484,-1.05019200,1.93561244,-0.67287099,-0.98471570,0.94302821,1.57918811
4,0.108000,foot,4,1.50870025,1.01523554,0.41232818,0.98586279,1.53165162,-0.24390148,-0.41656360,-0.83506006,-1.13001585,0.66010010,1.69605398,0.28629172,2.08814955,-0.42532763,-0.60448539,-0.23075347,1.13244915,-1.62871122,-0.17524883,-0.65485233,1.15334570,-0.30449107
4,0.112000,foot,4,-0.52836239,0.06373267,-1.11031032,-1.27657926,-0.62327504,-1.28869760,0.72625858,0.02136126,-1.45706785,-0.33075601,0.21794380,0.81249857,-0.49335352,0.13653855,0.89740127,-2.04114747,-0.90540743,1.96804798,0.60695016,-0.77171755,0.23040754,-1.59078360
4,0.116000,foot,4,-1.41740024,-0.30276859,1.67441905,-1.18840683,-2.26120782,-0.25537401,-0.91733724,0.19654655,-0.03983869,-0.68673837,1.62159741,0.59764737,2.73632693,0.47636929,-0.85799819,0.13594392,-1.42613959,0.67445856,-0.68469793,1.81023753,-0.32311851,2.02476072
4,0.120000,foot,4,0.44245046,0.10110992,-0.98852324,-0.97030175,-1.35219026,1.05772781,-1.01736128,-0.43729007,1.38448596,0.56956172,0.55190164,0.06243351,-0.98142421,1.11879897,1.24384844,-1.26912642,0.03260460,-0.13916421,-0.36318892,-0.35405922,-1.21654987,2.44834805
4,0.124000,foot,4,-0.04053846,0.84038079,0.28098515,-1.08250737,-0.74949867,0.61807513,1.42234373,0.67548764,0.95762902,0.37343353,0.28212422,1.26990271,-0.66662443,1.78068268,-0.17009479,1.67577386,2.25964856,2.53446603,-0.14935607,0.86620396,-0.16889708,0.89037704
4,0.128000,foot,4,2.02376676,0.03525972,1.73138928,1.67940748,1.15839934,0.54504776,0.92214614,-0.15364783,-0.63475686,1.37056065,0.80871731,1.13821721,2.13528943,0.60659516,-2.00662780,-0.63248044,-0.48901740,-0.48501286,0.07053190,1.19364059,-1.17592919,-0.67110711
4,0.132000,foot,4,-0.73699921,-0.44007671,0.57605714,-0.25349253,-0.42064551,2.55170178,0.49265194,-0.97425169,0.39905646,-1.36429369,0.00610778,-0.36976421,-0.07794968,1.58542371,0.91827965,-1.33585691,-0.95571178,-0.94101757,-0.07810701,-0.95378160,0.83270854,0.99700344
4,0.136000,foot,4,-0.40772259,-0.26607162,-0.83123791,-0.28255743,-0.68474096,-0.64722961,0.11348101,-0.82452238,-1.79113781,0.54336649,-0.59810579,-2.70377350,-0.07401665,1.09984410,0.69553417,0.98905736,-0.86820698,0.12126147,2.13088202,2.06785965,0.15852056,0.19453990
4,0.140000,foot,4,0.32633340,-0.75590205,-1.27973878,1.02946532,-0.78479123,0.33883920,-1.03939533,0.20896304,-1.35094070,0.11836272,0.14628065,-0.10037210,0.22510733,-0.72764093,-1.04286051,-0.61566943,0.70015568,0.68307513,0.77678621,1.27268183,-0.14703584,-1.54728127
4,0.144000,foot,4,1.33241189,-1.77917647,-0.63690794,0.48684287,-1.35914624,1.80143797,0.91296333,-0.40271097,0.12519333,0.37565827,0.53351587,1.43850756,0.05079518,0.03650098,-1.26939428,-0.94212353,0.04005844,-0.59656769,0.12351087,0.63689941,-1.00140274,-1.35149717
4,0.148000,foot,4,0.82846171,-0.49048561,0.53463578,0.97141171,-0.15442125,1.49205661,0.30401438,-0.28325906,0.73806608,0.27567434,-0.13327113,-1.62612796,2.44667268,-1.06692386,-0.72128296,-1.62313294,1.07913339,-1.08635974,-0.08277546,-1.41687095,0.85509902,-1.56349719
4,0.152000,foot,4,-0.74237180,0.25947773,-1.33881438,0.12878518,0.54657650,-1.61380589,-0.00521714,1.15211439,0.64664531,1.21873605,0.45922452,-1.95488405,-0.45164558,-0.39476609,-0.43752986,0.31058881,0.20160706,-0.73568851,-0.49473992,0.32075548,0.46144536,0.15652771
4,0.156000,foot,4,1.48544431,1.06689620,-0.13652647,0.12006179,-0.28814578,0.28056836,-0.34909821,-0.99041581,-0.12156203,-0.89735353,0.14041066,0.63489193,-0.45190224,-0.00261700,-0.62571347,-0.22368582,-0.01158766,-0.77734941,0.04297227,-0.21132904,1.14247620,1.03045857
4,0.160000,foot,4,-1.17557418,0.52951729,0.41838032,0.09439134,0.26885569,0.88858289,0.36107820,-0.23889852,0.62870359,-0.14559764,-0.17449600,-1.15454483,-0.26504815,-0.97981793,1.42112780,0.61129546,-0.51056206,0.46346423,-0.96440464,-0.79386669,1.31300354,1.02440417
4,0.164000,foot,4,0.83826202,1.70269167,0.09895177,-0.25976783,-0.98241729,-0.97522539,0.68784988,0.05454778,1.00754523,0.73914135,-0.42168739,0.31216556,0.97424752,-0.79442769,0.07870239,0.36897886,0.19770038,1.74457037,-0.30425373,-1.75087607,-1.36443758,-0.93168586
4,0.168000,foot,4,-1.84325659,-1.18720794,-1.26609421,0.71302319,1.17155099,1.54317379,0.79470754,0.32358521,-0.75631934,-1.67491221,1.41630816,-0.08994942,0.12939730,-0.20182055,-1.33815610,-0.10502191,-1.29059100,1.26631403,-1.84674132,0.60933977,0.79127264,0.54070008
4,0.172000,foot,4,-1.30699527,-0.96490943,0.44525793,-1.16440165,-1.04166758,-0.85540283,-0.99275988,-1.33735216,-1.50475454,-0.11078775,1.29574335,-0.23229221,1.01216257,0.03615500,-0.77841395,-0.06677245,0.47873038,-0.41837555,0.03124039,-1.24908733,-0.02056539,-0.54933786
4,0.176000,foot,4,0.23179393,-0.10990655,0.21006361,0.25906748,2.10278392,0.60454565,-0.54772258,0.49373424,-0.33613801,-0.11513408,-1.63982987,-0.24947546,0.01527304,-1.46657670,1.01644051,-1.96929240,2.89960980,-0.17616218,-1.93207479,0.34134468,0.77686357,-0.57076621
4,0.180000,foot,4,1.22630835,-0.10500510,-0.98816824,1.22122550,0.50661910,1.99403286,0.64715123,-1.08073509,1.37540102,1.33885992,-1.58940339,-1.49655795,0.41040182,0.93705225,0.61502123,-0.63037956,-1.10088956,-0.53270656,-0.57213414,-1.35905993,-1.31479359,1.95331752
4,0.184000,foot,4,-0.37411696,1.43922710,1.13002253,0.16556086,-2.56658554,0.30097485,1.89231706,2.21850133,0.52290165,-1.29554331,-0.66303432,0.01963382,-0.38297626,-0.14823008,0.88462716,0.96199024,0.97701836,-0.50847065,0.19337076,0.12485570,-0.77349848,-1.89563835
4,0.188000,foot,4,0.23884918,-0.82111120,1.74808788,0.48502335,-0.90903896,-1.09485388,1.03455150,-1.03204095,0.14190625,-0.19909370,-0.36754820,1.65238047,-0.76979500,0.38833147,-0.54313755,-0.46803284,0.59672433,-1.69309342,-0.62099445,0.68939799,0.65699649,0.13489184
4,0.192000,foot,4,-1.23244560,0.47133553,-0.17495260,-0.40590772,-0.27268302,0.67508733,-2.07515097,0.80275542,-0.03111115,0.94878721,0.73102087,-0.39027056,-0.06446481,-2.42100239,0.10923732,-1.03744531,-0.12706427,0.15526390,-0.45168513,0.61732066,0.43283984,-0.74021655
4,0.196000,foot,4,0.41974247,1.04340196,-1.05429685,0.36540836,-0.13383907,-0.62064403,-1.10967720,0.65423012,-0.51008368,-1.17126656,-0.17064218,0.87908888,0.37090573,-1.02098811,-0.82756025,-1.31444085,0.38931185,0.26575500,-0.10841794,-0.42783356,-0.37454790,-0.61749452
4,0.200000,foot,4,0.35962674,0.06019728,0.24789163,1.35346222,-0.46702141,1.12292171,1.38996303,1.01330602,-0.32487863,-1.22024298,-0.20917760,-0.85820735,0.00239540,1.72484469,-1.11847162,0.95793927,-0.02471206,0.05995450,-0.54470640,0.70339411,0.11741589,-0.41026413
4,0.204000,foot,4,3.04526210,-0.55546653,1.59442580,0.03100386,1.05007815,-0.44277763,-1.26965153,1.30821574,-0.33514500,0.93457729,-0.52380824,0.92350471,-1.20417988,-1.11547875,-0.30391732,-0.17170803,0.33336228,0.49316612,-1.93834162,-1.19118643,1.56723785,-1.14496148
4,0.208000,foot,4,-0.00464727,-0.77655232,2.03835702,-0.67211431,1.05338049,-0.30867377,0.59588909,0.28640911,-1.03265262,-0.56198668,0.30949157,-0.34940922,0.41592595,0.16262177,0.87371051,0.84372997,-0.54209745,0.65955436,-1.50191557,1.71325982,2.72467566,-0.20507829
4,0.212000,foot,4,0.77354860,0.31088769,-0.66717178,0.64078540,-0.33450565,-0.37285352,-0.60590637,0.09262168,-0.05371140,0.22384074,1.80390072,-0.53687698,-1.66685259,-0.95284802,0.73632228,-1.43871927,0.72564822,-0.81213725,0.23158510,0.41054550,-0.79131448,-0.19384915
4,0.216000,foot,4,0.30614212,1.13644409,-2.27998877,0.30540600,-0.49435845,0.12767860,-1.11356795,0.27099088,0.24504642,1.51429963,0.02739103,-0.09837694,1.77640700,-0.36300498,-0.28812537,0.11524579,0.74665719,-2.19867277,-0.38185108,-0.05243282,-0.62892443,0.54577255
4,0.220000,foot,4,-1.45398772,1.53743470,1.04263842,-2.03286505,-0.23280838,-2.22482729,-1.28268099,-1.36672604,-0.11007195,1.32520163,1.89423120,2.29164696,0.12113634,1.55017602,-0.90326571,-0.61848104,-0.66477323,-0.40811184,-0.01162514,0.33540407,-0.16577239,-0.45425421
4,0.224000,foot,4,0.71683240,0.33626953,0.70794606,-2.41689897,0.01586782,1.10767639,-1.60933781,-1.20938468,-0.29483140,0.88137293,-0.52015126,-0.58361185,-0.30219814,-0.68732303,0.38228396,-1.50568581,1.23000062,1.87766552,-1.30316138,1.35416341,0.15215127,-0.89950526
4,0.228000,foot,4,-1.02317405,-0.06398959,-0.50961322,0.41043821,0.65747035,-1.91932452,0.50469631,0.60843009,0.22228622,-0.18104184,2.27283835,-1.30001175,1.12596047,-0.40731508,1.01107597,0.30220369,1.34111166,0.02054108,-2.15361381,0.14536540,0.13289288,-1.25210118
4,0.232000,foot,4,-0.61072719,-0.84073704,-0.81405234,-0.40283453,0.59865248,0.69060427,0.85510600,-0.23701659,0.74406701,1.54866064,1.96057284,-0.28664935,0.71354795,-0.32577312,1.70956242,-0.93898344,2.05351615,0.12248521,0.39146909,-2.20538259,-2.01566052,0.28408685
4,0.236000,foot,4,0.38132104,-2.25975537,0.94770348,-0.28746164,-0.48249969,0.77070063,-0.34553885,-0.21008854,2.61824369,0.68271577,-1.04865265,-0.81983036,-1.11395478,-0.09302262,-0.65521729,0.31920895,-0.12903261,-1.21559799,2.09700012,0.68038028,-0.02629808,1.05010235
4,0.240000,foot,4,1.21120071,0.34834930,-2.74286008,-0.33985695,1.43284941,-0.89446455,-1.18462682,0.58018154,2.06755781,-0.11061347,-0.55174243,0.78143030,0.63623703,-1.68714297,0.24419764,1.07166350,-0.95821178,1.84034276,-1.14682949,1.45006120,1.14662457,-1.74766564
4,0.244000,foot,4,0.42599043,0.35058120,0.12225597,2.94596720,0.41698968,0.79064119,-0.56880617,-0.76414317,-1.02660704,-0.40074885,0.42691380,-1.99450326,-0.37583292,0.22279789,-0.51151282,0.57376379,-0.28628531,-0.39594522,0.43338937,0.72349364,-0.32939082,0.78458226
4,0.248000,foot,4,0.53374869,-2.16165662,0.90394980,0.19321550,0.05493149,-1.41408777,0.94226235,1.01890457,0.90861821,1.09776998,0.78978050,1.48290229,0.52883232,0.25801337,-0.96723884,0.71408778,2.42418933,-1.02636254,0.21628544,-1.71646047,-1.56288791,1.56699276
4,0.252000,foot,4,-1.19886875,-0.84874004,0.70051068,1.16362488,-1.22097039,-1.67141867,0.68510479,-1.41112244,1.11448026,-1.50267255,1.01326263,-2.21888113,0.26761597,1.15569878,-0.51219952,0.04058702,-0.52019751,0.13065833,1.37686801,-0.32685834,0.00833561,-0.35873955
4,0.256000,foot,4,-0.06251675,-0.46521479,-1.50837815,-1.07476854,0.53110981,-0.39515954,-1.15852165,1.36966228,0.41543365,-0.67332113,1.36293972,0.74016535,0.06480060,1.10969818,1.44310772,-0.70351976,-2.22406673,0.87044644,-1.37860012,-0.90718889,0.00245268,0.50560743
4,0.260000,foot,4,2.36980033,0.14053538,0.17628378,0.15630709,-0.26594907,0.88415563,-2.10146117,-1.18334246,1.64884961,-0.14631279,-0.34279522,0.03258060,0.81835616,-0.61418527,-0.66386694,-1.03291631,0.17473148,0.36272591,-0.47718126,-1.87005532,0.38191882,-0.03133615
4,0.264000,foot,4,-0.30831423,0.26056114,-1.69742811,0.60589576,0.80827951,0.45964527,1.33658838,0.16883568,-0.82112569,1.01336217,1.46091270,1.44567621,-0.49448469,0.50219899,-0.71235001,0.29996765,-0.81927681,-0.32675445,-0.70003164,0.18939623,-1.11385381,-1.69718647
4,0.268000,foot,4,-0.06789023,0.31335485,-2.56145263,0.92156470,0.49908000,0.21646698,1.67248940,-0.63187122,-0.24202505,0.38020137,-0.28480524,1.06100047,-1.57076693,0.25206262,-0.21512972,-1.09912765,0.12479547,-0.46250066,-0.47743171,0.43063152,-0.32002473,-0.34250423
4,0.272000,foot,4,-0.97259277,-0.73267633,-1.18314004,0.16775134,-0.93408573,-1.12521315,-0.44250429,-0.18509427,-0.92525500,1.05151474,-1.63382947,-0.32830605,0.11688498,0.52006978,-0.42282045,0.33715281,-0.28790283,0.05902296,2.29213309,0.76345366,1.15063310,-1.58134782
4,0.276000,foot,4,0.12657194,-0.42240942,0.63564515,0.42421892,-0.20315906,1.11956358,1.60634184,-0.19797789,-0.30247569,1.70148706,-1.01099610,-0.35084435,-0.04487041,-0.23354763,0.16245140,-1.09294665,-0.51097631,0.28876269,0.78595012,0.21466486,-1.04291224,0.41280663
4,0.280000,foot,4,-0.80677909,0.89511013,0.24438514,-1.98204565,-0.89404494,-0.78696918,-0.72293031,-0.37508503,-0.38476908,0.93175280,-0.45123282,-0.37175724,-2.16495395,0.05915710,0.15546517,1.16075683,-0.68243563,-1.21598768,0.40356120,-0.54035091,1.08875024,1.37008560
4,0.284000,foot,4,1.07572138,0.92445296,0.48218411,-1.96269071,-0.24155548,1.84678233,-1.18118680,1.33224702,-0.54700142,-0.32955351,0.71408862,0.10622416,-0.50625056,-1.34571922,-1.22506928,-0.16297601,1.84184957,-1.30455840,-0.16859567,0.24632329,-1.56463647,-0.96817428
4,0.288000,foot,4,-0.24503168,0.79181999,1.23142731,-0.63715661,-1.19029975,-2.40022659,1.01817036,0.33637106,-0.03350370,-0.29270807,0.33926407,-0.35959333,-0.44124153,-1.34978914,2.62450814,0.77382278,-1.60827279,-0.12927398,-0.44097286,-0.45336348,-0.63585371,0.64365453
4,0.292000,foot,4,0.28342968,0.06747060,1.08149242,0.64992374,-0.49738023,-0.95450336,-1.42596281,0.81883842,-0.03441097,1.36236346,-0.12460550,0.86249948,0.01674487,-0.41418856,-0.24540161,0.34736893,-0.17751899,-0.47822812,-0.39892551,-1.31775701,1.80815303,-0.20566088
4,0.296000,foot,4,-1.52290726,0.24439511,0.36776778,0.41080314,0.26423758,-1.93214953,0.17057349,-1.38057196,-0.07347491,-0.82784206,1.11776590,1.46756124,1.64284706,0.31752858,1.35104275,-0.03093298,0.35040048,-0.07058384,-0.56876683,1.69217050,0.18316656,-0.65240049
4,0.300000,foot,4,-0.26549888,0.44903979,1.43358982,0.90373242,-0.56322718,0.69013971,-0.55413365,-0.38905555,-0.05338886,-1.95037341,-0.04215183,0.57476956,0.23599716,-0.14847918,1.19886088,0.39944440,-0.12455591,0.88470286,-0.75578606,-0.65774447,-0.26996312,0.53657705
4,0.304000,foot,4,-0.55373502,-0.09505748,0.14103168,-1.00135767,-0.20342864,-0.61686063,0.68688363,0.20609298,-0.63446862,0.47480294,0.10847472,0.24287492,-0.37294859,-1.37025332,0.04668973,-0.12209150,0.19508350,-2.03461647,-0.17642200,0.44122452,0.74448836,1.22338247
4,0.308000,foot,4,0.20702694,-0.62216914,-0.06921369,-0.20433301,-1.23932076,1.56395590,-0.36015242,-0.77035302,0.50169891,-0.99807525,1.40120053,-0.36678323,2.61526632,0.60899508,1.28516853,0.60695267,0.36797804,-0.61813891,1.22763264,-0.02765987,-0.33807749,-0.74813443
4,0.312000,foot,4,-0.37165749,1.09537017,-1.75038707,2.30431104,-0.72240067,-0.35261193,-0.11765780,-2.01465535,-0.54137856,-1.12086272,-1.37528896,0.14083649,-0.23268619,-1.35427821,0.35720283,2.06165719,1.31283224,1.65468085,0.48847014,-0.17897889,0.70717049,-0.71385580
4,0.316000,foot,4,0.51222229,0.11525919,-1.03834939,-2.43915796,-0.17702699,-0.74355596,-0.62811047,0.59995568,0.79518735,-0.39979637,0.68595958,0.70423526,0.81020808,1.35502756,-1.52481580,-1.78768837,0.49031717,-0.77962035,0.00261069,0.13562490,-0.38311243,-1.01827192
4,0.320000,foot,4,-0.08455914,0.79321784,0.00482472,-1.21042216,-0.06258725,-2.19371891,0.71862727,-1.00316858,-1.87307405,-0.68641776,0.24107611,-1.56656539,-0.89419180,0.80483800,0.43000731,0.27710307,-0.39937565,1.16228187,-0.23039639,-0.64668351,-0.56991577,-0.50672573
4,0.324000,foot,4,0.71861929,-0.29068360,1.24765265,1.02771950,-0.86632907,-0.53198320,-0.90044427,-0.09481339,1.39407599,0.61943316,-1.07607007,-0.02885757,-0.80588591,-0.80828756,-0.10855325,-0.13552359,1.18937910,0.74388444,1.07674313,1.26009798,1.34118092,-0.00366098
4,0.328000,foot,4,1.60848749,-0.04555856,1.28571796,0.16584860,0.17348821,-0.24006478,0.30972949,1.18210399,0.41000974,0.38013676,1.10533273,-0.81651264,-1.69797957,1.60935247,0.57126522,-1.79976726,-2.93156242,-2.42365241,-0.18464231,-0.28580248,-0.50315648,-1.50627160
4,0.332000,foot,4,1.92828584,3.00466180,-1.54466736,0.19066787,-1.40345919,-1.38522840,0.74583828,0.09512986,-0.94503349,0.18270895,-0.50520158,1.19597208,0.39208087,1.32071424,2.17129421,0.90817869,-0.18847527,-0.70401037,-0.48055145,-0.98549449,-0.48729387,-0.32402164
4,0.336000,foot,4,0.04779506,1.19636416,1.01843858,1.14546835,-0.24714546,0.51242578,0.13331360,-0.79221654,-0.07747711,-1.54055345,-0.89032727,-0.31755972,-0.40534922,-0.62138188,-0.84894592,0.03288569,0.00973208,0.18591300,-2.32873583,-0.42748335,-0.85216057,0.50460649
4,0.340000,foot,4,0.19534388,-0.06055779,-2.58600903,-1.43521619,0.92361242,-2.84147310,1.06801450,0.80690598,-3.31583619,0.00448925,2.36882639,0.35282555,-2.37526655,0.11143595,0.47390574,-1.90054488,0.70403248,-1.34669542,-0.91567308,1.01217520,0.25657111,0.21797331
4,0.344000,foot,4,2.01188636,1.15623319,0.81487381,-1.22568333,0.62769562,-0.11034972,1.35251737,-1.89595509,1.37283587,0.12997869,1.18636835,0.08876807,-0.22873014,-1.03527427,-0.96888936,-1.04602158,1.47935641,-0.24349253,-1.04106855,-2.18847322,0.30751458,0.88250917
4,0.348000,foot,4,0.54165584,-1.05605292,-2.14206934,-0.72651076,-1.94016147,0.06498938,-0.68892270,-0.10161022,0.48626059,-0.07197620,-0.33478978,-1.51992881,-0.01478047,-2.10683608,0.23971325,-0.92051530,-0.08511606,-1.68450820,-1.53848147,0.50572699,0.22242701,0.13902172
4,0.352000,foot,4,-0.20820679,-0.23004878,-1.21763098,-0.14473079,0.47678813,1.13560331,1.12736082,0.46640354,-0.25189012,-0.18078063,-0.65760791,-0.15144825,-1.91588628,0.09421134,0.00096632,-1.98529959,1.49021721,-0.24393870,-1.13211310,0.26094010,0.54707450,0.45313257
4,0.356000,foot,4,-0.99171865,-0.98210257,-0.34641942,0.04969669,-0.71950996,0.38817278,1.08679664,-0.23186547,-0.43719733,-2.53766727,-1.05191243,2.31834626,0.18312240,0.43141940,-0.84947944,1.20269787,0.03898503,-0.24951303,0.74406976,-0.12647362,-0.25364971,0.85346150
4,0.360000,foot,4,0.08319709,0.65980178,-0.74885660,0.89805967,0.49750373,1.79497516,0.25077370,1.60966706,0.01438520,0.29844856,0.10597318,2.33647585,-0.73337495,0.55367494,-0.42034724,0.25028539,-0.19060448,0.31110275,0.76790786,0.40110528,-0.06756371,-0.99143100
4,0.364000,foot,4,0.47798866,0.44078833,-0.22423425,-0.26822385,0.27792510,-0.43227407,-0.58948547,1.24590707,-1.50964713,1.54273260,0.33491725,1.03214204,-0.29514739,0.10579894,-0.29651833,0.88126576,1.52759874,0.94246143,-0.67407590,1.11452687,-0.11065762,0.58482373
4,0.368000,foot,4,-1.14305198,0.41512033,1.60843003,0.32694489,0.81308007,-1.06063402,0.76240838,0.96479636,-1.55242991,-0.56558800,0.52245349,0.09868459,0.37995329,0.67989784,1.49599338,1.35278618,0.31181625,-0.80218184,-0.33675432,0.82422709,-0.15689605,0.10018108
4,0.372000,foot,4,-0.42381057,0.37690267,2.35551977,-1.40994668,-0.18329179,0.82116932,-0.92224860,0.89751405,2.02295971,-0.31127533,1.04642105,0.50034988,0.11824823,-0.86044061,-1.91977262,0.03333825,-0.87172139,0.33164409,0.64584059,0.56699395,-0.13348748,-0.13790004
4,0.376000,foot,4,0.33377236,-1.12014735,0.62661535,0.42267221,-0.36225668,-0.75330651,-1.05393374,-0.43754068,1.18972886,-0.94711059,-1.10639191,-0.72594386,-1.25375986,-1.70241988,-0.92557490,1.25366569,-1.40434062,-0.13889900,0.97673643,-0.55686617,0.92925137,0.04156373
4,0.380000,foot,4,-0.74519938,0.75863248,0.85449117,0.77513576,-1.25521302,1.01447988,-0.67011935,0.88550091,-0.30178270,-0.07791100,-2.20455170,0.23813781,0.16063032,0.87968516,-0.33521396,-1.27732527,-1.85813737,0.26018301,-0.12297957,-0.65050876,-0.23552069,-1.69196093
4,0.384000,foot,4,0.50847733,1.77456808,-0.68860066,2.09190369,0.44436765,0.17343928,-0.90993118,0.43839568,1.48395729,0.22011743,-0.07321478,-1.92533028,0.38036945,-0.25702694,-1.08702099,-0.21203627,0.23458481,-2.31276608,0.60769361,-0.53626198,0.64330757,0.59080476
4,0.388000,foot,4,-0.67617959,-0.27234009,0.29021734,2.14005756,-1.19296992,0.37786782,2.20178914,0.78356260,0.15505816,-0.36157665,-1.31103432,-0.84123945,0.79340577,1.42354321,1.31354070,-0.09916551,-0.83765966,-0.35351995,-0.35726222,-1.86531842,-0.91262615,-0.63311297
4,0.392000,foot,4,-2.01208472,-0.32476634,0.91217107,-2.58094692,1.25289309,-0.78293711,-1.60416150,0.35733223,-0.98670447,1.20096159,0.40400201,0.42127073,-0.97094256,-1.15292931,0.16723046,0.22263877,1.22351730,-0.77653527,0.53689146,1.07039154,1.89613676,-2.67467928
4,0.396000,foot,4,-2.59059072,-1.89172554,0.88707697,0.10453341,1.23863590,-0.50583589,0.73167717,-1.13791430,-0.04887598,-0.08674229,0.82602942,-0.98832035,0.91471177,-1.99029541,0.45811301,-0.28366083,-0.64265698,1.36318648,-2.02240300,0.71718276,-1.51356649,-0.83944076
4,0.400000,foot,4,1.27618980,0.86671138,0.64666140,0.06749435,0.66257352,2.78482628,0.23901351,-0.50257993,-2.58598542,-1.10079837,1.47753894,-0.40839374,-0.63521439,2.61721230,0.06293924,0.48688024,-0.38722247,-0.42469114,0.61578017,1.10706425,-0.39739460,0.02487906
4,0.404000,foot,4,0.38647640,0.36113504,1.30150902,-0.41268206,1.98213029,2.20378661,0.86972731,0.88474488,-0.85365546,0.20465285,0.14329648,-0.59432936,-1.08572114,0.32521394,-0.52266318,-0.79674792,0.08652733,-0.53445733,-0.46403244,-0.25600442,-0.36231315,1.01030076
4,0.408000,foot,4,-0.47446740,0.70062864,-0.38976789,1.30289781,-0.28183615,1.38024426,0.16176985,-1.08707762,-1.35370016,1.08117747,0.27603176,0.89559168,1.62719715,1.28184032,-1.23662090,-1.85200667,-1.58548260,-0.63381273,0.30225512,0.38802606,1.26164937,0.91719079
4,0.412000,foot,4,1.13424408,-0.85995656,1.48816371,-1.89510882,-1.52860236,-1.26104546,-0.21947302,1.43941486,0.43826890,0.09960348,-1.20683062,1.94018388,0.39319038,0.29587284,-0.09628291,0.60717201,-0.10743148,1.28127277,0.78580618,-0.82768935,1.34617186,1.08202600
4,0.416000,foot,4,-0.17745210,-0.15655307,-0.26773536,-0.64390200,1.00075829,0.09193856,0.12723523,0.58626741,-1.27937698,0.22900784,-0.78409392,1.70300424,0.91919446,-0.73140687,-0.36660361,-0.04699591,0.29874268,0.09532192,0.69910508,0.65490943,1.26274574,-2.37130880
4,0.420000,foot,4,0.42248407,0.52648443,1.53201973,-0.52032208,-1.00705302,0.63453871,-0.86774325,0.21027638,1.92206740,1.05364382,-1.93010831,-0.01518779,0.02955436,-0.17306456,-0.18666208,-1.74542820,1.01554191,-0.72996074,1.11073995,-0.92971539,-0.25735807,1.52338052
4,0.424000,foot,4,0.83973736,0.28056878,-0.11181073,-0.59504813,-0.08684277,0.81698310,0.87321472,-0.08653213,0.62871861,0.57379842,-1.40783715,0.08737469,1.29193962,0.00624959,0.24612257,0.48841926,-0.09948584,0.43477464,-0.97540385,-0.80716091,1.01751935,-0.25267795
4,0.428000,foot,4,0.08878547,-1.84665823,-0.19721635,-1.46122658,0.22833362,-1.78052223,-1.05584979,-0.12883025,0.86235893,-1.37368298,0.11321777,0.78249723,0.60876542,-0.38724819,-0.82281536,-1.21753788,0.01508468,0.11897209,-1.33291590,1.32601047,2.13513803,2.02230453
4,0.432000,foot,4,0.12750693,0.47079548,-1.29238164,0.22250119,-1.35296559,1.14362550,-0.67884040,-0.17311214,-0.39570522,0.55701411,1.16429281,0.31019756,0.55960095,-0.08169239,-0.05023325,0.80412537,-0.08776442,-1.30754602,-0.51898193,-0.76233488,2.39039779,0.00319743
4,0.436000,foot,4,-1.71942616,1.19682956,0.40825841,-1.07762933,-0.11712626,-0.44650140,-0.11401110,1.33649957,-0.86041284,-0.56921899,-0.25396952,0.13800812,1.35925961,-1.92435646,-0.16775155,-2.35657477,1.81321251,-0.59633541,-0.49440655,-0.79552293,-1.33907354,0.12457496
4,0.440000,foot,4,-0.03054382,2.74390745,-1.22328377,-1.43961525,1.53799963,1.55272985,0.42325351,0.99593502,1.78330827,-0.04080976,-1.38040030,-0.80978495,1.51462328,-0.57599866,1.26976800,-1.29005051,2.23001742,1.19632936,-0.48760089,-1.02170157,-1.65764415,-0.19084753
4,0.444000,foot,4,0.11240906,2.07574320,0.51513779,-0.63775826,-0.54079843,1.16056859,-0.98015672,2.02917695,-0.52632272,0.24991845,1.16751194,1.81347358,-0.02233896,0.79956901,0.58973622,-0.59270060,-0.76324892,-1.17875695,0.02158389,-2.99148440,2.12583160,-0.45940036
4,0.448000,foot,4,-0.38374987,0.97373527,-1.61794174,0.94549340,0.41027641,0.08006068,-0.54656672,0.62575442,0.91782725,0.86623234,-0.11682582,0.05855953,0.12619750,0.97068775,-0.24728522,-0.96687782,-0.13351746,-1.84352648,-0.01970275,0.25510192,1.26679575,-0.69527131
4,0.452000,foot,4,-1.21948624,1.04540598,0.00911294,-1.85680091,-0.23342502,-2.47453403,0.52276111,2.29703045,-1.06836498,-1.69375551,0.97828674,-0.05318068,-0.96372080,-0.22008693,0.64769554,-1.04864490,-1.04518354,-0.19907787,0.40394509,-0.53132725,0.77690685,0.20158051
4,0.456000,foot,4,-0.50703877,-1.61085033,0.79747301,1.14994490,-0.21866965,2.47424269,0.50344926,0.19990507,-1.50329924,0.79373109,0.07108095,0.89399028,-0.15748082,1.03393209,0.27026668,2.49801826,-0.37159431,1.85557306,-0.22960560,-0.10626245,0.07280706,-0.12258767
4,0.460000,foot,4,-1.07116163,-0.20243931,-1.22482955,1.34978473,-0.59269285,0.39018309,0.27874520,0.69881839,1.18981123,0.52293158,1.08499753,-0.19391763,-1.90262532,1.30323792,-0.13837337,2.12881613,1.08105004,1.02617228,-1.08731616,1.31556404,-0.52946144,0.14625533
4,0.464000,foot,4,0.53463370,-0.83200502,-0.85737449,-0.34469938,1.31829023,2.14730787,0.19124553,-0.42521659,-0.60512942,-2.43954325,1.46144402,-0.96028119,-0.54438174,0.63254267,-0.17369708,0.12604694,0.07253706,0.39474967,-1.21985471,-0.53711009,0.47015494,0.15465529
4,0.468000,foot,4,0.58812821,0.90070295,0.78726846,0.60324538,-1.22004139,0.39002922,0.92722505,0.13861486,-1.83778071,-0.19886184,0.18463251,-0.13518654,-0.08052786,1.76578152,0.13282694,-2.31813502,0.15751806,-0.20555627,-0.53590882,0.71540135,-1.89501750,-0.14919491
4,0.472000,foot,4,-0.29530987,-0.29673374,-1.44578004,-0.27030179,-0.57146412,-0.98592693,-0.89372116,1.21188617,-2.76512599,1.66170323,0.80396563,-0.69406688,0.41441843,-0.70206887,-1.23153317,1.13845932,0.99125350,-0.69563776,-0.36166212,-0.31617042,-0.23377100,-0.05930315
4,0.476000,foot,4,0.59302390,0.84658021,-0.99425381,1.11559534,-0.05443148,-1.16474342,0.75932682,1.71763575,-0.34083790,-0.52386492,-1.53903556,0.14207929,-0.00885303,1.46508718,-2.37853885,-0.03559142,-0.89735609,-0.17990787,-0.88410962,-0.57263684,0.12892725,0.30523974
4,0.480000,foot,4,-0.09195107,0.17072967,-0.44296926,0.33101210,0.27905554,-0.60552198,-2.54175234,-1.24016023,2.41473174,-0.78934437,-0.83376455,0.73825145,0.94667578,0.45888323,-1.49071801,-1.09130645,-0.17078692,3.13762307,0.87652802,-1.49871612,-0.76966888,-0.78155369
4,0.484000,foot,4,1.11720169,1.76351321,0.12887901,-0.40954909,0.92204201,-0.45070070,-1.75383103,1.12806034,-2.03280425,-1.15349996,-1.15663159,0.82266521,-0.79671854,0.73899066,-0.68051583,2.01630592,1.17933977,-0.88041222,1.09803760,1.23371565,-0.86610126,1.09490728
4,0.488000,foot,4,1.16846943,1.64747047,1.24365389,-0.38523826,-0.64271200,0.81537646,-0.04584955,-0.41681236,0.90336466,-0.96308112,-0.32748151,1.49912214,1.61138678,-0.03166642,0.85381305,-1.81754267,-0.48760620,-2.97567129,-0.64349002,-2.37354136,0.89298373,-0.41270515
4,0.492000,foot,4,-0.44504461,-2.00059199,0.36144024,2.24578977,0.82609737,-1.01072109,-0.07990367,-0.30126333,-0.93434429,-0.15643139,0.70303649,0.79374868,0.16062835,0.62259239,0.33709955,-1.07503486,0.73685533,-0.98394251,0.31600806,0.92191344,0.06424604,-0.45184129
4,0.496000,foot,4,0.62128955,-1.00221610,-0.04869827,-0.18923484,2.61682868,0.17836089,1.08055818,0.51516408,-0.80030835,1.13832831,1.23680294,-0.11224385,-0.89546293,0.04608238,1.98226273,1.41522932,0.10124573,0.15527204,-1.18966353,-1.40125787,0.05498972,-1.16666114
4,0.500000,foot,4,1.00448358,0.07573461,-0.07196469,-0.25368181,-0.41527724,-1.01776803,-1.14109039,0.01774692,1.06665540,0.29556501,-0.17569891,0.35457185,0.96904260,-1.48161435,-0.01174359,-2.06651187,0.17983559,-0.48374453,-0.32344246,1.04252088,0.97403830,1.24164331
4,0.504000,foot,4,1.32023215,-0.46015358,0.34436271,0.53908724,-0.68640709,-0.61625642,1.11569953,-0.95355970,-0.45919210,-0.52888781,0.78508079,-1.03229105,0.35886928,0.54871947,-1.98113561,-1.51378238,-0.01960419,-2.07572031,-0.04902162,1.90327215,-0.30427659,0.30206582
4,0.508000,foot,4,0.58851910,1.51101696,1.84276378,-0.88618255,-1.53817189,-2.03655124,2.00555158,-0.58375990,1.28370762,-1.00744140,1.18983233,-0.31689414,0.55463457,-1.25193429,2.72977328,0.32497054,1.84624660,-0.30543861,-0.36438811,-1.75969923,0.33814090,0.15059371
4,0.512000,foot,4,0.54603279,-0.76523495,2.28592324,-1.55842853,-1.95816147,0.48958591,0.44043988,1.21265614,0.48202938,-0.96428251,0.11233750,0.05870073,-0.68667984,0.44647786,0.73581886,-0.49413237,-1.08612561,0.24666391,0.23079467,-1.01913714,-1.61064780,0.34773746
4,0.516000,foot,4,0.23580833,-1.33033609,-0.61600709,-0.87760627,-0.32586884,-1.40987921,-1.44063449,0.36238703,-0.07327873,0.40520558,-0.17592500,1.62212849,-1.76721478,-0.44074520,-0.28156459,0.86579376,-0.71547532,2.12012744,-0.24047312,-1.98315728,-0.26109815,0.02622681
4,0.520000,foot,4,-0.71269208,0.56618279,-0.34597051,-0.43070522,1.52481449,-1.48461592,-0.59233516,0.23669446,1.49391890,0.94009763,0.71385002,0.16112933,0.27193564,-0.66624695,-1.74591494,0.49728245,0.12564343,1.47093129,0.89623392,0.85289228,-1.21517742,0.12674876
4,0.524000,foot,4,-1.11734116,-1.03907740,0.31488639,-1.79841566,0.94037372,-1.09704566,0.60941112,-0.38905552,-0.53304338,-0.23572558,-0.34513089,-0.47303575,-0.14407994,0.67825681,-1.80609977,-0.22083598,-0.74435145,-0.29727364,-1.95529711,-0.44746581,0.75423145,-0.45517504
4,0.528000,foot,4,0.85530108,0.21044858,2.12356758,-0.87287563,-1.06696415,0.41778091,-0.69375104,-0.72433507,-0.28220317,-0.21874756,-0.56128711,-0.06646484,0.75339127,-0.23207644,0.54398912,-0.14473368,-0.12440341,-0.83593363,1.27487814,0.55034035,1.71456504,0.16303901
4,0.532000,foot,4,2.61696267,1.89195693,-0.66851825,-0.28393927,0.61995047,0.52220297,0.64297259,0.82364184,-1.23037517,0.01298001,-0.48489502,-0.14826681,0.09597307,0.00164898,-1.51002133,0.65818155,-0.29043740,-1.29112184,-1.87964213,0.94523382,0.01741973,1.25443053
4,0.536000,foot,4,-0.09702944,-0.75465041,0.23162588,-1.21480107,-0.32431698,-0.51150781,1.73204350,0.84513277,1.39509904,0.23224188,-0.03481453,0.88803852,0.95630026,-0.36691847,0.47362652,2.30130315,-2.35695648,1.22489619,0.73856163,0.92650199,1.31011152,-0.66452950
4,0.540000,foot,4,-0.66200197,-0.35392717,1.11597931,-0.93840581,-0.29959765,0.18197921,0.53685308,1.58275902,0.28684092,0.84596324,0.35911432,-0.43620339,-0.39864734,-0.67321020,1.99423277,-0.56603968,-0.54117507,-0.53810465,0.84165549,0.58403903,-1.05358338,0.31554297
4,0.544000,foot,4,-0.10025548,-0.35814330,-0.21916175,-0.68440109,-0.68036246,1.33107722,0.68861747,0.66738921,0.32636285,2.59310579,0.13448614,0.07132933,-0.68584067,-1.99317694,0.81031901,-0.48588529,0.98549581,0.25498369,0.37779325,0.01003060,-1.02134514,1.73601270
4,0.548000,foot,4,-1.02841675,0.10513658,0.13838091,-0.05111327,-0.45174673,-0.91023028,0.49294508,-1.00563657,0.73701370,-0.53989977,0.76385713,-0.64117914,0.58561569,2.15323329,-1.12089431,-0.79896569,0.74345666,0.21925063,-0.52873099,-0.42705667,0.25930482,0.71854305
4,0.552000,foot,4,-0.14021102,0.46548674,-0.29510540,0.62534475,-0.30874714,0.37723798,1.02717233,0.83885914,0.71100134,1.30927026,0.59511358,-0.60874319,-1.93901408,-0.25316218,2.19994402,1.57401681,0.28790146,-1.36579049,-1.07545269,0.47335520,1.78247893,-0.78554869
4,0.556000,foot,4,1.14509809,-0.68674231,-0.07658838,0.96771854,-2.15675449,0.58733416,0.16913736,0.98762035,-0.52441853,-0.16355416,-2.30333233,-1.16661108,0.64744055,2.21186042,0.40755516,0.06746766,0.05946195,0.65986556,-0.58681780,1.37067342,0.81218326,-0.33270541
4,0.560000,foot,4,0.07267256,0.84110826,-1.38043702,-1.23061812,-0.94940937,0.83173037,2.32595944,0.26445216,-1.18694317,0.88881642,0.69710070,-0.17473595,-2.04969954,0.00939894,0.84831733,1.20253241,1.24236214,0.43106049,-0.09697524,-0.74438483,-0.76605296,-0.21518758
4,0.564000,foot,4,-0.17538644,0.27530956,-0.10686094,-1.05041683,-1.21726489,0.59395897,0.81144613,0.45835039,-1.00814271,0.43337792,-0.89414817,-0.50858206,-2.65990663,0.83285570,1.70556295,1.49976170,-1.08004975,-1.34768546,-0.09733617,-0.14465344,-1.02204847,0.07116023
4,0.568000,foot,4,0.66130251,0.03617914,-1.88657486,0.52406043,-0.41481915,0.26469898,-1.40884578,-1.38478732,-0.67636204,0.08877952,0.09494160,-0.26785022,0.34325740,0.53601211,-1.25217187,-0.39828277,-0.43887344,1.48015392,1.13061631,-0.69895488,-1.13999796,-1.03227282
4,0.572000,foot,4,-0.86201227,-0.95630938,-1.60601020,0.02051052,-0.28708115,0.13433038,0.02867498,-0.60896897,0.38268328,0.67924917,-0.48155931,0.69065237,-0.36408529,-0.84511131,1.22353327,1.81634951,-1.01783824,-0.28882572,-0.36094850,0.26709455,-1.71888041,-0.18370791
4,0.576000,foot,4,0.83039278,-1.16753745,0.57192004,0.32474095,-0.25928828,0.16666506,-1.39335001,0.20681590,-0.89254147,0.58431232,0.14765248,-0.61964512,-0.83064598,-1.12169588,1.22625422,-0.02756239,1.06428027,-0.50005192,-0.98446292,1.28489387,-1.36216974,-0.29654008
4,0.580000,foot,4,0.35015765,0.95349973,-0.05394650,1.12041295,-0.62417626,0.88361055,0.83616394,-0.05766267,0.42286670,-0.10127637,0.46792457,-1.18501890,-0.30691493,0.51255560,1.03259671,0.34214219,-1.57949710,-1.94745016,-0.14809060,-0.76058769,0.60486865,-1.36574435
4,0.584000,foot,4,-1.16696680,1.24248755,-0.83818620,1.08469260,0.11118469,-1.76554668,0.55448103,-0.35045314,-0.93676090,-1.06726313,-0.14163886,-0.77137673,-0.37000841,-0.83602083,-0.99900341,0.63660681,-2.25915265,1.28116775,0.77973443,0.08499394,0.85148865,0.48515147
4,0.588000,foot,4,-0.34896439,-2.65125704,1.02325082,0.00341425,0.61312199,-0.06810652,1.61566591,-0.00821159,-0.47369069,-0.49319410,-0.10077306,0.63233584,-1.79184079,-0.36660203,0.16808228,1.72607267,-0.77133322,-0.29589280,0.04920057,1.15498424,-0.10430337,0.02256806
4,0.592000,foot,4,0.21739735,0.27222037,0.30952257,0.99578327,-0.20682564,-0.78005183,-1.24760246,-0.22541006,-1.05770135,-1.56559277,0.68681753,-0.02079525,-0.33898413,-1.42335892,1.71185482,-1.21249640,-0.42130625,0.03969932,0.03497181,0.28055981,1.56591189,-0.48241544
4,0.596000,foot,4,1.68017232,0.70346820,1.14795363,2.29572892,-0.28399926,-0.42464852,-1.97119403,1.01780355,0.06023465,-1.83108366,1.43091631,0.44588497,-0.94225115,-0.17134501,-2.08849001,0.50358415,-1.44120479,-0.38860852,-1.01741362,1.38078237,-0.42009512,0.22098733
4,0.600000,foot,4,3.46201801,-0.83927387,0.76737833,0.16529323,-1.43599653,-1.65358794,-0.86930192,-0.08396968,1.26757014,-0.00295583,-1.25537896,1.56767666,-2.17346883,-1.60621583,-0.15036757,-0.14388290,0.26874793,0.62785429,0.14850649,-0.57178634,0.11210716,-0.68420917
4,0.604000,foot,4,0.79524332,0.58147764,0.45736778,-0.56425446,-0.07036677,0.95684940,0.35417241,-0.88283736,0.12398065,0.79531646,-2.36688685,0.18238059,-1.34867871,1.01382387,0.13334210,-1.76867115,1.10329640,0.62859672,1.17408061,0.01457025,0.35085168,0.24333446
4,0.608000,foot,4,-0.43143177,0.38644442,1.12824988,-1.28293014,0.54737377,1.53543425,-0.10601873,-0.59513980,0.28535366,-1.12841034,-2.86752605,-0.17445080,-0.36632410,0.60769945,0.45691121,0.81083435,-0.20566252,-0.15073781,1.10642338,0.20019831,0.39278114,0.42106366
4,0.612000,foot,4,1.43104243,-1.93016303,-1.12147629,-0.90003127,1.76954114,-0.48365456,0.26486459,0.28445652,0.21097133,-1.54528320,0.86720675,-0.17766124,-0.61449474,-1.39838839,0.61946189,0.31799060,-0.64793777,-2.04372644,0.59272224,0.52044320,0.19114485,-0.69230920
4,0.616000,foot,4,-1.57419336,-0.51912099,1.40763152,-0.80551529,0.34754366,2.15233469,-1.25876009,-1.09032595,-0.99679130,0.78968102,-0.82688749,-0.87614769,-0.62682062,0.74935263,-0.07334303,-2.08257532,-0.05055474,-1.66388965,1.85988569,-0.50747770,-0.37346900,1.01121974
4,0.620000,foot,4,1.13365614,-0.41857511,-1.35915637,0.77965987,-0.07757351,0.49546036,-0.65095347,0.14551938,-0.82445627,2.10284615,0.93218535,1.30893087,0.69796097,-1.00078952,-1.81361842,-1.13377166,-0.15076998,1.13836253,-0.56889480,-0.31149939,0.17911905,1.63908410
4,0.624000,foot,4,-1.10935724,1.82748175,1.44666588,-1.32383835,0.29812449,0.66515619,-1.31076467,-0.88842237,-1.58238614,-0.59237301,0.94054025,0.20969324,1.91854727,-1.43268490,1.21125078,0.49009374,0.20470992,2.15219665,1.83986843,0.79651415,0.72566909,-1.73399568
4,0.628000,foot,4,0.19583371,-1.35665667,0.18991743,-0.30756730,0.63387883,0.34169263,-1.24157047,-1.44090223,0.49299347,1.39504468,-1.16266978,1.44304442,0.91562372,1.92962408,0.02598914,-1.12056637,-0.91247517,-0.98983920,1.78396535,0.00666601,-0.11384520,-1.28869033
4,0.632000,foot,4,-0.25548548,-0.59275949,2.01903677,0.06902838,-0.08154262,1.07056284,0.23577964,-1.02372134,-1.55815804,1.60445917,-0.29381630,0.19497888,0.43722880,1.47974396,-0.67298353,-1.63448918,0.57470095,-0.06780817,-0.41399711,3.21865368,-1.42967248,0.39815173
4,0.636000,foot,4,0.65369427,0.08552359,0.85567766,-1.56581700,-0.35382667,1.05474067,-0.86370838,0.74937576,0.60935956,-0.92497492,1.48446763,-1.02441001,0.63576293,2.58101749,0.69815445,-3.31672430,0.13948759,1.24067271,-0.03607889,1.19392455,-0.54125828,1.47585261
4,0.640000,foot,4,0.08599180,-0.34696999,-0.19586295,-0.66466582,-1.15407228,-1.18400061,0.33336630,-0.16526133,1.45681381,-0.25166374,1.04863000,0.28468713,-1.07859838,-0.54970223,0.57589370,1.10418439,-0.35995403,0.90589410,0.47954378,1.73747182,0.23016675,0.15357977
4,0.644000,foot,4,-1.12143195,0.66974247,1.18264401,0.48238853,-1.76613247,1.64393795,0.16101412,0.17479649,-0.40829250,-0.73661220,0.46547499,1.24854076,-0.34511515,1.29363763,1.27515936,-0.31306851,-1.45298994,1.47208643,-1.81397915,1.15496254,0.16741210,-1.74546576
4,0.648000,foot,4,1.66646266,0.11263330,-1.24936569,-0.16982564,0.23678501,-0.10530215,-1.37449098,-0.01201424,0.71784061,1.11650515,-1.00299287,0.98130602,-0.25236043,-0.47569990,1.18014407,-1.05036223,0.21774998,0.55486202,0.29595521,0.71717095,0.69536030,-2.08988905
4,0.652000,foot,4,1.61786771,0.03514516,1.20088422,-1.80571747,-0.64510858,0.06510565,0.08052286,0.38026497,0.13705394,1.34728372,-1.10896385,-1.15356731,-0.99913764,-0.36268151,-1.01296830,1.42034888,2.21474648,-1.85379171,-0.06216283,-0.98190391,0.31821665,-0.00413044
4,0.656000,foot,4,1.32362235,1.23373735,-1.74158311,-0.69674844,-0.57881159,-0.65239406,-1.21532905,-0.66754121,1.01100659,-0.91260719,-0.25507697,0.89120847,0.16289474,0.84551543,0.06153460,1.37175000,0.96236223,0.45097643,-0.14899385,-0.20777684,-1.14807701,-0.95766836
4,0.660000,foot,4,-1.74657929,0.81039059,-0.28578278,0.59098560,0.10402535,0.68113053,-0.02669709,-1.27000618,1.73573911,-1.04827547,-1.30972326,-0.12870888,-0.66003621,1.62632036,-0.91187048,-1.14650834,-2.19073081,-0.95824349,-1.76487696,0.64487487,0.78675693,0.69293267
4,0.664000,foot,4,1.88262904,0.17068429,-1.07008576,-0.54670161,0.23719648,0.51453847,-1.63457870,-1.37486291,1.72987235,0.66434783,0.35638118,0.21673188,-0.57194519,-0.25991574,-0.42600042,-1.42691767,-2.03189325,-0.62446606,-1.65205646,-0.64444882,-0.69003755,1.07792115
4,0.668000,foot,4,0.21901371,-0.60207492,0.56351316,1.01618695,-0.60888147,1.07242680,0.47916308,0.27204919,-0.02403541,0.32971683,0.16287763,-0.18522547,-1.01002300,-0.42288521,-0.38950923,-0.78307217,-2.26788616,-0.94832867,-1.35158610,1.96733284,0.12383796,-0.13289058
4,0.672000,foot,4,0.19494407,0.48307541,0.01215318,-0.22671141,-0.29734620,1.15221119,-1.15494239,0.15910107,-0.52977109,0.13384458,-0.71046162,1.17961478,1.99494827,1.04420805,2.08099341,-1.69123733,-0.55490363,-0.00781670,2.81980228,0.54860532,-1.69192743,1.26590431
4,0.676000,foot,4,0.32281789,0.61180949,-0.05859169,1.44169784,-0.48822185,1.38685930,-1.41631472,-1.26832736,2.37402105,0.61787981,1.34566498,1.02299154,0.18287466,0.61829966,0.87655199,-1.01737559,0.05101019,-1.21866214,0.40139988,0.47643602,0.62953836,2.18217731
4,0.680000,foot,4,-1.67030859,0.07173860,2.39192390,-0.13251175,0.56942415,-0.14113262,-0.11142127,0.83883309,-0.76733118,1.32889068,-0.65826964,-0.46505934,-1.77870333,-0.44916248,-0.32798702,-0.70379859,-0.55198795,1.09469068,-0.03317797,-1.16542637,-0.40306088,0.91471058
4,0.684000,foot,4,0.22146472,0.75154537,1.19389248,0.25259134,0.24385211,-0.81560928,-1.52306557,1.00795639,-0.44890687,-1.88170457,-0.76925170,-0.32927194,0.27498883,0.93038976,-1.80490482,-0.65008122,-0.77831495,-0.59119296,1.52810705,0.46788239,-0.04809665,0.73807257
4,0.688000,foot,4,-0.89739621,0.02193458,1.66435647,-0.29847851,-1.31298459,-0.43272343,1.56183815,1.04810917,-0.93478382,0.48786131,-0.13778789,-1.32051754,1.29414666,1.22532511,-1.07774699,-0.28316700,0.57992840,-0.37295750,-0.67424780,0.15838313,0.08323915,-1.31771863
4,0.692000,foot,4,0.19670431,1.12145519,-1.85185790,-0.10712430,-0.41746721,-0.76762682,1.77671969,0.25387436,0.33972514,-0.37662256,-2.71674275,0.85130644,1.23794365,-0.17194563,0.71867669,0.58156163,0.00071845,-0.04511898,-1.48369992,0.75338668,1.51943350,0.11833785
4,0.696000,foot,4,-0.68031013,0.65219694,0.10085766,0.26863936,-0.93274325,0.29812780,0.10952966,-0.91835618,0.52127624,-0.33391884,-0.07755511,-0.08049180,-0.49718648,-1.62416577,-1.80763626,-0.98858440,-1.91820264,1.53787911,-1.28807104,-0.84628415,0.85651505,-0.94948220
4,0.700000,foot,4,0.42951766,0.16220966,1.69428611,-1.37461603,-0.43831614,-0.07518426,0.71525741,0.57157832,-1.15582407,-0.03918383,-0.08545706,-2.43194699,0.08122601,-1.43832195,0.56898296,0.27696419,0.03908664,-0.28600505,0.74657506,1.11349165,-0.75350380,-0.88336140
4,0.704000,foot,4,0.92476171,-0.62592602,1.01380920,-1.09980917,-1.12375712,-1.22369349,-1.25779068,0.77981985,0.94393301,-0.27938122,-0.37015572,-0.48969296,-0.11171029,-0.23834552,-1.82247329,2.56839466,0.47597158,0.44482157,-0.08566297,-0.34099692,0.49467546,1.20567799
4,0.708000,foot,4,-0.45702127,0.24480423,0.75398916,-0.01867376,0.93279296,0.37542468,0.33713725,1.04794061,-1.53497517,0.47522029,-1.20465863,1.15394533,-1.57643580,1.27467704,0.91048497,0.77859938,-0.56366718,-0.19072206,-2.47693110,1.44435167,-0.08771524,-1.52548885
4,0.712000,foot,4,-1.95137739,0.14443980,0.58804500,-1.17767417,-0.68183196,1.89088035,-1.05131972,0.80052626,0.09860100,-1.53304601,0.08241250,-1.13555479,-1.18068421,0.89572912,-1.63559961,0.57647026,3.18196654,0.63968998,-0.60093039,-0.64625591,0.57193047,-0.65202296
4,0.716000,foot,4,-0.47892004,1.07077849,-0.55668330,0.19901319,0.31113768,1.29008651,0.35665429,-0.81756306,0.38632777,-0.24445403,-0.71346956,-1.14302325,-1.65742338,0.65152925,-0.11721618,-0.10202073,0.28906035,-0.33581814,-0.95773929,-0.52007240,-0.36384425,1.04676223
4,0.720000,foot,4,-0.88956958,-0.80967814,0.57069254,0.11879538,1.17838442,1.15840507,2.11736417,-0.11164300,0.12933317,-0.54342067,0.23536125,-1.65809345,-1.74010551,-1.22646248,0.47977716,3.27199888,-0.61075258,-1.51229680,-0.99028748,0.50698465,0.27495122,1.42610717
4,0.724000,foot,4,0.60162878,-0.48898783,-0.20710579,0.09970374,1.36579883,0.27891561,-0.99131268,0.16766204,-0.44395131,0.74654597,0.49927512,-0.21938150,-0.42855802,-0.49800479,0.58574116,-0.81274617,-0.20952705,1.39138210,0.93984932,-0.54964429,1.44641161,-0.87350148
4,0.728000,foot,4,-0.19566804,2.39376211,0.14761841,1.07009792,-0.61561656,0.78587610,0.07987975,-0.00379546,-0.48823124,-0.04127993,1.38723922,-2.18836927,0.59246659,0.99844420,1.65441954,0.85288930,-0.06455681,1.01275527,-0.46889353,0.76782596,1.69174027,-0.95864582
4,0.732000,foot,4,-0.00269599,0.43835387,-0.19218215,-1.00313926,-0.11312807,-0.25814325,-0.29154697,0.05110843,-0.34687385,-0.37360212,-0.02887442,0.08661716,-0.73689377,0.11579470,-1.14000046,0.55380934,0.11524560,-1.55693889,-0.43229315,-0.16394414,-0.01851542,0.41209409
4,0.736000,foot,4,-0.84893924,-0.02068195,-0.84566617,-1.05790722,2.03510356,-1.58260965,-1.04563546,-0.21344960,2.34841633,-0.59933710,0.20261349,0.18232782,2.38039851,-0.35236493,-0.66897291,-0.79860419,0.56374097,0.94327408,1.74225187,0.07315424,1.90779150,0.51313365
4,0.740000,foot,4,-1.78540838,-0.14023390,0.79870093,-1.40198970,1.50254452,1.18641984,-1.24127412,-0.76901484,-0.86451685,1.96875417,-1.79409671,0.68536550,0.03326601,-1.70723629,-0.99362266,-0.58122814,-0.66731548,0.65483993,-1.27153134,-0.37747449,0.68055278,-1.01423824
4,0.744000,foot,4,1.76600182,-0.94386113,-1.80522835,-0.31075326,-0.69643390,1.31972551,-1.29808831,-0.47764224,0.94767755,0.77613658,0.57604516,-0.98818338,-0.34105575,-3.00324202,-2.04148173,-1.17421782,-0.90494275,-1.68220246,-2.34104419,0.31791666,1.21699321,0.02310598
4,0.748000,foot,4,-0.12732480,0.50868821,-0.46187118,-0.00174154,-0.39621311,2.91113639,1.57852089,-0.21622935,-0.28740492,0.55304313,-1.91580570,0.98083091,-0.21449740,-2.28329206,2.19476128,-1.55588961,-0.50251490,0.69061744,0.39480403,1.49406469,-2.73130989,0.04153754
4,0.752000,foot,4,1.84551167,0.68873137,0.71423954,2.45372224,-0.13651814,-0.78384382,0.81889379,0.99681550,-0.59179014,0.28326893,-1.17273045,-1.41702640,-0.88663280,0.51824629,-0.12321678,-0.47935292,0.32496881,-0.23799974,-0.83424008,-0.76626110,-1.46356010,-0.79553139
4,0.756000,foot,4,2.05351853,-0.79961300,0.04910689,-1.30354643,0.41944087,0.33368295,-1.86029339,1.26153183,-0.96796536,-0.15002000,-0.09151456,-0.54816020,0.74412060,0.11475565,-0.47971672,-0.49284333,-0.40261999,-1.40310526,0.88990527,-0.85559279,0.82366544,0.86171693
4,0.760000,foot,4,-0.53935438,0.67637962,-0.40514138,-0.08109590,-0.67295229,0.78618431,0.76864773,0.01843958,2.27075863,1.00603974,0.16288701,0.41979283,0.03142116,1.84370756,-0.36625350,-0.37888753,1.80879557,-0.02692137,-0.20926744,-0.18275303,1.34034228,0.27287266
4,0.764000,foot,4,1.05582106,-0.06054271,1.49055111,0.31943467,-1.60893011,-0.44349563,-1.38727677,-1.19398391,-0.87684536,1.17744493,1.23354447,0.67270410,-0.05551950,0.42433739,0.27562633,-1.30087185,0.67716664,1.77441692,-1.54390156,0.67631227,0.02969239,0.04581445
4,0.768000,foot,4,-0.27178246,-0.09144396,0.32133275,-2.03386831,-0.00239063,-1.20770967,0.28514791,1.65123308,1.28156483,-1.97532356,-0.18561651,0.83296621,0.76775116,-0.22018306,0.90829861,-1.13932848,-1.49134338,-0.70265418,-2.47013688,0.43423691,0.10613570,0.92188865
4,0.772000,foot,4,-0.13273245,0.99882758,-0.20805797,-1.56606436,0.56103742,-1.65449858,-0.68990892,0.93929029,-1.05998945,-0.42847255,-0.25033882,0.80220222,0.61435872,0.85289270,-0.06812848,-0.18940744,-0.18081735,-0.47812596,-0.14469111,0.41883954,0.50483418,-1.46881795
4,0.776000,foot,4,-0.98148507,-1.45699799,-0.19142430,0.82037252,-0.61467576,-0.44613805,-1.32648551,0.19946459,1.56904006,0.11736315,-0.28069037,0.29737034,2.64294171,-1.08458769,0.76068389,0.40560552,-1.02895319,1.48230886,-0.45390689,-1.49397051,0.19650532,0.82848519
4,0.780000,foot,4,0.15088975,0.77404135,-1.61799276,1.29064345,0.27201241,1.24290800,-0.46065769,1.83053517,-0.59618515,-0.28787038,-1.04463303,-0.57670116,0.44936198,-1.39828598,-1.03017783,0.37465566,-0.80662936,-0.08351129,0.11580272,-1.09503031,0.82320577,-0.71972454
4,0.784000,foot,4,0.73758715,0.17750624,-1.90416050,-0.59291935,-0.61287493,-1.34577537,-0.45353869,0.07257077,-0.32451215,-0.28029871,-0.96085513,-0.05868805,-0.14119241,-1.32140958,-0.35893723,-0.28218189,0.74369001,1.80279672,-0.56067145,-0.47259384,0.79568410,-1.02784562
4,0.788000,foot,4,-0.80857575,0.52868187,0.68653405,0.00730413,1.13762212,0.58846051,-1.45089126,0.40482825,-0.76400405,-0.12043478,0.53332770,-1.89550745,-0.04543431,0.31569189,0.72322839,-0.02548903,-0.00490989,0.87622643,-0.13062280,-0.28389636,-1.60241425,0.84872562
4,0.792000,foot,4,-0.76811886,-0.65465927,-0.73022258,-0.78932732,1.82716918,2.12848711,0.65569341,-0.91008705,-1.42994142,-0.42189530,1.26022863,0.60815084,-0.18787754,0.82596403,-0.81307113,-1.40401649,1.85453451,-0.05291884,0.47947600,-0.80165082,0.58074927,0.66373032
4,0.796000,foot,4,0.01503504,-0.71180141,0.03995448,-2.08808494,0.98695081,0.48679671,0.16980705,0.37885350,0.07571428,0.44805923,2.78152061,-1.14545763,0.47283405,0.15055908,-0.14182520,1.55360711,-0.22746664,0.65254629,-1.12716126,-1.69702697,0.54254943,0.66406482
4,0.800000,foot,4,1.29791760,-1.81071115,0.12710129,-0.16355130,-1.05404961,1.59911430,0.24351139,-2.41453791,-1.88146460,-0.94427353,-0.20771435,1.09166026,-0.49911013,-0.34692168,0.39424244,0.84847784,0.23485905,-0.62367845,-1.40928090,0.08146961,-0.36370337,1.15956438
